dataset/row	baseline output	candidate output	target	baseline AST	candidate AST	target AST	W/T/L transition
mba_flatten:8	0x2 * v0 - 0x4 * (v0 & v1) - 0x3 * ~ v1	-0x2 * ~ (v0 ^ v1) - ~ v1	(-0x1) * 0x2 * ~ (v0 ^ v1) - ~ v1	10	9	11	W→W
mba_flatten:10	0x2 * ~ v1 - 0x4 * (v0 & ~ v1)	-0x2 - 0x4 * (v0 & ~ v1) - 0x2 * v1	0x2 * ~ v0 - 0x2 * (v0 ^ v1)	9	9	11	W→W
mba_flatten:13	(-0x1) * ~ (v0 ^ v1)	0x1 + (v0 ^ v1)	(-0x1) * ~ (v0 ^ v1)	5	5	5	T→T
mba_flatten:17	0x1 - (v1 & ~ v0)	0x1 - v1 + (v1 & v0)	-(v0 | v1) - ~ v0	7	7	8	W→W
mba_flatten:64	(-0x1) * ~ (v0 & v1)	0x1 + (v0 & v1)	(-0x1) * ~ (v0 & v1)	5	5	5	T→T
mba_flatten:73	-~ v0 + (v0 & v1)	0x1 + v0 + (v0 & v1)	0x1 * v0 - ~ (v0 & v1)	7	6	9	W→W
mba_flatten:90	(-0x1) * ~ (v0 ^ v1)	0x1 + (v0 ^ v1)	(-0x1) * ~ (v0 ^ v1)	5	5	5	T→T
mba_flatten:96	0x1 - (v1 & ~ v0)	0x1 - v1 + (v1 & v0)	-~ (v0 & ~ v1) - (v0 ^ v1)	7	7	11	W→W
mba_flatten:102	0x2 * ~ (v0 & v1) - v0	-0x2 - v0 - 0x2 * (v0 & v1)	-v0 + 0x2 * ~ (v0 & v1)	8	8	9	W→W
mba_flatten:104	0x2 * (v0 & ~ v1) - ~ v1	v1 + 0x1 + 0x2 * (v0 & ~ v1)	-~ (v0 ^ v1) + 0x1 * v0	9	8	9	T→W
mba_flatten:140	(-0x1) * ~ (v0 & v1)	0x1 + (v0 & v1)	(-0x1) * ~ (v0 & v1)	5	5	5	T→T
mba_flatten:141	(-0x1) * ~ (v0 | v1)	0x1 + (v0 | v1)	0x1 * v0 - (v0 | ~ v1)	5	5	9	W→W
mba_flatten:145	0x3 * v0 - ~ (v0 & v1)	0x1 + 0x3 * v0 + (v0 & v1)	0x3 * v0 - ~ (v0 & v1)	8	7	9	W→W
mba_flatten:152	0x1 - (v0 & ~ v1)	0x1 - v0 + (v0 & v1)	-(v0 | v1) - ~ v1	7	7	8	W→W
mba_flatten:153	-0x2 - (v0 & ~ v1)	-0x2 - v0 + (v0 & v1)	0x1 * ~ (v0 & ~ v0) + 0x1 * ~ (v0 & ~ v1)	7	7	15	W→W
mba_flatten:155	0x2 * v1 - ~ (v1 & v0)	0x1 + 0x2 * v1 + (v1 & v0)	0x2 * v1 - ~ (v0 & v1)	8	7	9	W→W
mba_flatten:162	-0x2 * v0 - ~ (v0 & v1)	0x1 - 0x2 * v0 + (v0 & v1)	-~ (v0 & v1) - 0x2 * v0	8	7	10	W→W
mba_flatten:166	(-0x1) * ~ (v0 ^ v1)	0x1 + (v0 ^ v1)	(-0x1) * ~ (v0 ^ v1)	5	5	5	T→T
mba_flatten:168	0x2 * ~ v0 + 0x6 * (v0 & v1) - 0x4 * v1	-0x2 - 0x2 * v0 - 0x4 * v1 + 0x6 * (v0 & v1)	0x2 * (v0 | ~ v1) - 0x2 * (v0 ^ v1)	10	10	13	W→W
mba_flatten:171	0x2 * ~ v0 + (v0 & v1)	-0x2 - 0x2 * v0 + (v0 & v1)	0x1 * ~ (v0 & ~ v1) + 0x1 * ~ v0	7	7	12	W→W
mba_flatten:188	(-0x1) * ~ (v0 ^ v1)	0x1 + (v0 ^ v1)	(-0x1) * ~ (v0 ^ v1)	5	5	5	T→T
mba_flatten:193	v1 - ~ v0	0x1 + v0 + v1	-~ (v0 & v1) + 0x1 * (v0 | v1)	5	4	11	W→W
mba_flatten:194	(-0x1) * ~ (v0 & v1)	0x1 + (v0 & v1)	(-0x1) * ~ (v0 & v1)	5	5	5	T→T
mba_flatten:202	0x2 * v1 - (~ v0 | v1)	0x1 + 0x2 * v1 + (v0 & ~ v1)	-~ v1 + 0x1 * (v0 | v1)	8	8	9	W→W
mba_flatten:210	0x2 * (~ v1 | v0) - v0	~ v1 + ~ (v0 ^ v1)	0x1 * ~ (v0 ^ v1) + 0x1 * ~ v1	8	7	11	W→W
mba_flatten:214	-v1 - ~ v0	0x1 + v0 - v1	0x1 * ~ (v0 ^ v1) - 0x2 * ~ (v0 & ~ v1)	6	5	15	W→W
mba_flatten:215	(-0x1) * ~ v0	0x1 + v0	(-0x1) * ~ v0	3	3	3	T→T
mba_flatten:221	(-0x1) * ~ v0	0x1 + v0	(-0x1) * ~ v0	3	3	3	T→T
mba_flatten:242	-0x3 - 0x2 * v1 - (v0 & ~ v1)	-0x3 - 0x2 * v1 - v0 + (v1 & v0)	0x1 * ~ (v0 & ~ v1) + 0x2 * ~ v1	9	9	12	W→W
mba_flatten:249	0x2 * v1 - ~ (v1 & v0)	0x1 + 0x2 * v1 + (v1 & v0)	0x2 * v1 - ~ (v0 & v1)	8	7	9	W→W
mba_flatten:253	(-0x1) * ~ v0	0x1 + v0	(-0x1) * ~ v0	3	3	3	T→T
mba_flatten:276	0x1 - (v1 & ~ v0)	0x1 - v1 + (v1 & v0)	-(v0 | v1) - ~ v0	7	7	8	W→W
mba_flatten:283	(-0x1) * ~ v1	0x1 + v1	(-0x1) * ~ v1	3	3	3	T→T
mba_flatten:284	(-0x1) * ~ v0	0x1 + v0	(-0x1) * ~ v0	3	3	3	T→T
mba_flatten:288	(-0x1) * ~ (v0 ^ v1)	0x1 + (v0 ^ v1)	(-0x1) * ~ (v0 ^ v1)	5	5	5	T→T
mba_flatten:295	(-0x1) * ~ (v0 ^ v1)	0x1 + (v0 ^ v1)	(-0x1) * ~ (v0 ^ v1)	5	5	5	T→T
mba_flatten:296	-0x2 - (v0 & ~ v1)	-0x2 - v0 + (v0 & v1)	0x1 * ~ (v0 & ~ v0) + 0x1 * ~ (v0 & ~ v1)	7	7	15	W→W
mba_flatten:304	(-0x1) * ~ v1	0x1 + v1	(-0x1) * ~ v1	3	3	3	T→T
mba_flatten:307	0x2 * v0 - 0x3 * (v1 & v0) - ~ v1	0x1 + v1 + 0x2 * v0 - 0x3 * (v1 & v0)	0x1 * (v0 ^ v1) - ~ (v0 & ~ v1)	10	9	12	W→W
mba_flatten:319	(-0x1) * ~ v0	0x1 + v0	(-0x1) * ~ v0	3	3	3	T→T
mba_flatten:322	0x2 * (v0 & ~ v1) - ~ v1	v1 + 0x1 + 0x2 * (v0 & ~ v1)	-~ (v0 ^ v1) + 0x1 * v0	9	8	9	T→W
mba_flatten:341	(-0x1) * ~ v0	0x1 + v0	(-0x1) * ~ v0	3	3	3	T→T
mba_flatten:347	(-0x1) * ~ v1	0x1 + v1	(-0x1) * ~ v1	3	3	3	T→T
mba_flatten:352	(-0x1) * ~ (v0 ^ v1)	0x1 + (v0 ^ v1)	(-0x1) * ~ (v0 ^ v1)	5	5	5	T→T
mba_flatten:363	(-0x1) * ~ (v0 ^ v1)	0x1 + (v0 ^ v1)	(-0x1) * ~ (v0 ^ v1)	5	5	5	T→T
mba_flatten:369	0x2 * (v0 & v1) + 0x3 * ~ v1 - v0	~ (v0 ^ v1) + 0x2 * ~ v1	0x1 * ~ (v0 ^ v1) + 0x2 * ~ v1	10	8	11	W→W
mba_flatten:375	(-0x1) * ~ (v0 ^ v1)	0x1 + (v0 ^ v1)	(-0x1) * ~ (v0 ^ v1)	5	5	5	T→T
mba_flatten:381	v1 - ~ v0	0x1 + v0 + v1	-~ v0 + 0x1 * v1	5	4	7	W→W
mba_flatten:384	-0x3 * ~ v1 - 0x2 * (v1 & v0)	0x3 + 0x3 * v1 - 0x2 * (v1 & v0)	(-0x1) * 0x2 * (v0 | ~ v1) - ~ v1	8	8	11	W→W
mba_flatten:386	(-0x1) * ~ v0	0x1 + v0	(-0x1) * ~ v0	3	3	3	T→T
mba_flatten:394	0x5 * ~ v0 + 0xa * (v0 & v1) - 0x4 * v1	-0x5 - 0x5 * v0 - 0x4 * v1 + 0xa * (v0 & v1)	0x5 * ~ (v0 ^ v1) + 0x1 * v1	10	10	10	T→T
mba_flatten:395	(-0x1) * ~ (v0 & v1)	0x1 + (v0 & v1)	(-0x1) * ~ (v0 & v1)	5	5	5	T→T
mba_flatten:396	0x3 * v0 - ~ (v0 & v1)	0x1 + 0x3 * v0 + (v0 & v1)	0x3 * v0 - ~ (v0 & v1)	8	7	9	W→W
mba_flatten:405	(-0x1) * ~ (v0 ^ v1)	0x1 + (v0 ^ v1)	(-0x1) * ~ (v0 ^ v1)	5	5	5	T→T
mba_flatten:411	0x2 * v1 - ~ v0	0x1 + v0 + 0x2 * v1	-~ v0 + 0x2 * v1	6	5	7	W→W
mba_flatten:412	v1 - 0x2 - (v0 & ~ v1)	-0x2 + v1 - v0 + (v1 & v0)	0x1 * (v0 | v1) + 0x2 * ~ (v0 & ~ v1)	8	8	13	W→W
mba_flatten:414	0x2 * v0 - 0x6 * (v0 & v1) - 0x3 * ~ v1	0x3 + 0x2 * v0 + 0x3 * v1 - 0x6 * (v0 & v1)	-v0 - 0x3 * ~ (v0 ^ v1)	10	10	10	T→T
mba_flatten:420	-0x2 * ~ v1 - (v1 & v0)	0x2 + 0x2 * v1 - (v1 & v0)	-~ v1 - (v0 | ~ v1)	8	8	9	W→W
mba_flatten:422	(-0x1) * ~ v1	0x1 + v1	(-0x1) * ~ v1	3	3	3	T→T
mba_flatten:424	0x2 * ~ v1 + 0x3 * (v0 & v1) - v0	-0x2 - v0 - 0x2 * v1 + 0x3 * (v0 & v1)	0x1 * (v0 | ~ v1) + 0x1 * ~ (v0 ^ v1)	10	10	13	W→W
mba_flatten:427	0x1 - (v0 & ~ v1)	0x1 - v0 + (v0 & v1)	-(v0 | v1) - ~ v1	7	7	8	W→W
mba_flatten:436	0x2 * (v1 & ~ v0) - ~ v0	v0 + 0x1 + 0x2 * (v1 & ~ v0)	-~ v1 + 0x1 * (v0 ^ v1)	9	8	9	T→W
mba_flatten:437	0x2 * ~ v0 + 0x3 * (v0 & v1) - v1	-0x2 - 0x2 * v0 - v1 + 0x3 * (v0 & v1)	0x1 * ~ (v0 & ~ v1) + 0x1 * ~ (v0 ^ v1)	10	10	14	W→W
mba_flatten:441	0x2 * (v0 & v1) + 0x4 * ~ v1	-0x4 - 0x4 * v1 + 0x2 * (v0 & v1)	0x2 * ~ v1 + 0x2 * (v0 | ~ v1)	8	8	11	W→W
mba_flatten:443	0x2 * (v0 & v1) + 0x3 * ~ v1	-0x3 - 0x3 * v1 + 0x2 * (v0 & v1)	0x1 * ~ v1 + 0x2 * (v0 | ~ v1)	8	8	11	W→W
mba_flatten:446	0x1 - (v0 & ~ v1)	0x1 - v0 + (v0 & v1)	-~ v1 - (v0 | v1)	7	7	8	W→W
mba_flatten:456	(-0x1) * ~ (v0 & v1)	0x1 + (v0 & v1)	(-0x1) * ~ (v0 & v1)	5	5	5	T→T
mba_flatten:460	-0x2 - (v1 & ~ v0)	-0x2 - v1 + (v1 & v0)	0x1 * ~ (v0 & ~ v0) + 0x1 * (v0 | ~ v1)	7	7	14	W→W
mba_flatten:461	0x3 * v1 - (v0 & ~ v1)	0x3 * v1 - v0 + (v1 & v0)	0x4 * v1 - (v0 | v1)	8	8	8	T→T
mba_flatten:468	(-0x1) * ~ (v0 ^ v1)	0x1 + (v0 ^ v1)	(-0x1) * ~ (v0 ^ v1)	5	5	5	T→T
mba_flatten:469	0x2 * (v1 & ~ v0) - ~ v0	v0 + 0x1 + 0x2 * (v1 & ~ v0)	-(v0 | ~ v1) + 0x1 * (v0 | v1)	9	8	11	W→W
mba_flatten:475	0x3 * v1 - (v0 & ~ v1)	0x3 * v1 - v0 + (v1 & v0)	0x4 * v1 - (v0 | v1)	8	8	8	T→T
mba_flatten:476	-0x2 * ~ (v0 & v1) - v0	0x2 - v0 + 0x2 * (v0 & v1)	(-0x1) * 0x2 * ~ (v0 & v1) - v0	8	8	10	W→W
mba_flatten:480	0x2 * ~ v0 + (v0 & v1)	-0x2 - 0x2 * v0 + (v0 & v1)	0x1 * ~ (v0 & ~ v1) + 0x1 * ~ v0	7	7	12	W→W
mba_flatten:491	-0x2 * v0 - (v1 & ~ v0)	-0x2 * v0 - v1 + (v0 & v1)	-v0 - (v0 | v1)	8	8	7	L→L
mba_flatten:494	0x2 * (~ v1 | v0) - v0	~ v1 + ~ (v0 ^ v1)	0x1 * ~ (v0 ^ v1) + 0x1 * ~ v1	8	7	11	W→W
mba_flatten:510	v0 - 0x7 * (v0 & v1) - 0x6 * ~ v1	0x6 + v0 + 0x6 * v1 - 0x7 * (v0 & v1)	(-0x1) * 0x5 * (v0 | ~ v1) - 0x1 * ~ (v0 ^ v1)	9	9	15	W→W
mba_flatten:511	0x6 * v1 - 0x2 * ~ v0	0x2 + 0x2 * v0 + 0x6 * v1	(-0x1) * 0x2 * ~ v0 + 0x6 * v1	6	6	9	W→W
mba_flatten:516	0x7 * ~ v0 + 0xe * (v0 & v1)	-0x7 - 0x7 * v0 + 0xe * (v0 & v1)	0x7 * v1 + 0x7 * ~ (v0 ^ v1)	8	8	10	W→W
mba_flatten:525	0x6 * ~ v0 + 0xd * (v0 & v1) - 0x7 * v1	-0x6 - 0x6 * v0 - 0x7 * v1 + 0xd * (v0 & v1)	(-0x1) * 0x1 * ~ (v0 & ~ v1) + 0x7 * ~ (v0 ^ v1)	10	10	15	W→W
mba_flatten:534	v0 + 0x6 * (v0 & v1) + 0x7 * ~ v1	-0x7 + v0 - 0x7 * v1 + 0x6 * (v0 & v1)	0x1 * (v0 & ~ v1) + 0x7 * (v0 | ~ v1)	9	9	13	W→W
mba_flatten:537	-0x7 * v1 - (~ v0 | v1)	0x1 - 0x7 * v1 + (v0 & ~ v1)	(-0x1) * 0x1 * ~ (v0 & ~ v1) - 0x7 * v1	8	8	13	W→W
mba_flatten:542	0x3 * (v1 & ~ v0) + 0x8 * ~ v0	-0x8 + 0x3 * (v1 & ~ v0) - 0x8 * v0	0xb * ~ v0 - 0x3 * ~ (v0 | v1)	9	9	12	W→W
mba_flatten:554	(v0 & v1) - (v0 & v1 & v2)	v0 & v1 & ~ v2	0x1 * (v0 & v1) - 0x1 * (v0 & v1 & v2)	9	5	14	W→W
mba_flatten:556	0x3 * (~ v1 | v2) + 0x5 * (v0 & v1) - 0x5 * (v0 & v2 & v1) - 0x3 * (v0 | v2)	0x3 * (~ v1 | v2) + 0x5 * (v0 & v1 & ~ v2) - 0x3 * (v0 | v2)	0x2 * ~ (~ v0 | ~ v1 | v2) + 0x3 * ~ (v0 | v1 | v2)	19	16	19	T→W
mba_flatten:561	0x4 * ~ v0 + 0x6 * (v0 & v1) - 0x4 * (v0 & v2 & v1) - 0x4 * (v1 & ~ v2) - 0x2 * (v2 & ~ v0)	-0x4 + 0x4 * (v1 & v2 & ~ v0) + 0x6 * (v0 & v1) - 0x4 * v0 - 0x4 * v1 - 0x2 * (v2 & ~ v0)	0x2 * (v1 ^ ~ v0 & (v1 ^ v2)) + 0x4 * ~ (v0 | v1 | v2)	23	21	19	L→L
mba_flatten:562	(v0 & v1) - (v0 & v1 & v2)	v0 & v1 & ~ v2	0x1 * ~ (~ v0 | ~ v1 | v2)	9	5	10	W→W
mba_flatten:566	~ (v0 ^ v1) + 0x2 * (v0 & v2) - 0x2 * (v0 & v1 & v2)	~ (v0 ^ v1) + 0x2 * (v0 & v2 & ~ v1)	0x1 * (v1 ^ (~ v0 | v1 ^ v2)) + 0x1 * (v0 & (v1 ^ v2))	14	11	18	W→W
mba_flatten:569	0x5 * (v0 & v1) + 0x5 * (v0 & ~ v2) - 0xa * (v1 & ~ v2) - 0x5 * (v0 & v1 & v2)	0x5 * (v0 & v1 & ~ v2) + 0x5 * (v0 & ~ v2) - 0xa * (v1 & ~ v2)	(-0x1) * 0xa * ~ (v0 | ~ v1 | v2) + 0x5 * ~ (~ v0 | v1 | v2)	20	17	20	T→W
mba_flatten:577	0x3 * (v1 & v2 & v0) - 0x3 * (v1 & v2) - 0x2 * ~ v2 + (v1 & ~ v0)	0x2 + 0x2 * v2 - 0x3 * (v1 & v2 & ~ v0) + (v1 & ~ v0)	(-0x1) * 0x1 * ~ (v0 | ~ v1 | v2) - 0x2 * (v2 ^ (v0 | ~ v1))	17	14	20	W→W
mba_flatten:578	0x7 * (v1 & v2) - 0x7 * (v1 & v2 & v0)	0x7 * (v1 & v2 & ~ v0)	0x7 * (~ v0 & v1 & v2)	10	6	8	L→W
mba_flatten:581	0x6 * ~ (v1 ^ v2) - 0x7 * (v1 & v2 & v0)	-0x6 - 0x7 * (v1 & v2 & v0) - 0x6 * (v1 ^ v2)	0x6 * ~ (v1 ^ v2) - 0x7 * (v0 & v1 & v2)	11	11	15	W→W
mba_flatten:582	0x5 * (v0 & v1 & v2) + 0x6 * (v0 | v1) - 0x6 * (~ v2 | v1) - 0x5 * (v0 & v2)	0x6 * (v0 | v1) - 0x6 * (~ v2 | v1) - 0x5 * (v0 & v2 & ~ v1)	(-0x1) * 0x6 * ~ (v0 | v1 | v2) + 0x1 * (v0 & ~ v1 & v2)	19	16	18	L→W
mba_flatten:583	0x2 * (v0 | v2) + 0x6 * (v0 & v1) - 0x6 * (v0 & v1 & v2) - 0x2 * (~ v1 | v2)	0x2 * (v0 | v2) + 0x6 * (v0 & v1 & ~ v2) - 0x2 * (~ v1 | v2)	0x8 * ~ (~ v0 | ~ v1 | v2) - 0x2 * ~ (v0 | v1 | v2)	19	16	20	W→W
mba_flatten:584	0xb * (v0 & v1 & v2) + 0xc * (v2 & ~ v1) - 0xb * (v0 & v2) - (v0 & ~ v1)	0xc * (v2 & ~ v1) - 0xb * (v0 & v2 & ~ v1) - (v0 & ~ v1)	0xc * (~ v0 & ~ v1 & v2) - 0x1 * ~ (~ v0 | v1 | v2)	20	17	20	T→W
mba_flatten:585	0xb * (v1 & v2) - 0xb * (v1 & v2 & v0)	0xb * (v1 & v2 & ~ v0)	0xb * (~ v0 & v1 & v2)	10	6	8	L→W
mba_flatten:588	0x6 * (v2 & ~ (v0 | v1)) - 0xb * ~ (v0 | v1)	0xb + 0x6 * (v2 & ~ (v0 | v1)) + 0xb * (v0 | v1)	0x6 * (~ v0 & ~ v1 & v2) - 0xb * ~ (v0 | v1)	13	13	17	W→W
mba_flatten:589	0x2 * ~ v1 + 0xd * (v0 & v2) + 0x11 * (v2 & v1) - 0xf * v2 - 0xf * (v0 & v2 & v1)	-0x2 - 0xf * v2 + 0xd * (v0 & v2) - 0x2 * v1 + 0x11 * (v2 & v1) - 0xf * (v0 & v2 & v1)	0x2 * (~ (v0 & v1) & ~ (v1 ^ v2)) - 0xd * (~ v0 & ~ v1 & v2)	19	19	22	W→W
mba_flatten:604	-0x6 * (v1 & v2) + 0x6 * (v0 & v1 & v2)	(-0x6) * (v1 & v2 & ~ v0)	(-0x1) * 0x6 * (~ v0 & v1 & v2)	10	6	9	L→W
mba_flatten:606	0x2 * (v0 | v1) + 0x3 * (v0 & v1 & v2) - 0x3 * (v1 & v2) - 0x2 * (~ v2 | v0)	0x2 * (v0 | v1) - 0x3 * (v1 & v2 & ~ v0) - 0x2 * (~ v2 | v0)	(-0x1) * 0x2 * ~ (v0 | v1 | v2) - 0x1 * (~ v0 & v1 & v2)	19	16	19	T→W
mba_flatten:607	0x6 * (v2 & ~ v1) + 0x6 * (v0 ^ v1) + 0x9 * (v0 & v1 & v2) - 0x9 * (v0 & v2)	0x6 * (v2 & ~ v1) + 0x6 * (v0 ^ v1) - 0x9 * (v0 & v2 & ~ v1)	0x6 * (v0 ^ (v1 | v2)) + 0x3 * (v0 & ~ v1 & v2)	19	16	16	L→T
mba_flatten:612	0x6 * (v0 & v1) - 0x7 * (v0 & v1 & v2) - (~ v1 | v2) + (v0 | v2)	0x1 + 0x6 * (v0 & v1) - 0x7 * (v0 & v1 & v2) + (v1 & ~ v2) + (v0 | v2)	0x8 * ~ (~ v0 | ~ v1 | v2) - 0x1 * (v1 ^ ~ (v0 | ~ v1 & v2))	18	18	23	W→W
mba_flatten:613	0x9 * (~ v2 | v1) + 0x12 * (v0 & v2) - 0x12 * (v0 & v1 & v2) - 0x9 * (v0 | v1)	0x9 * (~ v0 ^ ~ v1 & v2) - 0x9 * (v1 & ~ v0)	0x9 * (v0 & ~ v1 & v2) + 0x9 * ~ (v0 | v1 | v2)	19	14	17	L→W
mba_flatten:614	0x3 * (v0 & v1 & v2) - 0x2 * (v0 & v2) - 0x2 * (v1 & v2) - ~ v2 + (v0 | v1)	v2 + 0x1 + 0x3 * (v0 & v1 & v2) - 0x2 * (v0 & v2) - 0x2 * (v1 & v2) + (v0 | v1)	(-0x1) * 0x1 * (~ (v0 & v1) & ~ (v0 ^ v1 ^ v2))	20	19	14	L→L
mba_flatten:616	0x2 * (v0 ^ v1) + 0xb * (v0 & v1 & v2) - 0x7 * (v0 & v2) - 0x4 * (v1 & v2) - 0x2 * ~ v2	0x2 + 0x2 * v2 + 0x2 * (v0 ^ v1) + 0xb * (v0 & v1 & v2) - 0x7 * (v0 & v2) - 0x4 * (v1 & v2)	(-0x1) * 0x2 * (~ (v0 & ~ v1) & ~ (v0 ^ v1 ^ v2)) - 0x5 * (v0 & ~ v1 & v2)	21	21	25	W→W
mba_flatten:617	-0x5 * ~ (v1 | v2) + (v0 & ~ (v1 | v2))	0x5 + 0x5 * (v1 | v2) + (v0 & ~ (v1 | v2))	(-0x1) * 0x5 * ~ (v0 | v1 | v2) - 0x4 * ~ (~ v0 | v1 | v2)	12	12	20	W→W
mba_flatten:618	0x2 * (v0 & v1) - 0x3 * (~ v0 | v2) - 0x2 * (v0 & v1 & v2) - 0x2 * (v1 | v2)	-0x3 * (~ v0 | v2) - 0x2 * (v1 & ~ v0 | v2)	(-0x1) * 0x3 * ~ (v0 | v1 | v2) - 0x5 * (v2 | ~ (v0 | ~ v1))	19	13	20	W→W
mba_flatten:619	0xb * (v0 & ~ (v1 | v2)) - 0xa * ~ (v1 | v2)	0xa + 0xa * (v1 | v2) + 0xb * (v0 & ~ (v1 | v2))	(-0x1) * 0xa * ~ (v0 | v1 | v2) + 0x1 * ~ (~ v0 | v1 | v2)	13	13	19	W→W
mba_flatten:620	0x3 * ~ (v0 | v1) - 0x2 * (v2 & ~ (v0 | v1))	-0x3 - 0x3 * (v0 | v1) - 0x2 * (v2 & ~ (v0 | v1))	0x1 * (~ v0 & ~ v1 & v2) + 0x3 * ~ (v0 | v1 | v2)	13	13	18	W→W
mba_flatten:621	0x3 * (v2 & ~ v1) + 0x4 * (v0 & ~ v1) + 0x7 * (v2 & v0 & v1) - 0x7 * (v2 & v0)	0x3 * (v2 & ~ v1) + 0x4 * (v0 & ~ v1) - 0x7 * (v0 & v2 & ~ v1)	0x3 * (~ v0 & ~ v1 & v2) + 0x4 * ~ (~ v0 | v1 | v2)	20	17	19	L→W
mba_flatten:623	0x4 * (v0 & ~ v1) - 0x2 * ~ (v0 & v1 & v2) - 0x2 * (v0 & v2)	0x2 + 0x4 * (v0 & ~ v1) - 0x2 * (v0 & v2 & ~ v1)	0x4 * ~ (~ v0 | v1 | v2) - 0x2 * ~ (v0 & ~ v1 & v2)	16	13	20	W→W
mba_flatten:626	0x5 * (v0 & v1 & v2) - 0x7 * ~ v2	0x7 + 0x7 * v2 + 0x5 * (v0 & v1 & v2)	(-0x1) * 0x7 * (v2 ^ ~ (v0 & v1 & v2)) + 0xc * (v0 & v1 & v2)	9	9	19	W→W
mba_flatten:629	0x7 * v1 - v0 - 0x6 * (v1 & v0) + 0x8 * (v0 & v2) - 0x8 * (v1 & v0 & v2)	0x7 * v1 + 0x8 * (v0 & v2 & ~ v1) - 0x6 * (v1 & v0) - v0	(-0x1) * 0x1 * ~ (~ v0 | v1 | v2) + 0x7 * (v1 ^ v0 & (v1 | v2))	18	15	20	W→W
mba_flatten:630	(-0x1) * ~ (v2 | v0 | v1)	0x1 + (v2 | v0 | v1)	(-0x1) * 0x1 * ~ (v0 | v1 | v2)	6	6	9	W→W
mba_flatten:633	-0x3 * (v0 & v2) - 0x3 * (v1 & ~ v0) - ~ v0	v0 + 0x1 - 0x3 * (v0 & v2) - 0x3 * (v1 & ~ v0)	(-0x1) * 0x1 * ~ v0 - 0x3 * (v1 ^ v0 & (v1 ^ v2))	13	12	16	W→W
mba_flatten:634	0xb * (v1 & v0) - 0xb * (v1 & v0 & v2) + (v1 & ~ v2)	0xb * (v0 & v1 & ~ v2) + (v1 & ~ v2)	0x1 * ~ (v0 | ~ v1 | v2) + 0xc * ~ (~ v0 | ~ v1 | v2)	14	11	20	W→W
mba_flatten:635	0x3 * (v0 & v2) - 0x3 * (v0 & v2 & v1) - 0x3 * (v2 ^ v1)	0x3 * (v0 & v2 & ~ v1) - 0x3 * (v2 ^ v1)	(-0x1) * 0x3 * (~ (v0 & ~ v1) & (v1 ^ v2))	14	11	12	L→W
mba_flatten:637	0x6 + 0x10 * (v1 & v2) - 0x5 * (v0 & v1 & v2) - 0x5 * (v2 & ~ v0) - 0x5 * (v0 | v1)	0x6 + 0x10 * (v1 & v2) - 0x5 * v1 - 0x5 * (v0 & ~ v1 | v2)	0x5 * ~ (v0 | v1 | v2) - 0xb * ~ (v1 & v2)	20	15	16	L→W
mba_flatten:638	-(v0 & v2) + (v0 & v2 & v1)	(-0x1) * (v0 & v2 & ~ v1)	(-0x1) * 0x1 * (v0 & ~ v1 & v2)	9	6	9	T→W
mba_flatten:639	0x2 * ~ v1 + 0x7 * (v0 & v1) - 0x5 * (v0 & v1 & v2)	-0x2 - 0x2 * v1 + 0x7 * (v0 & v1) - 0x5 * (v0 & v1 & v2)	0x7 * ~ (~ v0 | ~ v1 | v2) + 0x2 * (v1 ^ ~ (v0 & v1 & v2))	13	13	21	W→W
mba_flatten:641	0x6 * (v0 | v1) - 0x6 * (~ v2 | v0) - (v1 & v2) + (v0 & v1 & v2)	0x6 * (v0 | v1) - 0x6 * (~ v2 | v0) - (v1 & v2 & ~ v0)	(-0x1) * 0x6 * ~ (v0 | v1 | v2) + 0x5 * (~ v0 & v1 & v2)	18	16	18	T→W
mba_flatten:643	0x3 * ~ (v1 | v2) + 0x3 * (v0 & v1) + 0x8 * (v0 & v1 & v2)	-0x3 + 0x3 * (v0 & v1) + 0x8 * (v0 & v1 & v2) - 0x3 * (v1 | v2)	0x3 * (v2 ^ (v0 | ~ v1 | v2)) + 0xb * (v0 & v1 & v2)	15	15	18	W→W
mba_flatten:647	-(v0 | v1) - (~ v2 | v1)	0x1 - (v0 | v1) + (v2 & ~ v1)	(-0x1) * 0x2 * ~ (~ v0 & ~ v1 & v2) + 0x1 * (~ v1 & ~ (v0 ^ v2))	10	10	21	W→W
mba_flatten:648	0x2 * (v0 & v2) - 0x2 * (v0 & v2 & v1)	0x2 * (v0 & v2 & ~ v1)	0x2 * (v0 & ~ v1 & v2)	10	6	8	L→W
mba_flatten:650	0x3 * ~ (v2 | v1) + 0x3 * (v0 & v2)	-0x3 + 0x3 * (v0 & v2) - 0x3 * (v2 | v1)	0x3 * (v0 & v2 | ~ (v1 | v2))	10	10	10	T→T
mba_flatten:652	-0x7 * (v0 & v1) + 0x7 * (v0 & v1 & v2)	(-0x7) * (v0 & v1 & ~ v2)	(-0x1) * 0x7 * ~ (~ v0 | ~ v1 | v2)	10	6	11	W→W
mba_flatten:654	0x6 * (v1 & v2) - 0x7 * ~ v0 - 0x6 * (v1 & v2 & v0)	0x7 + 0x6 * (v1 & v2 & ~ v0) + 0x7 * v0	(-0x1) * 0x7 * ~ v0 + 0x6 * (~ v0 & v1 & v2)	13	10	14	W→W
mba_flatten:655	0x3 * (v2 & ~ (v0 | v1)) - 0x4 * ~ (v0 | v1)	0x4 + 0x3 * (v2 & ~ (v0 | v1)) + 0x4 * (v0 | v1)	(-0x1) * 0x4 * ~ (v0 | v1 | v2) - 0x1 * (~ v0 & ~ v1 & v2)	13	13	20	W→W
mba_flatten:656	0xa * (v0 & v2) - 0xa * (v0 & v2 & v1)	0xa * (v0 & v2 & ~ v1)	0xa * (v0 & ~ v1 & v2)	10	6	8	L→W
mba_flatten:658	0x4 * (v0 & v1) + 0x6 * (~ v0 | v2) - 0x6 * (v1 & v2) - 0x4 * (v0 & v1 & v2)	0x4 * (v0 & v1 & ~ v2) + 0x6 * (~ v0 | v2) - 0x6 * (v1 & v2)	(-0x1) * 0x2 * ~ (~ v0 | ~ v1 | v2) + 0x6 * (~ (v0 | v1) | v1 ^ v2)	19	16	22	W→W
mba_flatten:660	-0x6 * (v0 & v1) + 0x6 * (v0 & v1 & v2)	(-0x6) * (v0 & v1 & ~ v2)	(-0x1) * 0x6 * ~ (~ v0 | ~ v1 | v2)	10	6	11	W→W
mba_flatten:662	0x5 + 0x7 * (v0 & v1 & v2) + 0x7 * (v1 & ~ v2) + 0x7 * (v0 | v2) - 0x9 * (v0 & v1)	0x5 + 0x7 * v0 + 0x7 * (v2 & ~ v0 | v1) - 0x9 * (v0 & v1)	0x2 * (v1 ^ (v0 | ~ v1 & v2)) - 0x5 * ~ (v0 | v1 | v2)	20	15	20	T→W
mba_flatten:663	0x7 * ~ (v1 & v0) + 0x9 * (v1 & v2 & v0) - 0x7 * (v2 & ~ v1) - 0x2 * (v2 & v0)	-0x7 + 0x9 * (v1 & v2 & v0) - 0x7 * (v1 & v0) - 0x7 * (v2 & ~ v1) - 0x2 * (v2 & v0)	0x7 * (v0 ^ v1 | ~ (v0 ^ v2)) - 0x9 * (v0 & ~ v1 & v2)	20	20	20	T→T
mba_flatten:668	0x7 * (v0 & ~ v2) + 0x9 * (v1 & v2) - 0x9 * (v0 & v1 & v2) - 0x2 * (v1 & ~ v0)	0x7 * (v0 & ~ v2) + 0x9 * (v1 & v2 & ~ v0) - 0x2 * (v1 & ~ v0)	(-0x1) * 0x9 * ~ (v0 | ~ v1 | v2) + 0x7 * (v1 ^ ~ (~ v0 | v1 ^ v2))	20	17	22	W→W
mba_flatten:670	(v0 & v1) - (v0 & v1 & v2)	v0 & v1 & ~ v2	0x1 * ~ (~ v0 | ~ v1 | v2)	9	5	10	W→W
mba_flatten:672	0x7 * ~ (v2 ^ v0) + 0x7 * (v1 & v0) - 0xe * (v1 & v2 & v0) - 0x4 * (v1 & ~ v2)	0x7 * (~ v2 ^ ~ v1 & v0) - 0x4 * (v1 & ~ v2)	(-0x1) * 0x4 * (v1 & ~ v2) + 0x7 * (v2 ^ ~ (v0 & ~ v1))	20	14	17	L→W
mba_flatten:674	-0x4 * (v2 & ~ (v0 | v1)) - ~ (v0 | v1)	0x1 - 0x4 * (v2 & ~ (v0 | v1)) + (v0 | v1)	(-0x1) * 0x5 * (~ v0 & ~ v1 & v2) - 0x1 * ~ (v0 | v1 | v2)	13	12	20	W→W
mba_flatten:676	0xb * (v0 & v1) - 0xb * (v0 & v2 & v1) - (v0 ^ v2) + (~ v1 | v2)	0xb * (v0 & v1 & ~ v2) - (v0 ^ v2) + (~ v1 | v2)	0x1 * (v2 ^ ~ v0 & (~ v1 | v2)) + 0xa * ~ (~ v0 | ~ v1 | v2)	18	15	22	W→W
mba_flatten:678	0x5 * (v0 & v1 & v2) - 0x2 * (v1 & v2) - (~ v2 | v0) + (v0 | v1)	0x1 + 0x5 * (v0 & v1 & v2) - 0x2 * (v1 & v2) + (v2 & ~ v0) + (v0 | v1)	0x3 * (v0 & v1 & v2) - 0x1 * ~ (v0 | v1 ^ v2)	18	18	17	L→L
mba_flatten:680	0x4 * (v0 & v2) + 0x5 * ~ v0 + 0x6 * (v2 & v1) - 0x6 * (v1 & ~ v0) - 0x5 * v2 - 0x5 * (v0 & v2 & v1)	-0x5 + 0x4 * (v0 & v2) + 0x6 * (v2 & v1) - 0x6 * (v1 & ~ v0) - 0x5 * v0 - 0x5 * v2 - 0x5 * (v0 & v2 & v1)	(-0x1) * 0x1 * ((v0 ^ v1) & ~ (v0 ^ v2)) + 0x5 * ~ (v0 | v1 | v2)	24	24	20	L→L
mba_flatten:681	-0x7 * ~ (v2 | v0 & v1) - 0x7 * (v2 & v0)	0x7 + 0x7 * (v2 | v0 & v1) - 0x7 * (v2 & v0)	(-0x1) * 0x7 * (v0 ^ v1 | ~ (v0 ^ v2)) + 0x7 * (~ v0 & v1 & v2)	12	12	20	W→W
mba_flatten:685	0xc * (v2 & ~ v0) - ~ (v0 & v1 & v2) - (v1 & v2) + (v0 | v1)	0x1 + 0xc * (v2 & ~ v0) + (v1 & ~ v2 | v0)	(-0x1) * 0xc * ~ (v0 | v1 | v2) + 0xb * (~ v0 & (~ v1 | v2))	19	13	19	T→W
mba_flatten:688	0xa * (v0 & v1 & v2) - 0x9 * (v0 & v1) - (~ v1 | v2) + (v0 ^ v2)	0x1 + 0xa * (v0 & v1 & v2) - 0x9 * (v0 & v1) + (v1 & ~ v2) + (v0 ^ v2)	(-0x1) * 0x1 * ((v0 | ~ v1) & ~ (v0 ^ v1 ^ v2)) - 0x7 * ~ (~ v0 | ~ v1 | v2)	18	18	26	W→W
mba_flatten:689	0x8 * (v1 & v2) - 0x9 * (v0 & v1 & v2) - 0x7 * (v1 & ~ v0) - ~ (v0 & v2)	0x1 + 0x8 * (v1 & v2) - 0x9 * (v0 & v1 & v2) - 0x7 * (v1 & ~ v0) + (v0 & v2)	(-0x1) * 0x8 * ~ (v0 | ~ v1 | v2) - 0x1 * (v1 ^ ~ (v0 & (v1 | v2)))	20	19	22	W→W
mba_flatten:690	0x2 * (v0 | v2) - 0x2 * (~ v1 | v2) - (v0 & v1) + (v0 & v1 & v2)	0x2 * (v0 | v2) - 0x2 * (~ v1 | v2) - (v0 & v1 & ~ v2)	(-0x1) * 0x2 * ~ (v0 | v1 | v2) + 0x1 * ~ (~ v0 | ~ v1 | v2)	18	16	20	W→W
mba_flatten:691	0x5 * ~ (v0 & v1) + 0xe * (v0 & v2 & v1) - 0xe * (v2 & v1) - 0x5 * (v2 & ~ v0)	-0x5 - 0xe * (v1 & v2 & ~ v0) - 0x5 * (v0 & v1) - 0x5 * (v2 & ~ v0)	(-0x1) * 0x13 * (~ v0 & v1 & v2) + 0x5 * (v1 ^ ~ (~ v0 & (v1 | v2)))	20	17	21	W→W
mba_flatten:692	0x2 * (v0 & v2) + 0x4 * ~ v0 + 0xa * (v0 & v1) + 0xa * (v2 & v1) - 0x6 * v1 - 0x6 * (v0 & v2 & v1) - 0x4 * v2	-0x4 - 0x4 * v0 - 0x4 * v2 + 0x2 * (v0 & v2) - 0x6 * v1 + 0xa * (v0 & v1) + 0xa * (v2 & v1) - 0x6 * (v0 & v2 & v1)	0x6 * (v1 ^ ~ (v0 | v2)) - 0x2 * (~ (v0 | ~ v1) | ~ (v0 ^ v1 ^ v2))	25	25	24	L→L
mba_flatten:694	0x6 * (v2 & v0) + 0x8 * (v0 & v1) - 0x8 * (v2 & v0 & v1) - 0x7 * v0 - ~ v2	v2 + 0x1 + 0x6 * (v2 & v0) + 0x8 * (v0 & v1 & ~ v2) - 0x7 * v0	(-0x1) * 0x1 * ~ (v0 ^ v2) - 0x8 * ~ (~ v0 | v1 | v2)	19	15	18	L→W
mba_flatten:696	0x3 * (v2 & ~ v0) + 0x5 * (v2 & v0 & v1) - 0x5 * (v2 & v1)	0x3 * (v2 & ~ v0) - 0x5 * (v1 & v2 & ~ v0)	0x3 * (~ v0 & ~ v1 & v2) - 0x2 * (~ v0 & v1 & v2)	15	12	19	W→W
mba_flatten:697	0x9 * (v2 & ~ v1) - 0x8 * (v0 & ~ v1) - (v0 & v2) + (v0 & v1 & v2)	0x9 * (v2 & ~ v1) - 0x8 * (v0 & ~ v1) - (v0 & v2 & ~ v1)	(-0x1) * 0x8 * ~ (~ v0 | v1 | v2) + 0x9 * (~ v0 & ~ v1 & v2)	19	17	20	W→W
mba_flatten:702	0x4 * (v0 & v1 & v2) + 0x6 * (v0 | v1) - 0x6 * (v0 & v2) - 0x4 * (v1 & v2)	0x6 * (v0 | v1) - 0x6 * (v0 & v2) - 0x4 * (v1 & v2 & ~ v0)	0x6 * (v2 ^ (v0 | v1 | v2)) + 0x2 * (~ v0 & v1 & v2)	18	15	18	T→W
mba_flatten:704	0xf * ~ (v0 | v1) - 0x3 * (v2 & ~ (v0 | v1))	-0xf - 0xf * (v0 | v1) - 0x3 * (v2 & ~ (v0 | v1))	0xf * ~ (v0 | v1 | v2) + 0xc * (~ v0 & ~ v1 & v2)	13	13	18	W→W
mba_flatten:706	0xd * v0 + 0x12 * (v1 & v0 & v2) - 0x16 * (v1 & v0) - 0xb * ~ v1 - 0x9 * (v1 & v2)	0xb + 0xb * v1 + 0xd * v0 - 0x16 * (v1 & v0) - 0x9 * (v1 & v2) + 0x12 * (v1 & v0 & v2)	0x2 * (v0 ^ v1 & v2) - 0xb * (v0 ^ (~ v1 | v2))	19	19	17	L→L
mba_flatten:707	0x3 * (v2 & ~ v0) + 0x4 * (v1 & ~ v0) + 0x7 * (v2 & v1 & v0) - 0x7 * (v2 & v1)	0x3 * (v2 & ~ v0) + 0x4 * (v1 & ~ v0) - 0x7 * (v1 & v2 & ~ v0)	0x3 * (~ v0 & ~ v1 & v2) + 0x4 * ~ (v0 | ~ v1 | v2)	20	17	19	L→W
mba_flatten:710	0x6 * (v0 | v1) + 0xc * (v2 & ~ v1) - 0x6 * ~ (v0 & v1 & v2) - 0x6 * (v0 & v2)	0x6 + 0x6 * (v0 & ~ v2 | v1) + 0xc * (v2 & ~ v1)	(-0x1) * 0xc * ~ (v0 | v1 | v2) + 0x6 * (v1 ^ (~ v0 | v1 | v2))	20	14	20	T→W
mba_flatten:711	0x3 * (~ v1 | v0) + 0x7 * (v0 & v1 & v2) - 0x7 * (v1 & v2)	0x3 * (~ v1 | v0) - 0x7 * (v1 & v2 & ~ v0)	(-0x1) * 0xa * (~ v0 & v1 & v2) + 0x3 * (v0 | ~ v1 | v2)	15	12	18	W→W
mba_flatten:716	0x3 * (v0 & v1 & v2) - 0x2 * (v0 & v2) - (~ v2 | v1) + (v0 ^ v1)	0x1 + 0x3 * (v0 & v1 & v2) - 0x2 * (v0 & v2) + (v2 & ~ v1) + (v0 ^ v1)	(-0x1) * 0x1 * ((v0 | ~ v1) & ~ (v0 ^ v1 ^ v2))	18	18	14	L→L
mba_flatten:719	-0x2 * (v0 & v2) + 0x2 * (v0 & v1 & v2)	(-0x2) * (v0 & v2 & ~ v1)	(-0x1) * 0x2 * (v0 & ~ v1 & v2)	10	6	9	L→W
mba_flatten:722	0x7 * (v2 & v1) + 0x12 * (v0 & v1) - 0x7 * (v0 & v2 & v1) - 0x7 * (v0 | v2)	0x12 * (v0 & v1) - 0x7 * (v2 & ~ v1 | v0)	(-0x1) * 0x7 * (v1 ^ (v0 | v1 | v2)) + 0xb * (v0 & v1)	18	12	16	L→W
mba_flatten:723	-0x3 * (v1 & v2) + 0x3 * (v0 & v1 & v2)	(-0x3) * (v1 & v2 & ~ v0)	(-0x1) * 0x3 * (~ v0 & v1 & v2)	10	6	9	L→W
mba_flatten:726	0xa * (v1 & ~ v0) + 0xb * (v1 & v0 & v2) - 0xb * (v1 & v2) - (v0 & v2)	0xa * (v1 & ~ v0) - 0xb * (v1 & v2 & ~ v0) - (v0 & v2)	(-0x1) * 0x1 * (v2 & (v0 | v1)) + 0xa * ~ (v0 | ~ v1 | v2)	19	16	18	L→W
mba_flatten:727	0x5 * (v1 & ~ v0) + 0x7 * v2 + 0xc * (v1 & v2 & v0) - 0xc * (v1 & v2)	0x5 * (v1 & ~ v0) + 0x7 * v2 - 0xc * (v1 & v2 & ~ v0)	0x5 * ~ (v0 | ~ v1 | v2) + 0x7 * (v2 & (v0 | ~ v1))	17	14	18	W→W
mba_flatten:728	0x7 * ~ (v0 & v1 & v2) + 0x7 * (v0 & v1) - 0x7 * (v0 | v2)	0x7 * ~ (v0 & ~ v1 | v2)	(-0x1) * 0x7 * (~ v0 & ~ v1 & v2) + 0x7 * (v0 & v1 ^ ~ (v0 ^ v1 & v2))	15	8	23	W→W
mba_flatten:731	0xc * (v0 & ~ v1) + 0xd * (v0 & v1 & v2) - 0xd * (v0 & v2)	0xc * (v0 & ~ v1) - 0xd * (v0 & v2 & ~ v1)	0xc * ~ (~ v0 | v1 | v2) - 0x1 * (v0 & ~ v1 & v2)	15	12	19	W→W
mba_flatten:737	0x3 * (v0 & ~ (v1 | v2)) - 0x4 * ~ (v1 | v2)	0x4 + 0x3 * (v0 & ~ (v1 | v2)) + 0x4 * (v1 | v2)	(-0x1) * 0x4 * ~ (v0 | v1 | v2) - 0x1 * ~ (~ v0 | v1 | v2)	13	13	20	W→W
mba_flatten:738	-0x2 * (v0 & v2) + 0x2 * (v0 & v1 & v2)	(-0x2) * (v0 & v2 & ~ v1)	(-0x1) * 0x2 * (v0 & ~ v1 & v2)	10	6	9	L→W
mba_flatten:741	0x5 * (v0 & v1 & v2) + 0x9 * (v0 | v1) - 0x9 * (~ v2 | v0) - 0x5 * (v1 & v2)	0x9 * (v0 | v1) - 0x9 * (~ v2 | v0) - 0x5 * (v1 & v2 & ~ v0)	0x4 * (~ v0 & v1 & v2) - 0x9 * ~ (v0 | v1 | v2)	19	16	18	L→W
mba_flatten:742	0xb * ~ (v1 ^ v2) + 0xb * (v0 & v1) - 0x16 * (v0 & v1 & v2)	0xb * (~ v2 ^ ~ v0 & v1)	0xb * (v2 ^ (v0 | ~ v1))	15	8	8	L→T
mba_flatten:743	0x9 * (v0 & v1) - 0x9 * (v2 & v0 & v1) + (v2 & ~ v0)	0x9 * (v0 & v1 & ~ v2) + (v2 & ~ v0)	0x1 * (v2 ^ v0 & (v1 | v2)) + 0x8 * ~ (~ v0 | ~ v1 | v2)	14	11	20	W→W
mba_flatten:749	0x4 * (v1 & ~ v0) - 0x4 * ~ (v0 & v2) - 0x4 * (v1 & v2)	0x4 + 0x4 * (v0 & v2) + 0x4 * (v1 & ~ v0) - 0x4 * (v1 & v2)	(-0x1) * 0x4 * (~ (v0 ^ v1) | v0 ^ v2)	15	15	11	L→L
mba_flatten:751	-~ (v0 | v1) - (v2 & (v0 ^ v1))	0x1 - (v2 & (v0 ^ v1)) + (v0 | v1)	(-0x1) * 0x1 * (v1 & ~ v2 ^ (~ v0 | v1 ^ v2))	12	11	14	W→W
mba_flatten:756	0x2 * (v0 & ~ v1) + 0x2 * (v2 & ~ v1) + 0x9 * (v0 & v2) - 0x9 * (v0 & v2 & v1)	0x2 * (v0 & ~ v1) + 0x2 * (v2 & ~ v1) + 0x9 * (v0 & v2 & ~ v1)	0x2 * (~ v1 & (v0 ^ v2)) + 0xd * (v0 & ~ v1 & v2)	20	17	17	L→T
mba_flatten:757	-0xc * (v0 & v2) + 0xc * (v0 & v1 & v2)	(-0xc) * (v0 & v2 & ~ v1)	(-0x1) * 0xc * (v0 & ~ v1 & v2)	10	6	9	L→W
mba_flatten:758	~ (v0 & v2) + (v0 & v2 & v1)	~ (v0 & v2 & ~ v1)	0x1 * ~ (v0 & ~ v1 & v2)	9	6	9	T→W
mba_flatten:759	0x16 * (v0 | v2) - 0x16 * (v0 & v1) - 0xb * ~ (v0 & v1 & v2)	0xb + 0xb * (v0 & v1 & v2) + 0x16 * (v0 | v2) - 0x16 * (v0 & v1)	(-0x1) * 0xb * (v2 ^ (~ v0 | v1 | v2)) + 0xb * (v1 ^ (v0 | v1 ^ v2))	15	15	21	W→W
mba_flatten:760	-0x2 * (v0 & v2) + 0x2 * (v0 & v1 & v2)	(-0x2) * (v0 & v2 & ~ v1)	(-0x1) * 0x2 * (v0 & ~ v1 & v2)	10	6	9	L→W
mba_flatten:764	-0xa * (v0 & v1) + 0xa * (v0 & v1 & v2)	(-0xa) * (v0 & v1 & ~ v2)	(-0x1) * 0xa * ~ (~ v0 | ~ v1 | v2)	10	6	11	W→W
mba_flatten:770	0x3 * (v0 & v2) - 0xb * (v0 & ~ v1) - 0x3 * (v0 & v2 & v1)	0x3 * (v0 & v2 & ~ v1) - 0xb * (v0 & ~ v1)	(-0x1) * 0x8 * (v0 & ~ v1 & v2) - 0xb * ~ (~ v0 | v1 | v2)	15	12	20	W→W
mba_flatten:771	0x2 * ~ v0 + 0x9 * (v0 & v1 & v2) - 0x9 * (v0 & v1)	-0x2 - 0x9 * (v0 & v1 & ~ v2) - 0x2 * v0	(-0x1) * 0xb * ~ (~ v0 | ~ v1 | v2) + 0x2 * ~ (v0 & (~ v1 | v2))	13	10	21	W→W
mba_flatten:774	-0xb * ~ (v0 ^ v1) - (v0 & v1 & v2) + (v0 & v2)	0xb + 0xb * (v0 ^ v1) + (v0 & v2 & ~ v1)	(-0x1) * 0xb * ~ (v0 ^ v1) + 0x1 * (v0 & ~ v1 & v2)	14	11	16	W→W
mba_flatten:777	-0x7 * (v0 & ~ (v1 | v2)) - 0x5 * ~ (v1 ^ v2)	0x5 + 0x5 * (v1 ^ v2) - 0x7 * (v0 & ~ (v1 | v2))	(-0x1) * 0xc * ~ (~ v0 | v1 | v2) - 0x5 * (~ (v0 & ~ v1) & ~ (v1 ^ v2))	13	13	24	W→W
mba_flatten:778	0x6 * (v2 & v0 & v1) + 0x10 * (v0 & ~ v2) - 0xb * (v0 & v1) - 0x5 * ~ v2	0x5 + 0x5 * v2 + 0x6 * (v2 & v0 & v1) + 0x10 * (v0 & ~ v2) - 0xb * (v0 & v1)	(-0x1) * 0x5 * (v2 ^ (~ v0 | ~ v1 & v2)) + 0xb * ~ (~ v0 | v1 | v2)	18	18	22	W→W
mba_flatten:780	-~ (v0 & v2) - (v2 & v1) + (v0 & ~ v1) + (v2 & ~ (v0 & v1))	v2 + 0x1 - (v0 & v2 & v1) - (v2 & v1) + (v0 & v2) + (v0 & ~ v1)	(-0x1) * 0x1 * (v1 | ~ (v0 ^ v2)) + 0x3 * (v0 & ~ v1 & v2)	20	19	18	L→L
mba_flatten:781	0x3 * (v1 & ~ v2) - (v1 & v0) + (v1 & v2 & v0)	0x3 * (v1 & ~ v2) - (v0 & v1 & ~ v2)	0x2 * ~ (~ v0 | ~ v1 | v2) + 0x3 * ~ (v0 | ~ v1 | v2)	14	12	20	W→W
mba_flatten:782	0x9 * (v0 & ~ v2) - (v0 & v1) + (v0 & v2 & v1)	0x9 * (v0 & ~ v2) - (v0 & v1 & ~ v2)	0x9 * ~ (~ v0 | v1 | v2) + 0x8 * ~ (~ v0 | ~ v1 | v2)	14	12	20	W→W
mba_flatten:784	0xd * (v1 & v2) - 0xd * (v1 & v2 & v0) - (v1 | v0) + (~ v2 | v0)	0xd * (v1 & v2 & ~ v0) - (v1 | v0) + (~ v2 | v0)	0x1 * ~ (v0 | v1 | v2) + 0xc * (~ v0 & v1 & v2)	18	15	17	L→W
mba_flatten:785	0x7 * ~ v1 - 0x7 * (v0 & ~ (v1 & v2))	-0x7 - 0x7 * v0 - 0x7 * v1 + 0x7 * (v0 & v1 & v2)	0x7 * (v1 ^ (~ v0 | v1 & v2)) - 0xe * ~ (~ v0 | ~ v1 | v2)	11	11	22	W→W
mba_flatten:786	0x11 * (v1 & v2) - 0x11 * (v0 & v1 & v2) - 0x9 * (v2 & ~ v0) - 0x8 * (v1 & ~ v0)	0x11 * (v1 & v2 & ~ v0) - 0x9 * (v2 & ~ v0) - 0x8 * (v1 & ~ v0)	(-0x1) * 0x8 * ~ (v0 | ~ v1 | v2) - 0x9 * (~ v0 & ~ v1 & v2)	20	17	21	W→W
mba_flatten:793	0x4 * (v0 & v2) - 0x7 * (~ v2 | v1) - 0x4 * (v0 & v1 & v2) - 0x4 * (v0 | v1)	-0x7 * (~ v2 | v1) - 0x4 * (v0 & ~ v2 | v1)	(-0x1) * 0xb * (v1 | v0 & ~ v2) - 0x7 * ~ (v0 | v1 | v2)	19	13	19	T→W
mba_flatten:795	-0x12 * (v0 & v1) + 0x12 * (v0 & v1 & v2)	(-0x12) * (v0 & v1 & ~ v2)	(-0x1) * 0x12 * ~ (~ v0 | ~ v1 | v2)	10	6	11	W→W
mba_flatten:797	0x4 * (v0 & v2) - 0x4 * (v0 & v2 & v1) - 0x4 * (v0 ^ v1)	0x4 * (v0 & v2 & ~ v1) - 0x4 * (v0 ^ v1)	(-0x1) * 0x4 * (v1 ^ ~ (~ v0 | ~ v1 & v2))	14	11	13	L→W
mba_flatten:801	-0x2 * ~ v0 + ((v1 | v2) & ~ v0)	0x2 + 0x2 * v0 + ((v1 | v2) & ~ v0)	(-0x1) * 0x1 * (~ v0 & (v1 | v2)) - 0x2 * ~ (v0 | v1 | v2)	10	10	19	W→W
mba_flatten:803	0x2 * (v0 & v2) + 0xa * (v0 & v2 & v1) - 0xb * (v2 & v1) - 0xa * ~ v2 - v0	~ (v0 ^ v2) + 0xa * (v0 & v2 & v1) - 0xb * ~ v2 - 0xb * (v2 & v1)	0x1 * (v2 ^ (~ v0 | v1 & v2)) - 0xb * (v2 ^ ~ (~ v0 & v1 & v2))	19	17	23	W→W
mba_flatten:806	0x3 * (v1 & ~ (v0 | v2)) - 0x2 * ~ (v0 | v2)	0x2 + 0x2 * (v0 | v2) + 0x3 * (v1 & ~ (v0 | v2))	(-0x1) * 0x2 * ~ (v0 | v1 | v2) + 0x1 * ~ (v0 | ~ v1 | v2)	13	13	19	W→W
mba_flatten:809	0x4 * (v0 & v2) - 0x4 * (v0 & v2 & v1) - 0x4 * (v0 ^ v1)	0x4 * (v0 & v2 & ~ v1) - 0x4 * (v0 ^ v1)	(-0x1) * 0x4 * (v1 ^ ~ (~ v0 | ~ v1 & v2))	14	11	13	L→W
mba_flatten:810	-0x5 * (v0 & v2) + 0x5 * (v0 & v1 & v2)	(-0x5) * (v0 & v2 & ~ v1)	(-0x1) * 0x5 * (v0 & ~ v1 & v2)	10	6	9	L→W
mba_flatten:811	0x6 * (v1 & v0 & v2) + 0x6 * (v1 & ~ v0) - 0xd * (v1 & v2) - 0x7 * ~ (v0 | v2)	0x7 + 0x6 * (v1 & v0 & v2) + 0x6 * (v1 & ~ v0) + 0x7 * (v0 | v2) - 0xd * (v1 & v2)	(-0x1) * 0x7 * (v0 & v2 ^ ~ (v0 ^ ~ v1 & v2)) + 0x6 * ~ (v0 | ~ v1 | v2)	20	20	24	W→W
mba_flatten:812	-0xd * (v1 & v2) + 0xd * (v0 & v1 & v2)	(-0xd) * (v1 & v2 & ~ v0)	(-0x1) * 0xd * (~ v0 & v1 & v2)	10	6	9	L→W
mba_flatten:813	0x15 * (v0 & v1 & v2) - 0x7 * ~ (v0 ^ v1) - 0x7 * (v0 & v2) - 0x7 * (v1 & v2)	0x7 + 0x7 * (v0 ^ v1) + 0x15 * (v0 & v1 & v2) - 0x7 * (v0 & v2) - 0x7 * (v1 & v2)	(-0x1) * 0x7 * (~ (v0 | v1) | ~ (v0 ^ v1 ^ v2))	19	19	14	L→L
mba_flatten:814	0x6 * (v1 & v2) - 0x6 * (v1 & v2 & v0)	0x6 * (v1 & v2 & ~ v0)	0x6 * (~ v0 & v1 & v2)	10	6	8	L→W
mba_flatten:815	0x2 * ~ (v0 | v1 & v2) + 0x2 * (v0 & v1)	-0x2 + 0x2 * (v0 & v1) - 0x2 * (v0 | v1 & v2)	(-0x1) * 0x2 * (~ v0 & v1 & v2) + 0x2 * ~ (v0 & ~ v1)	12	12	17	W→W
mba_flatten:817	0x2 * (v2 & ~ (v0 | v1)) - 0x7 * ~ (v0 | v1)	0x7 + 0x2 * (v2 & ~ (v0 | v1)) + 0x7 * (v0 | v1)	(-0x1) * 0x7 * ~ (v0 | v1 | v2) - 0x5 * (~ v0 & ~ v1 & v2)	13	13	20	W→W
mba_flatten:818	-0x7 * ~ (v0 & v1) - 0x7 * (v0 & v1 & v2)	(-0x7) * ~ (v0 & v1 & ~ v2)	(-0x1) * 0x7 * (~ v0 | ~ v1 | v2)	11	7	10	L→W
mba_flatten:820	0x7 * ~ (v1 ^ v2) + 0x7 * (v0 & v1) - 0xe * (v0 & v1 & v2)	0x7 * (~ v2 ^ ~ v0 & v1)	0x7 * (v2 ^ (v0 | ~ v1))	15	8	8	L→T
mba_flatten:821	-0x5 + 0x7 * (v0 & v2) - 0x6 * (v0 & v1 & v2) - 0x6 * (v2 & ~ v1) - 0x6 * (v0 | v1)	-0x5 + 0x7 * (v0 & v2) - 0x6 * v0 - 0x6 * (v1 & ~ v0 | v2)	0x6 * ~ (v0 | v1 | v2) - 0x1 * ~ (v0 & v2)	20	15	16	L→W
mba_flatten:825	0x5 * (v0 & v2) - 0x5 * (v0 & v2 & v1)	0x5 * (v0 & v2 & ~ v1)	0x5 * (v0 & ~ v1 & v2)	10	6	8	L→W
mba_flatten:826	0x6 * (~ v2 | v0) + 0x8 * (v0 & v1) - 0x8 * (v0 & v2 & v1) - 0x7 * v0 - 0x7 * (v1 & ~ v2)	0x6 * (~ v2 | v0) + 0x8 * (v0 & v1 & ~ v2) - 0x7 * v0 - 0x7 * (v1 & ~ v2)	0x6 * ~ (v0 | v1 | v2) - 0x1 * ~ (v0 ^ (~ v1 | v2))	22	19	19	L→T
mba_flatten:832	0x2 * (v2 & v1) - 0x3 * (v0 & v2 & v1) - (v1 & ~ v0) - (v0 ^ v2)	0x2 * (v2 & v1) - 0x3 * (v0 & v2 & v1) - v1 - (v0 ^ v2) + (v0 & v1)	(-0x1) * 0x1 * (v0 & v1 | v0 ^ v1 ^ v2)	19	19	12	L→L
mba_flatten:834	0x7 * (v0 | v2) - 0x7 * ~ (v2 & v1) - 0x7 * (v0 & v1) - 0x7 * (v0 & v2 & v1)	0x7 + 0x7 * (v1 & v2 & ~ v0) + 0x7 * (v0 | v2) - 0x7 * (v0 & v1)	(-0x1) * 0x7 * (v1 | ~ (v0 | v2)) + 0xe * (~ v0 & v1 & v2)	19	16	18	L→W
mba_flatten:836	0xe * (v0 & v1) - 0x10 * (v0 & ~ v2) - 0xe * (v0 & v1 & v2)	0xe * (v0 & v1 & ~ v2) - 0x10 * (v0 & ~ v2)	(-0x1) * 0x10 * ~ (~ v0 | v1 | v2) - 0x2 * ~ (~ v0 | ~ v1 | v2)	15	12	22	W→W
mba_flatten:840	0x4 * (v0 | v1) + 0x6 * (v0 & v2) - 0x6 * (v0 & v1 & v2) - 0x4 * (~ v2 | v1)	0x4 * (v0 | v1) + 0x6 * (v0 & v2 & ~ v1) - 0x4 * (~ v2 | v1)	(-0x1) * 0x4 * ~ (v0 | v1 | v2) + 0xa * (v0 & ~ v1 & v2)	19	16	18	L→W
mba_flatten:841	(-0x1) * ~ (v0 & (v1 | v2))	0x1 + (v0 & (v1 | v2))	(-0x1) * 0x1 * ~ (v0 & (v1 | v2))	7	7	9	W→W
mba_flatten:845	0x3 * ~ (v0 & v1 & v2) + 0x6 * (v1 & v2) - 0x3 * (v2 & ~ v0) - 0x3 * (v0 | v1)	-0x3 + 0x6 * (v1 & v2) - 0x3 * v1 - 0x3 * (v0 & ~ v1 | v2)	0x3 * (~ (v0 & ~ v1) & ~ (v1 ^ v2))	20	15	12	L→L
mba_flatten:846	0x5 * (v0 & v1) + 0x7 * (~ v0 | v2) - 0x5 * (v0 & v1 & v2) - 0x5 * (v1 | v2)	0x7 * (~ v0 | v2) - 0x5 * (v1 & ~ v0 | v2)	0x2 * (v2 | ~ (v0 | ~ v1)) + 0x7 * ~ (v0 | v1 | v2)	19	13	18	L→W
mba_flatten:847	0x4 * (v1 | v2) - 0x4 * ~ (v1 & v2 & v0) - 0x4 * (v2 & v0)	(-0x4) * ~ (v2 & ~ v0 | v1)	(-0x1) * 0x4 * (v1 ^ ~ (~ v0 & ~ v1 & v2))	15	8	13	L→W
mba_flatten:851	0x4 * (v2 & ~ v0) + 0x7 * (v0 & v1 & v2) - 0x7 * (v1 & v2) - 0x3 * (v0 & ~ v1)	0x4 * (v2 & ~ v0) - 0x7 * (v1 & v2 & ~ v0) - 0x3 * (v0 & ~ v1)	0x4 * (~ v0 & ~ v1 & v2) - 0x3 * (v1 ^ ~ (~ v0 & (~ v1 | v2)))	20	17	23	W→W
mba_flatten:853	0x2 * (v0 ^ v2) - (v1 & ~ v0) + (v0 & v2 & v1) + (v2 & v1)	0x2 * (v0 ^ v2) - v1 + (v0 & v1) + (v0 & v2 & v1) + (v2 & v1)	0x2 * (v2 ^ ~ (~ v0 | v1 & v2)) - 0x1 * ~ (v0 | ~ v1 | v2)	17	17	22	W→W
mba_flatten:855	0x7 * (v2 & ~ (v0 | v1)) - 0x12 * ~ (v0 | v1)	0x12 + 0x7 * (v2 & ~ (v0 | v1)) + 0x12 * (v0 | v1)	(-0x1) * 0x12 * ~ (v0 | v1 | v2) - 0xb * (~ v0 & ~ v1 & v2)	13	13	20	W→W
mba_flatten:856	(-0x1) * (v0 & ~ (v1 & v2))	-v0 + (v0 & v1 & v2)	(-0x1) * 0x1 * ~ (~ v0 | v1 & v2)	7	7	10	W→W
mba_flatten:857	-0x2 * (v0 & v2) - ~ (v2 & v1) + (v0 & v2 & v1)	0x1 - 0x2 * (v0 & v2) + (v2 & v1) + (v0 & v2 & v1)	(-0x1) * 0x3 * (v0 & ~ v1 & v2) - 0x1 * (~ v2 | ~ (v0 ^ v1))	14	13	20	W→W
mba_flatten:859	0x9 * (v1 & v2) - 0x9 * (v1 & v2 & v0)	0x9 * (v1 & v2 & ~ v0)	0x9 * (~ v0 & v1 & v2)	10	6	8	L→W
mba_flatten:860	0x7 * ~ (v0 & v2 & v1) + 0x7 * (v0 & v2) - 0x7 * (v2 ^ v1)	-0x7 + 0x7 * (v0 & v2 & ~ v1) - 0x7 * (v2 ^ v1)	0x7 * (v0 & ~ v1 | ~ (v1 ^ v2))	15	12	11	L→L
mba_flatten:865	0xa * (v0 & v1) - 0xa * (v0 & v1 & v2)	0xa * (v0 & v1 & ~ v2)	0xa * ~ (~ v0 | ~ v1 | v2)	10	6	10	T→W
mba_flatten:870	0x5 * (v0 & v2 & v1) + 0x7 * ~ (v0 & v1) - 0x5 * (v2 & v1) - 0x2 * (v2 & ~ v0)	-0x7 - 0x7 * (v0 & v1) - 0x5 * (v1 & v2 & ~ v0) - 0x2 * (v2 & ~ v0)	(-0x1) * 0x2 * (~ v0 & ~ v1 & v2) + 0x7 * (v1 ^ (v0 | ~ v1 | v2))	20	17	21	W→W
mba_flatten:871	0x2 * (v1 & v2) - (v1 & v2 & v0) - (v1 & ~ v0) - (v2 & v0)	-v1 + 0x2 * (v1 & v2) + (v1 & v0) - (v2 & v0) - (v1 & v2 & v0)	0x1 * (v2 & ~ (v0 & ~ v1)) - 0x1 * (v2 ^ ~ (v0 | ~ v1))	19	19	20	W→W
mba_flatten:872	0x5 * ~ (v0 & v2 & v1) + 0xa * (v0 & v1) - 0x5 * (v1 & ~ v2) - 0x5 * (v0 | v2)	-0x5 + 0xa * (v0 & v1) - 0x5 * v0 - 0x5 * (v2 & ~ v0 | v1)	0x5 * (v1 ^ ~ (v0 | ~ v1 & v2))	20	15	11	L→L
mba_flatten:874	0xa * (v0 & v2 & v1) + 0xc * (v1 & ~ v0) - 0xa * (v2 & v1) - 0x2 * (v2 & ~ v0)	0xc * (v1 & ~ v0) - 0xa * (v1 & v2 & ~ v0) - 0x2 * (v2 & ~ v0)	(-0x1) * 0x2 * (~ v0 & ~ v1 & v2) + 0xc * ~ (v0 | ~ v1 | v2)	20	17	20	T→W
mba_flatten:877	0x6 * (~ v0 | v2) - 0x6 * (v2 & v1) - (v0 & v2 & v1) + (v0 & v1)	0x6 * (~ v0 | v2) - 0x6 * (v2 & v1) + (v0 & v1 & ~ v2)	0x6 * (v0 & v2 ^ ~ (v0 ^ v1 & v2)) + 0x1 * ~ (~ v0 | ~ v1 | v2)	18	15	23	W→W
mba_flatten:878	0x2 * ~ (v0 & v2) + 0x2 * (v1 & ~ v0) + 0x6 * (v1 & v0 & v2) - 0x2 * (v1 & v2)	-0x2 + 0x2 * (v1 & ~ v0) + 0x6 * (v1 & v0 & v2) - 0x2 * (v0 & v2) - 0x2 * (v1 & v2)	0x2 * (v1 & (v0 | ~ v2)) + 0x2 * ~ (v0 & (v1 ^ v2))	20	20	17	L→L
mba_flatten:880	0x4 * (v0 & v2) - 0x4 * (v0 & v2 & v1)	0x4 * (v0 & v2 & ~ v1)	0x4 * (v0 & ~ v1 & v2)	10	6	8	L→W
mba_flatten:885	0xb * (v1 & v0 & v2) - 0xb * (v1 & v0) - 0x4 * ~ v1	0x4 + 0x4 * v1 - 0xb * (v0 & v1 & ~ v2)	(-0x1) * 0x4 * ~ v1 - 0xb * ~ (~ v0 | ~ v1 | v2)	13	10	17	W→W
mba_flatten:889	0x7 * (v1 & v2) - 0x7 * (v1 & v2 & v0)	0x7 * (v1 & v2 & ~ v0)	0x7 * (~ v0 & v1 & v2)	10	6	8	L→W
mba_flatten:891	-0x5 * (v0 & v2) + 0x5 * (v0 & v1 & v2)	(-0x5) * (v0 & v2 & ~ v1)	(-0x1) * 0x5 * (v0 & ~ v1 & v2)	10	6	9	L→W
mba_flatten:892	0x7 * ~ (v0 ^ v2) - 0x8 * (v1 & ~ (v0 | v2))	-0x7 - 0x8 * (v1 & ~ (v0 | v2)) - 0x7 * (v0 ^ v2)	(-0x1) * 0x1 * ~ (v0 | ~ v1 | v2) + 0x7 * (v2 ^ ~ v0 & (~ v1 | v2))	13	13	22	W→W
mba_flatten:893	-0x4 * (v1 & v2) + 0x4 * (v0 & v1 & v2)	(-0x4) * (v1 & v2 & ~ v0)	(-0x1) * 0x4 * (~ v0 & v1 & v2)	10	6	9	L→W
mba_flatten:897	-0x2 * ~ (v1 | v2) - 0x2 * (v0 & (v1 ^ v2))	0x2 + 0x2 * (v1 | v2) - 0x2 * (v0 & (v1 ^ v2))	(-0x1) * 0x2 * (v1 & v2 ^ ~ (~ v0 & (v1 ^ v2)))	12	12	14	W→W
mba_flatten:899	0x6 * (v0 & v2) - 0x6 * (v0 & v2 & v1)	0x6 * (v0 & v2 & ~ v1)	0x6 * (v0 & ~ v1 & v2)	10	6	8	L→W
mba_flatten:901	0xa * (v1 & ~ v2) + 0xb * (v1 & v0) - 0xb * (v1 & v0 & v2)	0xa * (v1 & ~ v2) + 0xb * (v0 & v1 & ~ v2)	0xa * ~ (v0 | ~ v1 | v2) + 0x15 * ~ (~ v0 | ~ v1 | v2)	15	12	20	W→W
mba_flatten:902	-0x3 * (v2 & v3) + 0x3 * (v0 & v2 & v3) - 0x3 * (v0 & v3 & v1) + 0x3 * (v2 & v3 & v1)	0x3 * (v2 & v3 & v1) - 0x3 * (v0 & v3 & v1) - 0x3 * (v2 & v3 & ~ v0)	(-0x1) * 0x3 * (~ v0 & ~ v1 & v2 & v3) - 0x3 * (v0 & v1 & ~ v2 & v3)	20	17	24	W→W
mba_flatten:904	0x6 * v0 - 0x6 * (v0 & v1) - v2 - 0x5 * (v0 & v2) + (v1 & v2) + 0x5 * (v0 & v1 & v2) - 0x6 * (v0 & v3) + 0x6 * (v0 & v1 & v3) + (v2 & v3) + 0x5 * (v0 & v2 & v3) - (v1 & v2 & v3) - 0x5 * (v0 & v1 & v2 & v3)	0x6 * (v0 & ~ (v1 | v3)) - 0x5 * (v0 & v2 & ~ (v1 | v3)) - v2 + (v2 & (v1 | v3))	0x6 * ~ (~ v0 | v1 | v2 | v3) - 0x1 * ~ (v0 | v1 | ~ v2 | v3)	49	23	24	L→W
mba_flatten:906	0x7 * (v1 & v2) - 0x7 * (v1 & v2 & v0) - 0x7 * (v1 & v2 & v3) + 0xa * (v1 & v0 & v3) - 0x3 * (v1 & v2 & v0 & v3)	0x7 * (v1 & v2 & ~ v0) + 0xa * (v1 & v0 & v3) - 0x7 * (v1 & v2 & v3) - 0x3 * (v1 & v2 & v0 & v3)	0x7 * ~ (v0 | ~ v1 | ~ v2 | v3) + 0xa * (v0 & v1 & ~ v2 & v3)	26	23	23	L→T
mba_flatten:907	v0 + v1 - (v0 & v1) + v2 - (v0 & v2) - (v1 & v2) - 0xb * v3 + 0xa * (v0 & v3) + 0xb * (v1 & v3) - 0xb * (v0 & v1 & v3) + 0xa * (v2 & v3) - 0x9 * (v0 & v2 & v3) - 0xb * (v1 & v2 & v3) + 0xc * (v0 & v1 & v2 & v3)	0xa * (v0 & v3) + 0xa * (v2 & v3) + 0xb * (v1 & v3 & ~ v0) + 0xc * (v0 & v1 & v2 & v3) - 0xb * v3 - 0xb * (v1 & v2 & v3) - 0x9 * (v0 & v2 & v3) - (v1 & v2) + (v2 & ~ v0) + (v0 | v1)	0x1 * ((v0 ^ v1 | v0 ^ v2) & ~ v3 | ~ (v0 ^ v2) & v3) - 0xc * (~ v0 & ~ v1 & ~ v2 & v3)	51	44	33	L→L
mba_flatten:908	0x2 * (v1 & v2 & v3) - 0x2 * (v1 & v2 & v3 & v0)	0x2 * (v1 & v2 & v3 & ~ v0)	0x2 * (~ v0 & v1 & v2 & v3)	12	7	10	L→W
mba_flatten:909	0x2 * (v0 & v2 & (v1 | v3)) + 0x4 * (v0 & ~ (v1 | v3)) - 0x2 * (v0 & v2)	0x4 * (v0 & ~ (v1 | v3)) - 0x2 * (v0 & v2 & ~ (v1 | v3))	0x2 * ~ (~ v0 | v1 | ~ v2 | v3) + 0x4 * ~ (~ v0 | v1 | v2 | v3)	19	16	24	W→W
mba_flatten:910	0x3 * (v0 & v1 & v2) + 0x4 * (v3 & (v0 | v2)) - 0x4 * (v1 & v2 & v3) - 0x4 * (v3 & ~ v1) - 0x3 * (v0 & v1) - (v0 & v1 & v3) + (v0 & v1 & v2 & v3)	0x4 * (v3 & (v0 | v2)) - 0x4 * (v3 & ~ (v1 & ~ v2)) - 0x3 * (v0 & v1 & ~ v2) - (v0 & v1 & v3 & ~ v2)	(-0x1) * 0x4 * (~ v0 & ~ v1 & ~ v2 & v3) - 0x3 * ~ (~ v0 | ~ v1 | v2 | v3)	36	28	27	L→L
mba_flatten:911	-0xb * (v0 & v3) + 0xb * (v0 & v1 & v3) - 0xb * (v0 & v1 & v2) + 0xb * (v0 & v3 & v2)	0xb * (v0 & v3 & v2) - 0xb * (v0 & v1 & v2) - 0xb * (v0 & v3 & ~ v1)	(-0x1) * 0xb * (v0 & ~ v1 & ~ v2 & v3) - 0xb * ~ (~ v0 | ~ v1 | ~ v2 | v3)	20	17	27	W→W
mba_flatten:912	0x6 * v0 + 0x6 * v1 - 0x6 * (v0 & v1) + 0x6 * v3 - 0x6 * (v0 & v3) - 0xc * (v1 & v3) + 0xc * (v0 & v1 & v3) - 0x6 * (v0 & v2) - 0x6 * (v1 & v2) + 0xc * (v0 & v1 & v2) + 0x6 * (v0 & v3 & v2) + 0xc * (v1 & v3 & v2) - 0x12 * (v0 & v1 & v3 & v2)	0x6 * (v1 & ~ (v0 ^ v2)) + 0x6 * (v0 & ~ v2 | v3) + 0xc * (v1 & v3 & v2) - 0x12 * (v0 & v1 & v3 & v2) - 0xc * (v1 & v3 & ~ v0)	0x6 * ((v1 & ~ v2 | ~ (~ v0 | ~ v1 & v2)) & ~ v3 | (v0 | ~ v1 | v2) & v3)	53	32	27	L→L
mba_flatten:914	0x7 + 0x5 * v2 + 0x7 * v0 - 0x5 * (v2 & v0) - 0x5 * (v2 & v1) + 0x5 * (v2 & v0 & v1) + 0x7 * v3 - 0xc * (v2 & v3) - 0x7 * (v0 & v3) + 0xc * (v2 & v0 & v3) + 0xc * (v2 & v1 & v3) - 0x7 * (v0 & v1 & v3) - 0xc * (v2 & v0 & v1 & v3)	0x7 + 0x5 * (v2 & ~ (v0 | v1)) + 0x7 * (v0 | v3) - 0xc * (v2 & v3 & ~ (v0 | v1)) - 0x7 * (v0 & v1 & v3)	(-0x1) * 0x7 * (~ (v0 | ~ v1 & v2) & ~ v3 | (v1 ^ ~ v0 & (v1 | v2)) & v3) - 0x2 * ~ (v0 | v1 | ~ v2 | v3)	50	26	37	L→W
mba_flatten:915	0x2 * (v0 & v2 & v3) - 0x2 * (v0 & v2 & v3 & v1)	0x2 * (v0 & v2 & v3 & ~ v1)	0x2 * (v0 & ~ v1 & v2 & v3)	12	7	10	L→W
mba_flatten:916	0x7 * (v2 & v3 & (v0 | v1)) - 0x7 * (v2 & v3)	(-0x7) * (v2 & v3 & ~ (v0 | v1))	(-0x1) * 0x7 * (~ v0 & ~ v1 & v2 & v3)	12	8	12	T→W
mba_flatten:917	-0x5 * (v0 & v1 & v2 & v3) - (v0 & v1 & v3) - (v1 & v2 & v3) - (v1 & ~ v3) + (v1 & (v0 | v2))	-0x5 * (v0 & v1 & v2 & v3) - v1 - (v0 & v1 & v3) - (v1 & v2 & v3) + (v1 & v3) + (v1 & (v0 | v2))	(-0x1) * 0x6 * (v0 & v1 & v2 & v3) - 0x1 * ~ (v0 | ~ v1 | v2 | v3)	27	27	23	L→L
mba_flatten:918	v0 + v1 + (v0 & v1) + v3 - 0x2 * (v0 & v3) - (v1 & v3) - (v0 & v1 & v3) - (v0 & v2) - (v1 & v2) - (v0 & v1 & v2) + (v0 & v3 & v2) + 0x3 * (v0 & v1 & v3 & v2)	0x3 * (v0 & v1 & v3 & v2) - (v0 & v2 & ~ v3) - (v1 & v2) - (v1 & v3) + (v0 & v1 & ~ v3) + (v1 & ~ (v0 & v2)) + (v0 ^ v3)	0x2 * ~ (~ v0 | ~ v1 | v2 | v3) + 0x1 * ((v2 ^ (v0 | v1 | v2)) & ~ v3 | ~ (v0 ^ v1 & v2) & v3)	43	35	34	L→L
mba_flatten:919	0x6 * (v0 & v1 & v3) - 0x6 * (v0 & v1 & v3 & v2) - (v0 & v3) - (v0 & v1 | v2) + (v0 & v2) + (v0 & v3 & v2)	0x6 * (v0 & v1 & v3 & ~ v2) - (v0 & v3 & ~ v2) - (v0 & v1 | v2) + (v0 & v2)	(-0x1) * 0x1 * ((v2 ^ v0 & (v1 | v2)) & ~ v3 | (v0 ^ v2) & v3) + 0x5 * (v0 & v1 & ~ v2 & v3)	29	23	30	W→W
mba_flatten:922	0x2 * v0 - 0x2 * (v0 & v1) - 0x2 * (v0 & v2) + 0x2 * (v0 & v1 & v2) + 0x7 * v3 - 0x9 * (v0 & v3) - 0x7 * (v1 & v3) + 0x9 * (v0 & v1 & v3) - 0x7 * (v2 & v3) + 0x9 * (v0 & v2 & v3) + 0x7 * (v1 & v2 & v3) - 0x9 * (v0 & v1 & v2 & v3)	0x2 * (v0 & ~ (v1 | v2)) + 0x7 * (v3 & ~ (v1 | v2)) - 0x9 * (v0 & v3 & ~ (v1 | v2))	0x2 * ~ (~ v0 | v1 | v2 | v3) + 0x7 * (~ v0 & ~ v1 & ~ v2 & v3)	51	23	24	L→W
mba_flatten:923	-0x3 * (v2 & v3) + 0x3 * (v0 & v2 & v3) - 0x7 * (v2 & v1) + 0x7 * (v0 & v2 & v1) + 0xa * (v2 & v3 & v1) - 0xa * (v0 & v2 & v3 & v1)	0xa * (v1 & v2 & v3 & ~ v0) - 0x7 * (v1 & v2 & ~ v0) - 0x3 * (v2 & v3 & ~ v0)	(-0x1) * 0x7 * ~ (v0 | ~ v1 | ~ v2 | v3) - 0x3 * (~ v0 & ~ v1 & v2 & v3)	30	20	26	L→W
mba_flatten:924	0x5 * v0 + 0x5 * v1 - 0x5 * (v0 & v1) - 0x5 * (v0 & v2) - 0x5 * (v1 & v2) + 0x5 * (v0 & v1 & v2) - 0x5 * (v0 & v3) - 0x5 * (v1 & v3) + 0x5 * (v0 & v1 & v3) + 0x5 * (v0 & v2 & v3) + 0xa * (v1 & v2 & v3) + (v0 & v1 & v2 & v3)	0x5 * (v0 & v2 & v3) + 0x5 * ((v0 | v1) & ~ v2) + 0xa * (v1 & v2 & v3) - 0x5 * (v3 & (v0 | v1)) + (v0 & v1 & v2 & v3)	0x5 * ((v2 ^ (v0 | v1 | v2)) & ~ v3 | ~ v0 & v1 & v2 & v3) + 0xb * (v0 & v1 & v2 & v3)	50	29	31	L→W
mba_flatten:925	0x2 * (v1 & v0 & v2 & v3) + 0x2 * (v1 & ~ v3) + 0x4 * (v1 & v2 & v3) + 0x6 * (v0 & v3) - 0x6 * (v0 & v2 & v3) - 0x4 * (v1 & v0 & v3) - 0x2 * (v1 & (v0 ^ v2))	0x2 * (v1 & v0 & v2 & v3) + 0x2 * (v1 & ~ v3) + 0x4 * (v1 & v2 & v3) + 0x6 * (v0 & v3 & ~ v2) - 0x4 * (v1 & v0 & v3) - 0x2 * (v1 & (v0 ^ v2))	0x4 * (v0 & ~ v1 & ~ v2 & v3) + 0x2 * (v1 & ~ (v0 ^ v2) & ~ v3 | (v0 | v1) & ~ (v1 ^ v2) & v3)	37	34	34	L→T
mba_flatten:926	0x5 + 0x5 * v0 + 0x5 * v1 - 0x5 * (v0 & v1) + 0x5 * v2 - 0x5 * (v0 & v2) - 0x5 * (v1 & v2) + 0x5 * (v0 & v1 & v2) + 0x5 * v3 - 0x5 * (v0 & v3) - 0x5 * (v1 & v3) + 0x5 * (v0 & v1 & v3) - 0x5 * (v2 & v3) + 0x5 * (v0 & v2 & v3) + 0x5 * (v1 & v2 & v3) - 0xf * (v0 & v1 & v2 & v3)	0x5 + 0x5 * (v0 & v1 & v3) + 0x5 * (v0 & v2 & v3) + 0x5 * (v0 & ~ v3) + 0x5 * (v1 | v2 | v3) - 0xf * (v0 & v1 & v2 & v3) - 0x5 * (v0 & (v1 | v2))	(-0x1) * 0xa * (v0 & v1 & v2 & v3) - 0x5 * ~ (v0 | v1 | v2 | v3)	60	34	22	L→L
mba_flatten:927	-0x7 - 0x7 * v0 - 0x7 * v1 + 0x7 * (v0 & v1) - 0x7 * v3 + 0xe * (v0 & v3) + 0x7 * (v1 & v3) - 0x7 * (v0 & v1 & v3) - 0x7 * v2 + 0xe * (v0 & v2) + 0xe * (v1 & v2) - 0x15 * (v0 & v1 & v2) + 0x11 * (v3 & v2) - 0x1f * (v0 & v3 & v2) - 0x18 * (v1 & v3 & v2) + 0x1f * (v0 & v1 & v3 & v2)	-0x7 + 0xe * (v0 & v3) + 0xe * (v1 & v2) + 0x11 * (v3 & v2) - 0x1f * (v0 & v2 & v3 & ~ v1) - 0x18 * (v1 & v3 & v2) - 0x15 * (v0 & v1 & v2) - 0x7 * (v1 & ~ v0 | v3) - 0x7 * (v0 ^ v2)	0x7 * (~ (v0 & v1) & ~ (v0 ^ v1 ^ v2) & ~ v3 | v0 & ~ v2 & v3) + 0xa * (~ v0 & ~ v1 & v2 & v3)	60	42	35	L→L
mba_flatten:928	-0x6 - 0x6 * v0 - 0x6 * v1 + 0x6 * (v0 & v1) - 0x6 * v2 + 0x6 * (v0 & v2) + 0xc * (v1 & v2) - 0x6 * (v0 & v1 & v2) - 0x6 * v3 + 0xc * (v0 & v3) + 0xc * (v1 & v3) - 0x12 * (v0 & v1 & v3) + 0xc * (v2 & v3) - 0x12 * (v0 & v2 & v3) - 0xc * (v1 & v2 & v3) + 0x12 * (v0 & v1 & v2 & v3)	-0x6 + 0xc * (v0 & v3) + 0xc * (v2 & (v1 | v3)) - 0x12 * (v0 & v3 & (v1 | v2)) - 0x6 * (v0 & ~ v1 | v2) - 0x6 * (v1 ^ v3)	0x6 * (~ (v0 & ~ v1) & ~ (v1 ^ v2) & ~ v3 | (~ (v0 | ~ v1) | v0 ^ v1 ^ v2) & v3) + 0x6 * (~ v0 & v1 & v2 & v3)	60	30	40	L→W
mba_flatten:929	0x4 * (v3 & v1 & v2 & v0) - 0x2 * ~ (v3 ^ v1 & v2) - 0x2 * (v3 & v2 & v0)	0x2 + 0x2 * (v3 ^ v1 & v2) + 0x4 * (v3 & v1 & v2 & v0) - 0x2 * (v3 & v2 & v0)	(-0x1) * 0x2 * ~ (v0 | ~ v1 | v2 | v3) - 0x2 * ((v1 ^ (~ v0 | ~ v1 | v2)) & ~ v3 | v2 & (v0 ^ v1) & v3)	19	19	36	W→W
mba_flatten:932	0x2 * (v1 & v2) - 0x2 * (v1 & v2 & v0) - 0x4 * (v1 & v2 & v3) + 0x4 * (v1 & v2 & v0 & v3)	0x2 * (v1 & v2 & ~ v0) - 0x4 * (v1 & v2 & v3 & ~ v0)	0x2 * ~ (v0 | ~ v1 | ~ v2 | v3) - 0x2 * (~ v0 & v1 & v2 & v3)	21	14	24	W→W
mba_flatten:933	-(v0 & v2 & (v1 | v3)) + (v0 & v2)	v0 & v2 & ~ (v1 | v3)	0x1 * ~ (~ v0 | v1 | ~ v2 | v3)	11	7	12	W→W
mba_flatten:934	0x8 * (v3 & (v0 | v1)) + 0xc * (v0 & v3 & v1 & v2) - 0xc * (v0 & v3 & v2) - 0x8 * (v3 & v1 & v2) - 0x8 * (v3 & ~ v2)	0x8 * (v2 & v3 & ~ v1) + 0x8 * (v3 & (v0 | v1)) - 0xc * (v0 & v2 & v3 & ~ v1) - 0x8 * v3	(-0x1) * 0x4 * (v0 & ~ v1 & v2 & v3) - 0x8 * (~ v0 & ~ v1 & ~ v2 & v3)	28	22	25	L→W
mba_flatten:935	0x4 + 0x4 * v0 + 0x4 * v1 - 0x4 * (v0 & v1) + 0x4 * v2 - 0x4 * (v0 & v2) - 0x4 * (v1 & v2) + 0x4 * (v0 & v1 & v2) + 0x4 * v3 - 0x4 * (v0 & v3) - 0x4 * (v1 & v3) + 0x4 * (v0 & v1 & v3) - 0x4 * (v2 & v3) + 0x4 * (v0 & v2 & v3) + 0x4 * (v1 & v2 & v3) - 0x4 * (v0 & v1 & v2 & v3)	0x4 * (v3 | v0 | v1) - 0x4 * (~ v2 | v3 | v0 | v1)	(-0x1) * 0x4 * ~ (v0 | v1 | v2 | v3)	60	13	11	L→L
mba_flatten:937	0x2 * (v0 & v2) - 0x2 * (v0 & v2 & (v1 | v3))	0x2 * (v0 & v2 & ~ (v1 | v3))	0x2 * ~ (~ v0 | v1 | ~ v2 | v3)	12	8	12	T→W
mba_flatten:938	0x6 * (v0 & v3) - 0x6 * (v0 & v3 & v2)	0x6 * (v0 & v3 & ~ v2)	0x6 * (v0 & ~ v1 & ~ v2 & v3) + 0x6 * (v0 & v1 & ~ v2 & v3)	10	6	22	W→W
mba_flatten:942	0x6 * (v0 & v3) + 0x11 * (v3 & v2) - 0x17 * (v0 & v3 & v2) - 0x6 * (v0 & v3 & v1) - 0x11 * (v3 & v2 & v1) + 0x17 * (v0 & v3 & v2 & v1)	0x6 * (v0 & v3 & ~ v1) + 0x11 * (v2 & v3 & ~ v1) - 0x17 * (v0 & v2 & v3 & ~ v1)	0x6 * (v0 & ~ v1 & ~ v2 & v3) + 0x11 * (~ v0 & ~ v1 & v2 & v3)	30	20	23	L→W
mba_flatten:943	-v3 + 0x2 * (v1 & v3) - v2 + (v1 & v2) + 0x2 * (v3 & v2) - 0x4 * (v1 & v3 & v2) - 0x2 * (v1 & v3 & v0) + (v2 & v0) - 0x2 * (v1 & v2 & v0) - (v3 & v2 & v0) + 0x5 * (v1 & v3 & v2 & v0)	0x2 * (v1 & v3 & ~ v0) + 0x5 * (v1 & v3 & v2 & v0) - 0x4 * (v1 & v3 & v2) - (v3 & v2 & v0) - (v3 ^ v2) + (v2 & (v1 ^ v0))	0x1 * (~ v0 & v1 & ~ v2 & v3) - 0x1 * (v2 & ~ (v0 ^ v1) & ~ v3 | (v2 ^ (v0 | ~ v1)) & v3)	45	32	33	L→W
mba_flatten:946	-0x3 * v0 + 0x3 * (v0 & v1) + 0x3 * (v0 & v3) - 0x3 * (v0 & v1 & v3) - 0x5 * v2 + 0x8 * (v0 & v2) + 0x5 * (v1 & v2) - 0x8 * (v0 & v1 & v2) + 0x5 * (v3 & v2) - 0x8 * (v0 & v3 & v2) - 0x5 * (v1 & v3 & v2) + 0x8 * (v0 & v1 & v3 & v2)	0x8 * (v0 & v2 & ~ (v1 | v3)) - 0x5 * (v2 & ~ (v1 | v3)) - 0x3 * (v0 & ~ (v1 | v3))	(-0x1) * 0x3 * ~ (~ v0 | v1 | v2 | v3) - 0x5 * ~ (v0 | v1 | ~ v2 | v3)	51	23	25	L→W
mba_flatten:947	0x2 * (v0 & (v1 | v2)) - 0x2 * (v0 & v1 & v3) - 0x2 * (v0 & v2 & v3) - 0x2 * (v0 & ~ v3) - (v0 & v1 & v2 & v3)	0x2 * (v0 & v3 & ~ v1) + 0x2 * (v0 & (v1 | v2)) - 0x2 * v0 - 0x2 * (v0 & v2 & v3) - (v0 & v1 & v2 & v3)	(-0x1) * 0x2 * ~ (~ v0 | v1 | v2 | v3) - 0x3 * (v0 & v1 & v2 & v3)	28	26	23	L→L
mba_flatten:948	0x2 * (v2 ^ v3) + 0x6 * (v2 & v3 & v0) - 0x4 * (v1 & v2 & v3 & v0) - 0x2 * ~ v1 - 0x2 * (v2 & v0)	0x2 + 0x2 * v1 + 0x2 * (v2 ^ v3) + 0x6 * (v2 & v3 & v0) - 0x4 * (v1 & v2 & v3 & v0) - 0x2 * (v2 & v0)	(-0x1) * 0x2 * ((v0 & v2 | ~ (v1 | v2)) & ~ v3 | (v0 | ~ v1) & (v0 ^ v1 ^ v2) & v3) + 0x2 * (v1 & v2 & ~ v3 | ~ (~ v0 & (~ v1 | v2)) & v3)	23	23	47	W→W
mba_flatten:949	0x5 * (v0 & v1 & (v2 | v3)) - 0x5 * (v0 & v1)	(-0x5) * (v0 & v1 & ~ (v2 | v3))	(-0x1) * 0x5 * ~ (~ v0 | ~ v1 | v2 | v3)	12	8	13	W→W
mba_flatten:950	-0xa * (v1 & v2 & v3) + 0xa * (v0 & v1 & v2 & v3)	(-0xa) * (v1 & v2 & v3 & ~ v0)	(-0x1) * 0xa * (~ v0 & v1 & v2 & v3)	12	7	11	L→W
mba_flatten:951	0x3 * (v0 & v3 & v2) + 0x3 * (v0 & ~ v2) - 0x3 * (v0 & (v1 | v3)) - (v0 & v1 & v3 & v2) + (v0 & v1 & v2)	0x3 * (v0 & v3 & v2) + 0x3 * (v0 & ~ v2) - 0x3 * (v0 & (v1 | v3)) + (v0 & v1 & v2 & ~ v3)	0x3 * ~ (~ v0 | v1 | v2 | v3) - 0x2 * ~ (~ v0 | ~ v1 | ~ v2 | v3)	27	23	26	L→W
mba_flatten:952	-0x1 - v0 - v1 + (v0 & v1) - v2 + (v0 & v2) - v3 + (v0 & v3) + (v1 & v3) - (v0 & v1 & v3) + (v2 & v3) - (v0 & v2 & v3)	-(v3 | v0 | v1) + (~ v2 | v0 | v3)	0x1 * ~ (v0 | v1 | v2 | v3) - 0x1 * ~ (v0 | ~ v1 | ~ v2 | v3)	35	11	24	L→W
mba_flatten:953	0x2 * (v0 & v3 & (v1 | v2)) - 0x2 * (v0 & v3)	(-0x2) * (v0 & v3 & ~ (v1 | v2))	(-0x1) * 0x2 * (v0 & ~ v1 & ~ v2 & v3)	12	8	12	T→W
mba_flatten:954	-0xb - 0x11 * v2 + 0x6 * (v0 & v2) + 0x6 * (v1 & v2) + 0x5 * (v0 & v1 & v2) - 0xb * v3 + 0xb * (v0 & v3) - 0xb * (v0 & v1 & v3) + 0x11 * (v2 & v3) - 0x11 * (v0 & v2 & v3) + 0x5 * (v1 & v2 & v3) - 0x5 * (v0 & v1 & v2 & v3)	0x5 * (v1 & v2 & (v0 | v3)) + 0x6 * (v0 & v2) + 0x6 * (v1 & v2) + 0xb * (~ v3 | v0 & ~ v1) - 0x11 * (v2 & ~ (v3 & ~ v0))	0xb * ((~ v2 | ~ (v0 ^ v1)) & ~ v3 | (v0 ^ v1) & (v0 ^ v2) & v3) - 0x11 * ~ (v0 | v1 | ~ v2 | v3)	48	32	35	L→W
mba_flatten:955	-0x2 + v3 - 0x2 * v0 - (v3 & v0) - 0x2 * v1 - (v3 & v1) + 0x2 * (v0 & v1) + (v3 & v0 & v1) - 0x2 * v2 - (v3 & v2) + 0x2 * (v0 & v2) + (v3 & v0 & v2) + 0x2 * (v1 & v2) + (v3 & v1 & v2) - 0x2 * (v0 & v1 & v2) - (v3 & v0 & v1 & v2)	-0x2 - 0x2 * (v2 | v0 | v1) + (v3 & ~ (v0 | v1 | v2))	0x3 * (~ v0 & ~ v1 & ~ v2 & v3) + 0x2 * ~ (v0 | v1 | v2 | v3)	56	15	23	L→W
mba_flatten:957	-0x2 * (v0 & v2) + 0x2 * (v0 & v2 & v3) + 0x7 * (v0 & v1) - 0x5 * (v0 & v2 & v1) - 0x7 * (v0 & v3 & v1) + 0x5 * (v0 & v2 & v3 & v1)	0x7 * (v0 & v1 & ~ v3) - 0x5 * (v0 & v1 & v2 & ~ v3) - 0x2 * (v0 & v2 & ~ v3)	0x7 * ~ (~ v0 | ~ v1 | v2 | v3) - 0x2 * ~ (~ v0 | v1 | ~ v2 | v3)	30	20	26	L→W
mba_flatten:958	0x2 * (v0 & v2 & (v1 | v3)) - 0x2 * (v0 & v2)	(-0x2) * (v0 & v2 & ~ (v1 | v3))	(-0x1) * 0x2 * ~ (~ v0 | v1 | ~ v2 | v3)	12	8	13	W→W
mba_flatten:959	-0x8 * (v0 & v1) + 0x7 * (v0 & v1 & v2) + 0x8 * (v0 & v1 & v3) - 0x7 * (v0 & v1 & v2 & v3)	0x7 * (v0 & v1 & v2 & ~ v3) - 0x8 * (v0 & v1 & ~ v3)	(-0x1) * 0x1 * ~ (~ v0 | ~ v1 | ~ v2 | v3) - 0x8 * ~ (~ v0 | ~ v1 | v2 | v3)	21	14	28	W→W
mba_flatten:960	-0xb * (v0 & v1 & v2) + 0xb * (v0 & v1 & v2 & v3)	(-0xb) * (v0 & v1 & v2 & ~ v3)	(-0x1) * 0xb * ~ (~ v0 | ~ v1 | ~ v2 | v3)	12	7	14	W→W
mba_flatten:963	0x2 * (v2 & v3 & (v0 | v1)) - 0x2 * (v2 & v3)	(-0x2) * (v2 & v3 & ~ (v0 | v1))	(-0x1) * 0x2 * (~ v0 & ~ v1 & v2 & v3)	12	8	12	T→W
mba_flatten:964	-0xc * (v1 & v2 & v3) + 0xc * (v0 & v1 & v2 & v3)	(-0xc) * (v1 & v2 & v3 & ~ v0)	(-0x1) * 0xc * (~ v0 & v1 & v2 & v3)	12	7	11	L→W
mba_flatten:965	0x7 * (v0 & v1 & v2 & v3) + 0x8 * (v3 & (v0 | v1)) - 0x8 * (v1 & v2 & v3) - 0x8 * (v3 & ~ v2) - 0x7 * (v0 & v2 & v3) - (v0 & v2) + (v0 & v1 & v2)	0x8 * (v3 & (v0 | v1)) - 0x8 * (v3 & ~ (v2 & ~ v1)) - 0x7 * (v0 & v2 & v3 & ~ v1) - (v0 & v2 & ~ v1)	(-0x1) * 0x1 * ~ (~ v0 | v1 | ~ v2 | v3) - 0x8 * (~ v0 & ~ v1 & ~ v2 & v3)	36	28	27	L→L
mba_flatten:966	0x2 * (v2 & v3 & (v0 | v1)) - 0x2 * (v2 & v3)	(-0x2) * (v2 & v3 & ~ (v0 | v1))	(-0x1) * 0x2 * (~ v0 & ~ v1 & v2 & v3)	12	8	12	T→W
mba_flatten:967	0x6 * (v1 & v2) - 0x6 * (v1 & v2 & (v0 | v3))	0x6 * (v1 & v2 & ~ (v0 | v3))	0x6 * ~ (v0 | ~ v1 | ~ v2 | v3)	12	8	12	T→W
mba_flatten:968	-0x1 + 0xb * v1 + 0xa * v2 - 0x15 * (v1 & v2) + 0xa * v3 - 0xa * (v1 & v3) - 0x9 * (v2 & v3) + 0x8 * (v1 & v2 & v3) - v0 + (v2 & v0) + 0xa * (v1 & v2 & v0) - 0xa * (v3 & v0) + 0xa * (v1 & v3 & v0) - 0x2 * (v2 & v3 & v0) - 0x8 * (v1 & v2 & v3 & v0)	0x8 * (v1 & v2 & v3 & ~ v0) + 0xa * v2 + 0xa * (v1 & v2 & v0) + 0xa * (v3 & ~ (v1 | v0)) + 0xb * v1 - 0x15 * (v1 & v2) - 0x9 * (v2 & v3) - 0x2 * (v2 & v3 & v0) + (~ v0 | v2)	0xb * ((v0 & v1 | v1 ^ v2) & ~ v3 | (v0 & v1 ^ ~ (v0 ^ v1 & v2)) & v3) + 0x1 * (~ (v0 | ~ v1 & v2) & ~ v3 | ~ v0 & (v1 ^ v2) & v3)	55	41	47	L→W
mba_flatten:969	0x2 * (v3 & (v0 | v1)) + 0xf * (v0 & v3 & v1 & v2) - 0xf * (v0 & v3 & v2) - 0x2 * (v3 & v1 & v2) - 0x2 * (v3 & ~ v2)	0x2 * (v2 & v3 & ~ v1) + 0x2 * (v3 & (v0 | v1)) - 0xf * (v0 & v2 & v3 & ~ v1) - 0x2 * v3	(-0x1) * 0x2 * (~ v0 & ~ v1 & ~ v2 & v3) - 0xd * (v0 & ~ v1 & v2 & v3)	28	22	25	L→W
mba_flatten:970	(v0 & v2) - (v0 & v1 & v2) - (v0 & v2 & v3) + 0x3 * (v0 & v1 & v2 & v3)	0x3 * (v0 & v1 & v2 & v3) - (v0 & v2 & v3) + (v0 & v2 & ~ v1)	0x2 * (v0 & v1 & v2 & v3) + 0x1 * ~ (~ v0 | v1 | ~ v2 | v3)	20	17	22	W→W
mba_flatten:971	0x2 * (v0 & v3 & v2) + 0x2 * (v0 & ~ v2) + 0x4 * (v0 & v1 & v2) - 0x4 * (v0 & v1 & v3 & v2) - 0x2 * (v0 & (v1 | v3))	0x2 * (v0 & v3 & v2) + 0x2 * (v0 & ~ v2) + 0x4 * (v0 & v1 & v2 & ~ v3) - 0x2 * (v0 & (v1 | v3))	0x2 * ~ (~ v0 | v1 | v2 | v3) + 0x2 * ~ (~ v0 | ~ v1 | ~ v2 | v3)	28	24	25	L→W
mba_flatten:973	0x2 * (v0 & v1 & v2 & v3) - 0x2 * (v1 & v2 & v3) - (v0 & v2 & v3) - (v2 & ~ v3) + (v2 & (v0 | v1))	-0x2 * (v1 & v2 & v3 & ~ v0) - v2 - (v0 & v2 & v3) + (v2 & v3) + (v2 & (v0 | v1))	(-0x1) * 0x1 * (~ v0 & v1 & v2 & v3) - 0x1 * ~ (v0 | v1 | ~ v2 | v3)	27	23	24	L→W
mba_flatten:975	v0 + v1 - (v0 & v1) + v3 - 0x2 * (v0 & v3) - (v1 & v3) + 0x2 * (v0 & v1 & v3) - (v3 & v2) + 0x2 * (v0 & v3 & v2) + 0x4 * (v1 & v3 & v2) - 0x5 * (v0 & v1 & v3 & v2)	0x2 * (v0 & v3 & v2) + 0x4 * (v1 & v3 & v2) - 0x5 * (v0 & v1 & v3 & v2) - 0x2 * (v0 & v3 & ~ v1) - (v3 & v2) + (v3 & ~ v1) + (v0 | v1)	0x3 * (~ v0 & v1 & v2 & v3) + 0x1 * ((v0 | v1) & ~ v3 | (v1 | ~ (v0 ^ v2)) & v3)	41	34	28	L→L
mba_flatten:976	-(v0 & v3) + (v0 & v3 & (v1 | v2))	(-0x1) * (v0 & v3 & ~ (v1 | v2))	(-0x1) * 0x1 * (v0 & ~ v1 & ~ v2 & v3)	11	8	12	W→W
mba_flatten:977	-(v0 & v3) + (v0 & v3 & (v1 | v2))	(-0x1) * (v0 & v3 & ~ (v1 | v2))	(-0x1) * 0x1 * (v0 & ~ v1 & ~ v2 & v3)	11	8	12	W→W
mba_flatten:978	-0xe - 0xe * v0 - 0xe * v1 + 0xe * (v0 & v1) - 0xe * v2 + 0xe * (v0 & v2) + 0xe * (v1 & v2) - 0xe * (v0 & v1 & v2) - 0xe * v3 + 0xe * (v0 & v3) + 0xe * (v1 & v3) - 0xe * (v0 & v1 & v3) + 0xe * (v2 & v3) - 0xe * (v0 & v2 & v3) - 0xe * (v1 & v2 & v3) + 0xe * (v0 & v1 & v2 & v3)	0xe * (~ v0 | v1 | v2 | v3) - 0xe * (v1 | v2 | v3)	0xe * ~ (v0 | v1 | v2 | v3)	60	13	10	L→L
mba_flatten:979	-(v0 & v1) + (v0 & v1 & v2) + (v0 & v1 & v3) - (v0 & v2 & v3)	-(v0 & v1 & ~ v2) - (v0 & v2 & v3) + (v0 & v1 & v3)	(-0x1) * 0x1 * (v0 & ~ v1 & v2 & v3) - 0x1 * ~ (~ v0 | ~ v1 | v2 | v3)	18	16	25	W→W
mba_flatten:982	0x6 * (v3 & v0 & v2) + 0x7 * (v1 & v3 & v2) - 0x6 * (v3 & v2) - 0x5 * (v1 & v3 & v0 & v2) - ~ (v1 ^ v3) - (v1 & v0 & v2)	0x1 + 0x7 * (v1 & v3 & v2) - 0x6 * (v2 & v3 & ~ v0) - 0x5 * (v1 & v3 & v0 & v2) - (v1 & v0 & v2) + (v1 ^ v3)	(-0x1) * 0x1 * ((v1 ^ ~ (v0 & v1 & v2)) & ~ v3 | v1 & ~ v2 & v3) - 0x6 * (~ v0 & ~ v1 & v2 & v3)	31	27	34	W→W
mba_flatten:983	0x7 * (v0 & v3) - 0x7 * (v0 & v3 & (v1 | v2))	0x7 * (v0 & v3 & ~ (v1 | v2))	0x7 * (v0 & ~ v1 & ~ v2 & v3)	12	8	11	L→W
mba_flatten:984	-0xb * (v0 & v2) + 0xb * (v0 & v1 & v2) + 0xb * (v0 & v2 & v3) - 0x6 * (v0 & v1 & v2 & v3)	0xb * (v0 & v2 & v3) - 0xb * (v0 & v2 & ~ v1) - 0x6 * (v0 & v1 & v2 & v3)	0x5 * (v0 & v1 & v2 & v3) - 0xb * ~ (~ v0 | v1 | ~ v2 | v3)	21	18	23	W→W
mba_flatten:985	0x3 * (v0 & v1 & v3) - 0x3 * (v0 & v1 & v3 & v2)	0x3 * (v0 & v1 & v3 & ~ v2)	0x3 * (v0 & v1 & ~ v2 & v3)	12	7	10	L→W
mba_flatten:986	-0x4 * (v0 & v2) + 0x4 * (v0 & v2 & v3) + 0x5 * (v0 & v1) - (v0 & v2 & v1) - 0x5 * (v0 & v3 & v1) + (v0 & v2 & v3 & v1)	0x5 * (v0 & v1 & ~ v3) - 0x4 * (v0 & v2 & ~ v3) - (v0 & v1 & v2 & ~ v3)	(-0x1) * 0x4 * ~ (~ v0 | v1 | ~ v2 | v3) + 0x5 * ~ (~ v0 | ~ v1 | v2 | v3)	29	20	26	L→W
mba_flatten:987	0x3 * (v0 & v1 & v3) + 0x3 * (v0 & ~ v3) + 0x12 * (v0 & v2 & v3) - 0x12 * (v0 & v1 & v2 & v3) - 0x3 * (v0 & (v1 | v2))	0x3 * (v0 & v1 & v3) + 0x3 * (v0 & ~ v3) + 0x12 * (v0 & v2 & v3 & ~ v1) - 0x3 * (v0 & (v1 | v2))	0x3 * ~ (~ v0 | v1 | v2 | v3) + 0xf * (v0 & ~ v1 & v2 & v3)	28	24	22	L→L
mba_flatten:989	0x1 + v0 + v1 - (v0 & v1) + v2 - (v0 & v2) - (v1 & v2) + (v0 & v1 & v2) + v3 - (v0 & v3) - (v1 & v3) - 0x2 * (v0 & v1 & v3) - (v2 & v3) + (v0 & v2 & v3) + (v1 & v2 & v3) + 0x2 * (v0 & v1 & v2 & v3)	0x1 - 0x2 * (v0 & v1 & v3 & ~ v2) - (v0 & (v1 | v2)) + (v0 & v2 & v3) + (v0 & ~ v3) + (v1 | v2 | v3)	(-0x1) * 0x1 * ~ (v0 | v1 | v2 | v3) - 0x3 * (v0 & v1 & ~ v2 & v3)	53	27	23	L→L
mba_flatten:990	0x7 * (v2 & v3 & (v0 ^ v1)) - 0x7 * (v2 & (v0 ^ v1))	(-0x7) * (v2 & (v0 ^ v1) & ~ v3)	(-0x1) * 0x7 * ~ (v0 | ~ v1 | ~ v2 | v3) - 0x7 * ~ (~ v0 | v1 | ~ v2 | v3)	14	8	27	W→W
mba_flatten:991	0x7 * (v2 & v0 & v1 & v3) + 0x8 * (v0 & v1) - 0x8 * (v0 & v1 & v3) - 0x7 * (v2 & v0 & v1) - (v2 & (v0 | v3)) + (v2 & v1 & v3) + (v2 & ~ v1)	0x8 * (v0 & v1 & ~ v3) - 0x7 * (v0 & v1 & v2 & ~ v3) - (v2 & (v0 | v3)) + (v2 & v1 & v3) + (v2 & ~ v1)	0x1 * ~ (v0 | v1 | ~ v2 | v3) + 0x8 * ~ (~ v0 | ~ v1 | v2 | v3)	35	28	24	L→L
mba_flatten:992	0xb * (v0 & v3 & (v1 | v2)) - 0xb * (v0 & v3)	(-0xb) * (v0 & v3 & ~ (v1 | v2))	(-0x1) * 0xb * (v0 & ~ v1 & ~ v2 & v3)	12	8	12	T→W
mba_flatten:993	0x5 * (v2 & (v0 | v1)) + 0xb * (v0 & v2 & v1 & v3) - 0xb * (v2 & v1 & v3) - 0x5 * (v0 & v2 & v3) - 0x5 * (v2 & ~ v3)	0x5 * (v2 & v3 & ~ v0) + 0x5 * (v2 & (v0 | v1)) - 0xb * (v1 & v2 & v3 & ~ v0) - 0x5 * v2	(-0x1) * 0x5 * ~ (v0 | v1 | ~ v2 | v3) - 0x6 * (~ v0 & v1 & v2 & v3)	28	22	24	L→W
mba_flatten:995	0x2 * (v3 & ~ v2) + 0x2 * (v1 | v2) - 0x2 * ~ (v1 & v2 & v3 & v0) - 0x2 * (v3 & (v1 | v0))	0x2 * (v3 & ~ v0 | v1) - 0x2 * (v2 & v3 & ~ (v0 & v1)) - 0x2 * (~ v2 | v1)	(-0x1) * 0x2 * (~ (v1 | v2) & ~ v3 | (v1 ^ ~ (~ v0 & (~ v1 | v2))) & v3)	23	21	23	T→W
mba_flatten:996	0x4 * (v1 & v3) - 0x4 * (v1 & v3 & (v0 | v2))	0x4 * (v1 & v3 & ~ (v0 | v2))	0x4 * (~ v0 & v1 & ~ v2 & v3)	12	8	11	L→W
mba_flatten:997	0x2 * (v0 & v3) - 0x2 * (v0 & v3 & (v1 | v2))	0x2 * (v0 & v3 & ~ (v1 | v2))	0x2 * (v0 & ~ v1 & ~ v2 & v3)	12	8	11	L→W
mba_flatten:998	-0x2 - 0x2 * v1 + 0x2 * (v0 & v1) - 0x2 * (v0 & v2) + 0x2 * (v0 & v1 & v2) - 0x2 * (v0 & v3) + 0x2 * (v1 & v3) - 0x2 * (v0 & v1 & v3) - 0x2 * (v2 & v3) + 0x4 * (v0 & v2 & v3) + 0x2 * (v1 & v2 & v3) - 0x4 * (v0 & v1 & v2 & v3)	-0x2 + 0x2 * (v1 & v3 & ~ v0) + 0x2 * (v1 & (v0 ^ v2 & v3)) - 0x2 * (v3 & (v0 ^ v2)) - 0x2 * (v1 | v0 & v2)	0x2 * ((v1 ^ ~ (v0 & (v1 | v2))) & ~ v3 | ~ (v0 | ~ v1 & v2) & v3)	50	28	23	L→L
mba_flatten:999	-0xb * v1 + 0xb * (v0 & v1) + 0xb * (v1 & v3) - 0xb * (v0 & v1 & v3) - 0xc * v2 + 0xc * (v0 & v2) + 0x17 * (v1 & v2) - 0x17 * (v0 & v1 & v2) + 0xc * (v3 & v2) - 0xc * (v0 & v3 & v2) - 0x17 * (v1 & v3 & v2) + 0x17 * (v0 & v1 & v3 & v2)	0x17 * (v1 & v2 & ~ (v0 | v3)) - 0xc * (v2 & ~ (v0 | v3)) - 0xb * (v1 & ~ (v0 | v3))	(-0x1) * 0xb * ~ (v0 | ~ v1 | v2 | v3) - 0xc * ~ (v0 | v1 | ~ v2 | v3)	51	23	25	L→W
mba_flatten:1000	0x3 * (v0 & v1 & v3) - 0x3 * (v0 & v1 & v3 & v2)	0x3 * (v0 & v1 & v3 & ~ v2)	0x3 * (v0 & v1 & ~ v2 & v3)	12	7	10	L→W
mba_flatten:1057	0x2 * v0 - 0x4 * (v0 & v5) - 0x3 * ~ v5	-0x2 * ~ (v0 ^ v5) - ~ v5	(-0x1) * 0x2 * ~ (v0 ^ v5) - ~ v5	10	9	11	W→W
mba_flatten:1059	0x2 * ~ v5 - 0x4 * (v0 & ~ v5)	-0x2 - 0x4 * (v0 & ~ v5) - 0x2 * v5	0x2 * ~ v0 - 0x2 * (v0 ^ v5)	9	9	11	W→W
mba_flatten:1062	(-0x1) * ~ (v1 ^ v4)	0x1 + (v1 ^ v4)	(-0x1) * ~ (v4 ^ v1)	5	5	5	T→T
mba_flatten:1066	0x1 - (v1 & ~ v4)	0x1 - v1 + (v1 & v4)	-(v4 | v1) - ~ v4	7	7	8	W→W
mba_flatten:1088	(-0x1) * ~ (v0 ^ v5)	0x1 + (v0 ^ v5)	(-0x1) * ~ (v0 ^ v5)	5	5	5	T→T
mba_flatten:1094	0x1 - (v5 & ~ v0)	0x1 - v5 + (v5 & v0)	-~ (v0 & ~ v5) - (v0 ^ v5)	7	7	11	W→W
mba_flatten:1100	0x2 * ~ (v0 & v5) - v0	-0x2 - v0 - 0x2 * (v0 & v5)	-v0 + 0x2 * ~ (v0 & v5)	8	8	9	W→W
mba_flatten:1102	0x2 * (v0 & ~ v5) - ~ v5	v5 + 0x1 + 0x2 * (v0 & ~ v5)	-~ (v0 ^ v5) + 0x1 * v0	9	8	9	T→W
mba_flatten:1138	(-0x1) * ~ (v0 & v5)	0x1 + (v0 & v5)	(-0x1) * ~ (v0 & v5)	5	5	5	T→T
mba_flatten:1139	(-0x1) * ~ (v1 | v4)	0x1 + (v1 | v4)	0x1 * v4 - (v4 | ~ v1)	5	5	9	W→W
mba_flatten:1143	0x3 * v4 - ~ (v4 & v1)	0x1 + 0x3 * v4 + (v4 & v1)	0x3 * v4 - ~ (v4 & v1)	8	7	9	W→W
mba_flatten:1150	0x1 - (v0 & ~ v5)	0x1 - v0 + (v0 & v5)	-(v0 | v5) - ~ v5	7	7	8	W→W
mba_flatten:1151	-0x2 - (v4 & ~ v1)	-0x2 - v4 + (v4 & v1)	0x1 * ~ (v4 & ~ v4) + 0x1 * ~ (v4 & ~ v1)	7	7	15	W→W
mba_flatten:1153	0x2 * v1 - ~ (v1 & v4)	0x1 + 0x2 * v1 + (v1 & v4)	0x2 * v1 - ~ (v4 & v1)	8	7	9	W→W
mba_flatten:1160	-0x2 * v0 - ~ (v0 & v5)	0x1 - 0x2 * v0 + (v0 & v5)	-~ (v0 & v5) - 0x2 * v0	8	7	10	W→W
mba_flatten:1164	(-0x1) * ~ (v0 ^ v5)	0x1 + (v0 ^ v5)	(-0x1) * ~ (v0 ^ v5)	5	5	5	T→T
mba_flatten:1166	0x2 * ~ v0 + 0x6 * (v0 & v5) - 0x4 * v5	-0x2 - 0x2 * v0 - 0x4 * v5 + 0x6 * (v0 & v5)	0x2 * (v0 | ~ v5) - 0x2 * (v0 ^ v5)	10	10	13	W→W
mba_flatten:1169	0x2 * ~ v4 + (v4 & v1)	-0x2 - 0x2 * v4 + (v4 & v1)	0x1 * ~ (v4 & ~ v1) + 0x1 * ~ v4	7	7	12	W→W
mba_flatten:1186	(-0x1) * ~ (v0 ^ v5)	0x1 + (v0 ^ v5)	(-0x1) * ~ (v0 ^ v5)	5	5	5	T→T
mba_flatten:1191	v4 - ~ v1	0x1 + v1 + v4	-~ (v4 & v1) + 0x1 * (v4 | v1)	5	4	11	W→W
mba_flatten:1192	(-0x1) * ~ (v0 & v5)	0x1 + (v0 & v5)	(-0x1) * ~ (v0 & v5)	5	5	5	T→T
mba_flatten:1200	0x2 * v5 - (~ v0 | v5)	0x1 + 0x2 * v5 + (v0 & ~ v5)	-~ v5 + 0x1 * (v0 | v5)	8	8	9	W→W
mba_flatten:1208	0x2 * (~ v5 | v0) - v0	~ v5 + ~ (v0 ^ v5)	0x1 * ~ (v0 ^ v5) + 0x1 * ~ v5	8	7	11	W→W
mba_flatten:1212	-v5 - ~ v0	0x1 + v0 - v5	0x1 * ~ (v0 ^ v5) - 0x2 * ~ (v0 & ~ v5)	6	5	15	W→W
mba_flatten:1213	(-0x1) * ~ v4	0x1 + v4	(-0x1) * ~ v4	3	3	3	T→T
mba_flatten:1219	(-0x1) * ~ v4	0x1 + v4	(-0x1) * ~ v4	3	3	3	T→T
mba_flatten:1240	-0x3 - 0x2 * v5 - (v0 & ~ v5)	-0x3 - 0x2 * v5 - v0 + (v5 & v0)	0x1 * ~ (v0 & ~ v5) + 0x2 * ~ v5	9	9	12	W→W
mba_flatten:1247	0x2 * v1 - ~ (v1 & v4)	0x1 + 0x2 * v1 + (v1 & v4)	0x2 * v1 - ~ (v4 & v1)	8	7	9	W→W
mba_flatten:1251	(-0x1) * ~ v4	0x1 + v4	(-0x1) * ~ v4	3	3	3	T→T
mba_flatten:1274	0x1 - (v5 & ~ v0)	0x1 - v5 + (v5 & v0)	-(v0 | v5) - ~ v0	7	7	8	W→W
mba_flatten:1281	(-0x1) * ~ v1	0x1 + v1	(-0x1) * ~ v1	3	3	3	T→T
mba_flatten:1282	(-0x1) * ~ v0	0x1 + v0	(-0x1) * ~ v0	3	3	3	T→T
mba_flatten:1286	(-0x1) * ~ (v0 ^ v5)	0x1 + (v0 ^ v5)	(-0x1) * ~ (v0 ^ v5)	5	5	5	T→T
mba_flatten:1293	(-0x1) * ~ (v1 ^ v4)	0x1 + (v1 ^ v4)	(-0x1) * ~ (v4 ^ v1)	5	5	5	T→T
mba_flatten:1294	-0x2 - (v0 & ~ v5)	-0x2 - v0 + (v0 & v5)	0x1 * ~ (v0 & ~ v0) + 0x1 * ~ (v0 & ~ v5)	7	7	15	W→W
mba_flatten:1302	(-0x1) * ~ v5	0x1 + v5	(-0x1) * ~ v5	3	3	3	T→T
mba_flatten:1305	0x2 * v4 - 0x3 * (v1 & v4) - ~ v1	0x1 + v1 + 0x2 * v4 - 0x3 * (v1 & v4)	0x1 * (v4 ^ v1) - ~ (v4 & ~ v1)	10	9	12	W→W
mba_flatten:1317	(-0x1) * ~ v4	0x1 + v4	(-0x1) * ~ v4	3	3	3	T→T
mba_flatten:1320	0x2 * (v0 & ~ v5) - ~ v5	v5 + 0x1 + 0x2 * (v0 & ~ v5)	-~ (v0 ^ v5) + 0x1 * v0	9	8	9	T→W
mba_flatten:1339	(-0x1) * ~ v4	0x1 + v4	(-0x1) * ~ v4	3	3	3	T→T
mba_flatten:1345	(-0x1) * ~ v1	0x1 + v1	(-0x1) * ~ v1	3	3	3	T→T
mba_flatten:1350	(-0x1) * ~ (v0 ^ v5)	0x1 + (v0 ^ v5)	(-0x1) * ~ (v0 ^ v5)	5	5	5	T→T
mba_flatten:1361	(-0x1) * ~ (v1 ^ v4)	0x1 + (v1 ^ v4)	(-0x1) * ~ (v4 ^ v1)	5	5	5	T→T
mba_flatten:1367	0x2 * (v1 & v4) + 0x3 * ~ v1 - v4	~ (v4 ^ v1) + 0x2 * ~ v1	0x1 * ~ (v4 ^ v1) + 0x2 * ~ v1	10	8	11	W→W
mba_flatten:1373	(-0x1) * ~ (v1 ^ v4)	0x1 + (v1 ^ v4)	(-0x1) * ~ (v4 ^ v1)	5	5	5	T→T
mba_flatten:1379	v4 - ~ v1	0x1 + v1 + v4	-~ v4 + 0x1 * v1	5	4	7	W→W
mba_flatten:1382	-0x3 * ~ v5 - 0x2 * (v5 & v0)	0x3 + 0x3 * v5 - 0x2 * (v5 & v0)	(-0x1) * 0x2 * (v0 | ~ v5) - ~ v5	8	8	11	W→W
mba_flatten:1384	(-0x1) * ~ v0	0x1 + v0	(-0x1) * ~ v0	3	3	3	T→T
mba_flatten:1392	0x5 * ~ v0 + 0xa * (v0 & v5) - 0x4 * v5	-0x5 - 0x5 * v0 - 0x4 * v5 + 0xa * (v0 & v5)	0x5 * ~ (v0 ^ v5) + 0x1 * v5	10	10	10	T→T
mba_flatten:1393	(-0x1) * ~ (v1 & v4)	0x1 + (v1 & v4)	(-0x1) * ~ (v4 & v1)	5	5	5	T→T
mba_flatten:1394	0x3 * v0 - ~ (v0 & v5)	0x1 + 0x3 * v0 + (v0 & v5)	0x3 * v0 - ~ (v0 & v5)	8	7	9	W→W
mba_flatten:1403	(-0x1) * ~ (v1 ^ v4)	0x1 + (v1 ^ v4)	(-0x1) * ~ (v4 ^ v1)	5	5	5	T→T
mba_flatten:1409	0x2 * v1 - ~ v4	0x1 + v4 + 0x2 * v1	-~ v4 + 0x2 * v1	6	5	7	W→W
mba_flatten:1410	v5 - 0x2 - (v0 & ~ v5)	-0x2 + v5 - v0 + (v5 & v0)	0x1 * (v0 | v5) + 0x2 * ~ (v0 & ~ v5)	8	8	13	W→W
mba_flatten:1412	0x2 * v0 - 0x6 * (v0 & v5) - 0x3 * ~ v5	0x3 + 0x2 * v0 + 0x3 * v5 - 0x6 * (v0 & v5)	-v0 - 0x3 * ~ (v0 ^ v5)	10	10	10	T→T
mba_flatten:1418	-0x2 * ~ v5 - (v5 & v0)	0x2 + 0x2 * v5 - (v5 & v0)	-~ v5 - (v0 | ~ v5)	8	8	9	W→W
mba_flatten:1420	(-0x1) * ~ v5	0x1 + v5	(-0x1) * ~ v5	3	3	3	T→T
mba_flatten:1422	0x2 * ~ v5 + 0x3 * (v0 & v5) - v0	-0x2 - v0 - 0x2 * v5 + 0x3 * (v0 & v5)	0x1 * (v0 | ~ v5) + 0x1 * ~ (v0 ^ v5)	10	10	13	W→W
mba_flatten:1425	0x1 - (v4 & ~ v1)	0x1 - v4 + (v4 & v1)	-(v4 | v1) - ~ v1	7	7	8	W→W
mba_flatten:1434	0x2 * (v5 & ~ v0) - ~ v0	v0 + 0x1 + 0x2 * (v5 & ~ v0)	-~ v5 + 0x1 * (v0 ^ v5)	9	8	9	T→W
mba_flatten:1435	0x2 * ~ v4 + 0x3 * (v1 & v4) - v1	-0x2 - v1 - 0x2 * v4 + 0x3 * (v1 & v4)	0x1 * ~ (v4 & ~ v1) + 0x1 * ~ (v4 ^ v1)	10	10	14	W→W
mba_flatten:1439	0x2 * (v1 & v4) + 0x4 * ~ v1	-0x4 - 0x4 * v1 + 0x2 * (v1 & v4)	0x2 * ~ v1 + 0x2 * (v4 | ~ v1)	8	8	11	W→W
mba_flatten:1441	0x2 * (v1 & v4) + 0x3 * ~ v1	-0x3 - 0x3 * v1 + 0x2 * (v1 & v4)	0x1 * ~ v1 + 0x2 * (v4 | ~ v1)	8	8	11	W→W
mba_flatten:1444	0x1 - (v0 & ~ v5)	0x1 - v0 + (v0 & v5)	-~ v5 - (v0 | v5)	7	7	8	W→W
mba_flatten:1454	(-0x1) * ~ (v0 & v5)	0x1 + (v0 & v5)	(-0x1) * ~ (v0 & v5)	5	5	5	T→T
mba_flatten:1458	-0x2 - (v5 & ~ v0)	-0x2 - v5 + (v5 & v0)	0x1 * ~ (v0 & ~ v0) + 0x1 * (v0 | ~ v5)	7	7	14	W→W
mba_flatten:1459	0x3 * v1 - (v4 & ~ v1)	0x3 * v1 - v4 + (v1 & v4)	0x4 * v1 - (v4 | v1)	8	8	8	T→T
mba_flatten:1466	(-0x1) * ~ (v0 ^ v5)	0x1 + (v0 ^ v5)	(-0x1) * ~ (v0 ^ v5)	5	5	5	T→T
mba_flatten:1467	0x2 * (v1 & ~ v4) - ~ v4	v4 + 0x1 + 0x2 * (v1 & ~ v4)	-(v4 | ~ v1) + 0x1 * (v4 | v1)	9	8	11	W→W
mba_flatten:1473	0x3 * v1 - (v4 & ~ v1)	0x3 * v1 - v4 + (v1 & v4)	0x4 * v1 - (v4 | v1)	8	8	8	T→T
mba_flatten:1474	-0x2 * ~ (v0 & v5) - v0	0x2 - v0 + 0x2 * (v0 & v5)	(-0x1) * 0x2 * ~ (v0 & v5) - v0	8	8	10	W→W
mba_flatten:1478	0x2 * ~ v0 + (v0 & v5)	-0x2 - 0x2 * v0 + (v0 & v5)	0x1 * ~ (v0 & ~ v5) + 0x1 * ~ v0	7	7	12	W→W
mba_flatten:1489	-0x2 * v4 - (v1 & ~ v4)	-0x2 * v4 - v1 + (v4 & v1)	-v4 - (v4 | v1)	8	8	7	L→L
mba_flatten:1492	0x2 * (~ v5 | v0) - v0	~ v5 + ~ (v0 ^ v5)	0x1 * ~ (v0 ^ v5) + 0x1 * ~ v5	8	7	11	W→W
mba_flatten:1508	v0 - 0x7 * (v0 & v5) - 0x6 * ~ v5	0x6 + v0 + 0x6 * v5 - 0x7 * (v0 & v5)	(-0x1) * 0x5 * (v0 | ~ v5) - 0x1 * ~ (v0 ^ v5)	9	9	15	W→W
mba_flatten:1509	0x6 * v1 - 0x2 * ~ v4	0x2 + 0x2 * v4 + 0x6 * v1	(-0x1) * 0x2 * ~ v4 + 0x6 * v1	6	6	9	W→W
mba_flatten:1514	0x7 * ~ v0 + 0xe * (v0 & v5)	-0x7 - 0x7 * v0 + 0xe * (v0 & v5)	0x7 * v5 + 0x7 * ~ (v0 ^ v5)	8	8	10	W→W
mba_flatten:1523	0x6 * ~ v4 + 0xd * (v1 & v4) - 0x7 * v1	-0x6 - 0x7 * v1 - 0x6 * v4 + 0xd * (v1 & v4)	(-0x1) * 0x1 * ~ (v4 & ~ v1) + 0x7 * ~ (v4 ^ v1)	10	10	15	W→W
mba_flatten:1532	v0 + 0x6 * (v0 & v5) + 0x7 * ~ v5	-0x7 + v0 - 0x7 * v5 + 0x6 * (v0 & v5)	0x1 * (v0 & ~ v5) + 0x7 * (v0 | ~ v5)	9	9	13	W→W
mba_flatten:1535	-0x7 * v1 - (~ v4 | v1)	0x1 - 0x7 * v1 + (v4 & ~ v1)	(-0x1) * 0x1 * ~ (v4 & ~ v1) - 0x7 * v1	8	8	13	W→W
mba_flatten:1540	0x3 * (v5 & ~ v0) + 0x8 * ~ v0	-0x8 + 0x3 * (v5 & ~ v0) - 0x8 * v0	0xb * ~ v0 - 0x3 * ~ (v0 | v5)	9	9	12	W→W
mba_flatten:1552	(v0 & v5) - (v0 & v2 & v5)	v0 & v5 & ~ v2	0x1 * (v0 & v5) - 0x1 * (v0 & v5 & v2)	9	5	14	W→W
mba_flatten:1554	0x3 * (~ v5 | v2) + 0x5 * (v0 & v5) - 0x5 * (v0 & v2 & v5) - 0x3 * (v0 | v2)	0x3 * (~ v5 | v2) + 0x5 * (v0 & v5 & ~ v2) - 0x3 * (v0 | v2)	0x2 * ~ (~ v0 | ~ v5 | v2) + 0x3 * ~ (v0 | v5 | v2)	19	16	19	T→W
mba_flatten:1559	0x4 * ~ v4 + 0x6 * (v4 & v1) - 0x4 * (v1 & ~ v2) - 0x4 * (v2 & v4 & v1) - 0x2 * (v2 & ~ v4)	-0x4 + 0x4 * (v1 & v2 & ~ v4) + 0x6 * (v4 & v1) - 0x4 * v1 - 0x4 * v4 - 0x2 * (v2 & ~ v4)	0x2 * (v1 ^ ~ v4 & (v1 ^ v2)) + 0x4 * ~ (v4 | v1 | v2)	23	21	19	L→L
mba_flatten:1560	(v0 & v5) - (v0 & v2 & v5)	v0 & v5 & ~ v2	0x1 * ~ (~ v0 | ~ v5 | v2)	9	5	10	W→W
mba_flatten:1564	~ (v0 ^ v5) + 0x2 * (v0 & v2) - 0x2 * (v0 & v2 & v5)	~ (v0 ^ v5) + 0x2 * (v0 & v2 & ~ v5)	0x1 * (v5 ^ (~ v0 | v5 ^ v2)) + 0x1 * (v0 & (v5 ^ v2))	14	11	18	W→W
mba_flatten:1567	0x5 * (v4 & v1) + 0x5 * (v4 & ~ v2) - 0xa * (v1 & ~ v2) - 0x5 * (v4 & v1 & v2)	0x5 * (v1 & v4 & ~ v2) + 0x5 * (v4 & ~ v2) - 0xa * (v1 & ~ v2)	(-0x1) * 0xa * ~ (v4 | ~ v1 | v2) + 0x5 * ~ (~ v4 | v1 | v2)	20	17	20	T→W
mba_flatten:1575	0x3 * (v1 & v2 & v4) - 0x3 * (v1 & v2) - 0x2 * ~ v2 + (v1 & ~ v4)	0x2 + 0x2 * v2 - 0x3 * (v1 & v2 & ~ v4) + (v1 & ~ v4)	(-0x1) * 0x1 * ~ (v4 | ~ v1 | v2) - 0x2 * (v2 ^ (v4 | ~ v1))	17	14	20	W→W
mba_flatten:1576	0x7 * (v2 & v5) - 0x7 * (v2 & v5 & v0)	0x7 * (v2 & v5 & ~ v0)	0x7 * (~ v0 & v5 & v2)	10	6	8	L→W
mba_flatten:1579	0x6 * ~ (v1 ^ v2) - 0x7 * (v1 & v2 & v4)	-0x6 - 0x7 * (v1 & v2 & v4) - 0x6 * (v1 ^ v2)	0x6 * ~ (v1 ^ v2) - 0x7 * (v4 & v1 & v2)	11	11	15	W→W
mba_flatten:1580	0x5 * (v0 & v2 & v5) + 0x6 * (v0 | v5) - 0x6 * (~ v2 | v5) - 0x5 * (v0 & v2)	0x6 * (v0 | v5) - 0x6 * (~ v2 | v5) - 0x5 * (v0 & v2 & ~ v5)	(-0x1) * 0x6 * ~ (v0 | v5 | v2) + 0x1 * (v0 & ~ v5 & v2)	19	16	18	L→W
mba_flatten:1581	0x2 * (v1 | v2) + 0x6 * (v1 & v4) - 0x6 * (v1 & v2 & v4) - 0x2 * (~ v4 | v2)	0x2 * (v1 | v2) + 0x6 * (v1 & v4 & ~ v2) - 0x2 * (~ v4 | v2)	0x8 * ~ (~ v4 | ~ v1 | v2) - 0x2 * ~ (v4 | v1 | v2)	19	16	20	W→W
mba_flatten:1582	0xb * (v0 & v2 & v5) + 0xc * (v2 & ~ v5) - 0xb * (v0 & v2) - (v0 & ~ v5)	0xc * (v2 & ~ v5) - 0xb * (v0 & v2 & ~ v5) - (v0 & ~ v5)	0xc * (~ v0 & ~ v5 & v2) - 0x1 * ~ (~ v0 | v5 | v2)	20	17	20	T→W
mba_flatten:1583	0xb * (v1 & v2) - 0xb * (v1 & v2 & v4)	0xb * (v1 & v2 & ~ v4)	0xb * (~ v4 & v1 & v2)	10	6	8	L→W
mba_flatten:1586	0x6 * (v2 & ~ (v0 | v5)) - 0xb * ~ (v0 | v5)	0xb + 0x6 * (v2 & ~ (v0 | v5)) + 0xb * (v0 | v5)	0x6 * (~ v0 & ~ v5 & v2) - 0xb * ~ (v0 | v5)	13	13	17	W→W
mba_flatten:1587	0x2 * ~ v1 + 0xd * (v2 & v4) + 0x11 * (v2 & v1) - 0xf * v2 - 0xf * (v2 & v4 & v1)	-0x2 - 0xf * v2 + 0xd * (v2 & v4) - 0x2 * v1 + 0x11 * (v2 & v1) - 0xf * (v2 & v4 & v1)	0x2 * (~ (v4 & v1) & ~ (v1 ^ v2)) - 0xd * (~ v4 & ~ v1 & v2)	19	19	22	W→W
mba_flatten:1602	-0x6 * (v2 & v5) + 0x6 * (v0 & v2 & v5)	(-0x6) * (v2 & v5 & ~ v0)	(-0x1) * 0x6 * (~ v0 & v5 & v2)	10	6	9	L→W
mba_flatten:1604	0x2 * (v0 | v2) + 0x3 * (v0 & v2 & v5) - 0x3 * (v2 & v5) - 0x2 * (~ v5 | v0)	0x2 * (v0 | v2) - 0x3 * (v2 & v5 & ~ v0) - 0x2 * (~ v5 | v0)	(-0x1) * 0x2 * ~ (v0 | v5 | v2) - 0x1 * (~ v0 & v5 & v2)	19	16	19	T→W
mba_flatten:1605	0x6 * v4 + 0x6 * (v1 | v2) + 0x9 * (v1 & v2 & v4) - 0xc * (v1 & v4) - 0x9 * (v2 & v4)	0x6 * v4 + 0x6 * (v1 | v2) - 0xc * (v1 & v4) - 0x9 * (v2 & v4 & ~ v1)	0x6 * (v4 ^ (v1 | v2)) + 0x3 * (v4 & ~ v1 & v2)	20	17	16	L→L
mba_flatten:1606	0x4 * (v0 | v2) + 0x8 * (v0 & v2 & v5) - 0x8 * (v0 & v5) - 0x4 * (~ v5 | v2)	0x4 * (v2 & ~ v0) - 0x4 * (~ v0 ^ ~ v2 & v5)	(-0x1) * 0x4 * (~ v2 & ~ (v0 ^ v5))	19	14	10	L→L
mba_flatten:1610	0x6 * (v0 & v5) - 0x7 * (v0 & v2 & v5) - (~ v5 | v2) + (v0 | v2)	0x1 + 0x6 * (v0 & v5) - 0x7 * (v0 & v2 & v5) + (v5 & ~ v2) + (v0 | v2)	0x8 * ~ (~ v0 | ~ v5 | v2) - 0x1 * (v5 ^ ~ (v0 | ~ v5 & v2))	18	18	23	W→W
mba_flatten:1611	0x9 * (~ v4 | v1) + 0x12 * (v2 & v4) - 0x12 * (v1 & v2 & v4) - 0x9 * (v1 | v2)	0x9 * (~ v2 ^ ~ v1 & v4) - 0x9 * (v1 & ~ v2)	0x9 * (v4 & ~ v1 & v2) + 0x9 * ~ (v4 | v1 | v2)	19	14	17	L→W
mba_flatten:1612	0x3 * (v0 & v2 & v5) - 0x2 * (v2 & v5) - (~ v5 | v0) + (v0 ^ v2)	0x1 + 0x3 * (v0 & v2 & v5) - 0x2 * (v2 & v5) + (v5 & ~ v0) + (v0 ^ v2)	(-0x1) * 0x1 * (~ (v0 & v5) & ~ (v0 ^ v5 ^ v2))	18	18	14	L→L
mba_flatten:1614	0x2 * (v0 ^ v5) + 0xb * (v0 & v2 & v5) - 0x7 * (v0 & v2) - 0x4 * (v2 & v5) - 0x2 * ~ v2	0x2 + 0x2 * v2 + 0x2 * (v0 ^ v5) + 0xb * (v0 & v2 & v5) - 0x7 * (v0 & v2) - 0x4 * (v2 & v5)	(-0x1) * 0x2 * (~ (v0 & ~ v5) & ~ (v0 ^ v5 ^ v2)) - 0x5 * (v0 & ~ v5 & v2)	21	21	25	W→W
mba_flatten:1615	-0x5 * ~ (v1 | v2) + (v4 & ~ (v1 | v2))	0x5 + 0x5 * (v1 | v2) + (v4 & ~ (v1 | v2))	(-0x1) * 0x5 * ~ (v4 | v1 | v2) - 0x4 * ~ (~ v4 | v1 | v2)	12	12	20	W→W
mba_flatten:1616	0x2 * (v0 & v5) - 0x3 * (~ v0 | v2) - 0x2 * (v0 & v5 & v2) - 0x2 * (v5 | v2)	-0x3 * (~ v0 | v2) - 0x2 * (v5 & ~ v0 | v2)	(-0x1) * 0x3 * ~ (v0 | v5 | v2) - 0x5 * (v2 | ~ (v0 | ~ v5))	19	13	20	W→W
mba_flatten:1617	0xb * (v4 & ~ (v1 | v2)) - 0xa * ~ (v1 | v2)	0xa + 0xa * (v1 | v2) + 0xb * (v4 & ~ (v1 | v2))	(-0x1) * 0xa * ~ (v4 | v1 | v2) + 0x1 * ~ (~ v4 | v1 | v2)	13	13	19	W→W
mba_flatten:1618	0x3 * ~ (v0 | v5) - 0x2 * (v2 & ~ (v0 | v5))	-0x3 - 0x3 * (v0 | v5) - 0x2 * (v2 & ~ (v0 | v5))	0x1 * (~ v0 & ~ v5 & v2) + 0x3 * ~ (v0 | v5 | v2)	13	13	18	W→W
mba_flatten:1619	0x3 * (v2 & ~ v1) + 0x4 * (v4 & ~ v1) + 0x7 * (v2 & v4 & v1) - 0x7 * (v2 & v4)	0x3 * (v2 & ~ v1) + 0x4 * (v4 & ~ v1) - 0x7 * (v2 & v4 & ~ v1)	0x3 * (~ v4 & ~ v1 & v2) + 0x4 * ~ (~ v4 | v1 | v2)	20	17	19	L→W
mba_flatten:1621	0x4 * (v4 & ~ v1) - 0x2 * ~ (v1 & v2 & v4) - 0x2 * (v2 & v4)	0x2 + 0x4 * (v4 & ~ v1) - 0x2 * (v2 & v4 & ~ v1)	0x4 * ~ (~ v4 | v1 | v2) - 0x2 * ~ (v4 & ~ v1 & v2)	16	13	20	W→W
mba_flatten:1624	0x5 * (v0 & v2 & v5) - 0x7 * ~ v2	0x7 + 0x7 * v2 + 0x5 * (v0 & v2 & v5)	(-0x1) * 0x7 * (v2 ^ ~ (v0 & v5 & v2)) + 0xc * (v0 & v5 & v2)	9	9	19	W→W
mba_flatten:1627	0x7 * v1 - v4 - 0x6 * (v1 & v4) + 0x8 * (v2 & v4) - 0x8 * (v1 & v2 & v4)	0x7 * v1 + 0x8 * (v2 & v4 & ~ v1) - 0x6 * (v1 & v4) - v4	(-0x1) * 0x1 * ~ (~ v4 | v1 | v2) + 0x7 * (v1 ^ v4 & (v1 | v2))	18	15	20	W→W
mba_flatten:1628	(-0x1) * ~ (v5 | v0 | v2)	0x1 + (v5 | v0 | v2)	(-0x1) * 0x1 * ~ (v0 | v5 | v2)	6	6	9	W→W
mba_flatten:1631	-0x3 * (v1 & ~ v4) - 0x3 * (v4 & v2) - ~ v4	v4 + 0x1 - 0x3 * (v1 & ~ v4) - 0x3 * (v4 & v2)	(-0x1) * 0x1 * ~ v4 - 0x3 * (v1 ^ v4 & (v1 ^ v2))	13	12	16	W→W
mba_flatten:1632	0xb * (v5 & v0) - 0xb * (v5 & v0 & v2) + (v5 & ~ v2)	0xb * (v0 & v5 & ~ v2) + (v5 & ~ v2)	0x1 * ~ (v0 | ~ v5 | v2) + 0xc * ~ (~ v0 | ~ v5 | v2)	14	11	20	W→W
mba_flatten:1633	0x3 * (v2 & v4) - 0x3 * (v2 & v4 & v1) - 0x3 * (v2 ^ v1)	0x3 * (v2 & v4 & ~ v1) - 0x3 * (v2 ^ v1)	(-0x1) * 0x3 * (~ (v4 & ~ v1) & (v1 ^ v2))	14	11	12	L→W
mba_flatten:1635	0x6 + 0x10 * (v1 & v2) - 0x5 * (v1 & v4 & v2) - 0x5 * (v2 & ~ v4) - 0x5 * (v1 | v4)	0x6 + 0x10 * (v1 & v2) - 0x5 * v1 - 0x5 * (v4 & ~ v1 | v2)	0x5 * ~ (v4 | v1 | v2) - 0xb * ~ (v1 & v2)	20	15	16	L→W
mba_flatten:1636	-(v0 & v2) + (v0 & v2 & v5)	(-0x1) * (v0 & v2 & ~ v5)	(-0x1) * 0x1 * (v0 & ~ v5 & v2)	9	6	9	T→W
mba_flatten:1637	0x2 * ~ v1 + 0x7 * (v1 & v4) - 0x5 * (v1 & v4 & v2)	-0x2 - 0x2 * v1 + 0x7 * (v1 & v4) - 0x5 * (v1 & v4 & v2)	0x7 * ~ (~ v4 | ~ v1 | v2) + 0x2 * (v1 ^ ~ (v4 & v1 & v2))	13	13	21	W→W
mba_flatten:1639	0x6 * (v1 | v4) - 0x6 * (~ v2 | v4) - (v1 & v2) + (v1 & v2 & v4)	0x6 * (v1 | v4) - 0x6 * (~ v2 | v4) - (v1 & v2 & ~ v4)	(-0x1) * 0x6 * ~ (v4 | v1 | v2) + 0x5 * (~ v4 & v1 & v2)	18	16	18	T→W
mba_flatten:1641	0x3 * ~ (v1 | v2) + 0x3 * (v1 & v4) + 0x8 * (v1 & v2 & v4)	-0x3 + 0x3 * (v1 & v4) + 0x8 * (v1 & v2 & v4) - 0x3 * (v1 | v2)	0x3 * (v2 ^ (v4 | ~ v1 | v2)) + 0xb * (v4 & v1 & v2)	15	15	18	W→W
mba_flatten:1645	-(v1 | v4) - (~ v2 | v1)	0x1 - (v1 | v4) + (v2 & ~ v1)	(-0x1) * 0x2 * ~ (~ v4 & ~ v1 & v2) + 0x1 * (~ v1 & ~ (v4 ^ v2))	10	10	21	W→W
mba_flatten:1646	0x2 * (v0 & v2) - 0x2 * (v0 & v2 & v5)	0x2 * (v0 & v2 & ~ v5)	0x2 * (v0 & ~ v5 & v2)	10	6	8	L→W
mba_flatten:1648	0x3 * ~ (v2 | v5) + 0x3 * (v0 & v2)	-0x3 + 0x3 * (v0 & v2) - 0x3 * (v2 | v5)	0x3 * (v0 & v2 | ~ (v5 | v2))	10	10	10	T→T
mba_flatten:1650	-0x7 * (v0 & v5) + 0x7 * (v0 & v2 & v5)	(-0x7) * (v0 & v5 & ~ v2)	(-0x1) * 0x7 * ~ (~ v0 | ~ v5 | v2)	10	6	11	W→W
mba_flatten:1652	0x6 * (v2 & v5) - 0x7 * ~ v0 - 0x6 * (v2 & v5 & v0)	0x7 + 0x6 * (v2 & v5 & ~ v0) + 0x7 * v0	(-0x1) * 0x7 * ~ v0 + 0x6 * (~ v0 & v5 & v2)	13	10	14	W→W
mba_flatten:1653	0x3 * (v2 & ~ (v1 | v4)) - 0x4 * ~ (v1 | v4)	0x4 + 0x3 * (v2 & ~ (v1 | v4)) + 0x4 * (v1 | v4)	(-0x1) * 0x4 * ~ (v4 | v1 | v2) - 0x1 * (~ v4 & ~ v1 & v2)	13	13	20	W→W
mba_flatten:1654	0xa * (v0 & v2) - 0xa * (v0 & v2 & v5)	0xa * (v0 & v2 & ~ v5)	0xa * (v0 & ~ v5 & v2)	10	6	8	L→W
mba_flatten:1656	0x4 * (v0 & v5) + 0x6 * (~ v0 | v2) - 0x6 * (v5 & v2) - 0x4 * (v0 & v5 & v2)	0x4 * (v0 & v5 & ~ v2) + 0x6 * (~ v0 | v2) - 0x6 * (v5 & v2)	(-0x1) * 0x2 * ~ (~ v0 | ~ v5 | v2) + 0x6 * (~ (v0 | v5) | v5 ^ v2)	19	16	22	W→W
mba_flatten:1658	-0x6 * (v0 & v5) + 0x6 * (v0 & v2 & v5)	(-0x6) * (v0 & v5 & ~ v2)	(-0x1) * 0x6 * ~ (~ v0 | ~ v5 | v2)	10	6	11	W→W
mba_flatten:1660	0x5 + 0x7 * (v0 & v2 & v5) + 0x7 * (v5 & ~ v2) + 0x7 * (v0 | v2) - 0x9 * (v0 & v5)	0x5 + 0x7 * v0 + 0x7 * (v2 & ~ v0 | v5) - 0x9 * (v0 & v5)	0x2 * (v5 ^ (v0 | ~ v5 & v2)) - 0x5 * ~ (v0 | v5 | v2)	20	15	20	T→W
mba_flatten:1661	0x7 * ~ (v1 & v4) + 0x9 * (v1 & v2 & v4) - 0x7 * (v2 & ~ v1) - 0x2 * (v2 & v4)	-0x7 + 0x9 * (v1 & v2 & v4) - 0x7 * (v1 & v4) - 0x7 * (v2 & ~ v1) - 0x2 * (v2 & v4)	0x7 * (v4 ^ v1 | ~ (v4 ^ v2)) - 0x9 * (v4 & ~ v1 & v2)	20	20	20	T→T
mba_flatten:1666	0x7 * (v0 & ~ v2) + 0x9 * (v5 & v2) - 0x9 * (v0 & v5 & v2) - 0x2 * (v5 & ~ v0)	0x7 * (v0 & ~ v2) + 0x9 * (v2 & v5 & ~ v0) - 0x2 * (v5 & ~ v0)	(-0x1) * 0x9 * ~ (v0 | ~ v5 | v2) + 0x7 * (v5 ^ ~ (~ v0 | v5 ^ v2))	20	17	22	W→W
mba_flatten:1668	(v0 & v5) - (v0 & v2 & v5)	v0 & v5 & ~ v2	0x1 * ~ (~ v0 | ~ v5 | v2)	9	5	10	W→W
mba_flatten:1670	0x7 * ~ (v2 ^ v0) + 0x7 * (v5 & v0) - 0xe * (v2 & v5 & v0) - 0x4 * (v5 & ~ v2)	0x7 * (~ v2 ^ ~ v5 & v0) - 0x4 * (v5 & ~ v2)	(-0x1) * 0x4 * (v5 & ~ v2) + 0x7 * (v2 ^ ~ (v0 & ~ v5))	20	14	17	L→W
mba_flatten:1672	-0x4 * (v2 & ~ (v0 | v5)) - ~ (v0 | v5)	0x1 - 0x4 * (v2 & ~ (v0 | v5)) + (v0 | v5)	(-0x1) * 0x5 * (~ v0 & ~ v5 & v2) - 0x1 * ~ (v0 | v5 | v2)	13	12	20	W→W
mba_flatten:1674	0xb * (v0 & v5) - 0xb * (v0 & v2 & v5) - (v0 ^ v2) + (~ v5 | v2)	0xb * (v0 & v5 & ~ v2) - (v0 ^ v2) + (~ v5 | v2)	0x1 * (v2 ^ ~ v0 & (~ v5 | v2)) + 0xa * ~ (~ v0 | ~ v5 | v2)	18	15	22	W→W
mba_flatten:1676	0x5 * (v0 & v2 & v5) - 0x2 * (v2 & v5) - (~ v5 | v0) + (v0 | v2)	0x1 + 0x5 * (v0 & v2 & v5) - 0x2 * (v2 & v5) + (v5 & ~ v0) + (v0 | v2)	0x3 * (v0 & v5 & v2) - 0x1 * ~ (v0 | v5 ^ v2)	18	18	17	L→L
mba_flatten:1678	0x4 * (v0 & v2) + 0x5 * ~ v0 + 0x6 * (v2 & v5) - 0x6 * (v5 & ~ v0) - 0x5 * v2 - 0x5 * (v0 & v2 & v5)	-0x5 + 0x4 * (v0 & v2) + 0x6 * (v2 & v5) - 0x6 * (v5 & ~ v0) - 0x5 * v0 - 0x5 * v2 - 0x5 * (v0 & v2 & v5)	(-0x1) * 0x1 * ((v0 ^ v5) & ~ (v0 ^ v2)) + 0x5 * ~ (v0 | v5 | v2)	24	24	20	L→L
mba_flatten:1679	-0x7 * ~ (v2 | v1 & v4) - 0x7 * (v2 & v4)	0x7 + 0x7 * (v2 | v1 & v4) - 0x7 * (v2 & v4)	(-0x1) * 0x7 * (v4 ^ v1 | ~ (v4 ^ v2)) + 0x7 * (~ v4 & v1 & v2)	12	12	20	W→W
mba_flatten:1683	0xc * (v2 & ~ v4) - ~ (v1 & v4 & v2) - (v1 & v2) + (v1 | v4)	0x1 + 0xc * (v2 & ~ v4) + (v1 & ~ v2 | v4)	(-0x1) * 0xc * ~ (v4 | v1 | v2) + 0xb * (~ v4 & (~ v1 | v2))	19	13	19	T→W
mba_flatten:1686	0xa * (v0 & v2 & v5) - 0x9 * (v0 & v5) - (~ v5 | v2) + (v0 ^ v2)	0x1 + 0xa * (v0 & v2 & v5) - 0x9 * (v0 & v5) + (v5 & ~ v2) + (v0 ^ v2)	(-0x1) * 0x1 * ((v0 | ~ v5) & ~ (v0 ^ v5 ^ v2)) - 0x7 * ~ (~ v0 | ~ v5 | v2)	18	18	26	W→W
mba_flatten:1687	0x8 * (v1 & v2) - 0x9 * (v1 & v4 & v2) - 0x7 * (v1 & ~ v4) - ~ (v4 & v2)	0x1 + 0x8 * (v1 & v2) - 0x9 * (v1 & v4 & v2) - 0x7 * (v1 & ~ v4) + (v4 & v2)	(-0x1) * 0x8 * ~ (v4 | ~ v1 | v2) - 0x1 * (v1 ^ ~ (v4 & (v1 | v2)))	20	19	22	W→W
mba_flatten:1688	0x2 * (v0 | v2) - 0x2 * (~ v5 | v2) - (v0 & v5) + (v0 & v2 & v5)	0x2 * (v0 | v2) - 0x2 * (~ v5 | v2) - (v0 & v5 & ~ v2)	(-0x1) * 0x2 * ~ (v0 | v5 | v2) + 0x1 * ~ (~ v0 | ~ v5 | v2)	18	16	20	W→W
mba_flatten:1689	0x5 * (~ v2 | v4) + 0xe * (v2 & v4 & v1) - 0xe * (v2 & v1) - 0x5 * (v4 & v1)	0x5 * (~ v2 | v4) - 0xe * (v1 & v2 & ~ v4) - 0x5 * (v4 & v1)	(-0x1) * 0x13 * (~ v4 & v1 & v2) + 0x5 * (v1 ^ ~ (~ v4 & (v1 | v2)))	19	16	21	W→W
mba_flatten:1690	0x2 * (v0 & v2) + 0x4 * ~ v0 + 0xa * (v0 & v5) + 0xa * (v2 & v5) - 0x6 * v5 - 0x6 * (v0 & v2 & v5) - 0x4 * v2	-0x4 - 0x4 * v0 - 0x4 * v2 + 0x2 * (v0 & v2) - 0x6 * v5 + 0xa * (v0 & v5) + 0xa * (v2 & v5) - 0x6 * (v0 & v2 & v5)	0x6 * (v5 ^ ~ (v0 | v2)) - 0x2 * (~ (v0 | ~ v5) | ~ (v0 ^ v5 ^ v2))	25	25	24	L→L
mba_flatten:1692	0x6 * (v2 & v0) + 0x8 * (v0 & v5) - 0x8 * (v2 & v0 & v5) - 0x7 * v0 - ~ v2	v2 + 0x1 + 0x6 * (v2 & v0) + 0x8 * (v0 & v5 & ~ v2) - 0x7 * v0	(-0x1) * 0x1 * ~ (v0 ^ v2) - 0x8 * ~ (~ v0 | v5 | v2)	19	15	18	L→W
mba_flatten:1694	0x3 * (v2 & ~ v0) + 0x5 * (v2 & v0 & v5) - 0x5 * (v2 & v5)	0x3 * (v2 & ~ v0) - 0x5 * (v2 & v5 & ~ v0)	0x3 * (~ v0 & ~ v5 & v2) - 0x2 * (~ v0 & v5 & v2)	15	12	19	W→W
mba_flatten:1695	0x9 * (v2 & ~ v1) - 0x8 * (v4 & ~ v1) - (v4 & v2) + (v1 & v4 & v2)	0x9 * (v2 & ~ v1) - 0x8 * (v4 & ~ v1) - (v2 & v4 & ~ v1)	(-0x1) * 0x8 * ~ (~ v4 | v1 | v2) + 0x9 * (~ v4 & ~ v1 & v2)	19	17	20	W→W
mba_flatten:1700	0x4 * (v0 & v2 & v5) + 0x6 * (v0 | v5) - 0x6 * (v0 & v2) - 0x4 * (v2 & v5)	0x6 * (v0 | v5) - 0x6 * (v0 & v2) - 0x4 * (v2 & v5 & ~ v0)	0x6 * (v2 ^ (v0 | v5 | v2)) + 0x2 * (~ v0 & v5 & v2)	18	15	18	T→W
mba_flatten:1702	0xf * ~ (v0 | v5) - 0x3 * (v2 & ~ (v0 | v5))	-0xf - 0xf * (v0 | v5) - 0x3 * (v2 & ~ (v0 | v5))	0xf * ~ (v0 | v5 | v2) + 0xc * (~ v0 & ~ v5 & v2)	13	13	18	W→W
mba_flatten:1704	0xd * v0 + 0x12 * (v5 & v0 & v2) - 0x16 * (v5 & v0) - 0xb * ~ v5 - 0x9 * (v5 & v2)	0xb + 0xb * v5 + 0xd * v0 - 0x16 * (v5 & v0) - 0x9 * (v5 & v2) + 0x12 * (v5 & v0 & v2)	0x2 * (v0 ^ v5 & v2) - 0xb * (v0 ^ (~ v5 | v2))	19	19	17	L→L
mba_flatten:1705	0x3 * (v2 & ~ v4) + 0x4 * (v1 & ~ v4) + 0x7 * (v2 & v1 & v4) - 0x7 * (v2 & v1)	0x3 * (v2 & ~ v4) + 0x4 * (v1 & ~ v4) - 0x7 * (v1 & v2 & ~ v4)	0x3 * (~ v4 & ~ v1 & v2) + 0x4 * ~ (v4 | ~ v1 | v2)	20	17	19	L→W
mba_flatten:1708	0x6 * (v0 | v5) + 0xc * (v2 & ~ v5) - 0x6 * ~ (v0 & v5 & v2) - 0x6 * (v0 & v2)	0x6 + 0x6 * (v0 & ~ v2 | v5) + 0xc * (v2 & ~ v5)	(-0x1) * 0xc * ~ (v0 | v5 | v2) + 0x6 * (v5 ^ (~ v0 | v5 | v2))	20	14	20	T→W
mba_flatten:1709	0x3 * (~ v1 | v4) + 0x7 * (v1 & v4 & v2) - 0x7 * (v1 & v2)	0x3 * (~ v1 | v4) - 0x7 * (v1 & v2 & ~ v4)	(-0x1) * 0xa * (~ v4 & v1 & v2) + 0x3 * (v4 | ~ v1 | v2)	15	12	18	W→W
mba_flatten:1714	0x3 * (v0 & v2 & v5) - 0x2 * (v0 & v5) - (~ v5 | v2) + (v0 ^ v2)	0x1 + 0x3 * (v0 & v2 & v5) - 0x2 * (v0 & v5) + (v5 & ~ v2) + (v0 ^ v2)	(-0x1) * 0x1 * ((v0 | ~ v5) & ~ (v0 ^ v5 ^ v2))	18	18	14	L→L
mba_flatten:1717	-0x2 * (v2 & v4) + 0x2 * (v1 & v2 & v4)	(-0x2) * (v2 & v4 & ~ v1)	(-0x1) * 0x2 * (v4 & ~ v1 & v2)	10	6	9	L→W
mba_flatten:1720	0x7 * (v2 & v5) + 0x12 * (v0 & v5) - 0x7 * (v0 & v2 & v5) - 0x7 * (v0 | v2)	0x12 * (v0 & v5) - 0x7 * (v2 & ~ v5 | v0)	(-0x1) * 0x7 * (v5 ^ (v0 | v5 | v2)) + 0xb * (v0 & v5)	18	12	16	L→W
mba_flatten:1721	-0x3 * (v1 & v2) + 0x3 * (v1 & v2 & v4)	(-0x3) * (v1 & v2 & ~ v4)	(-0x1) * 0x3 * (~ v4 & v1 & v2)	10	6	9	L→W
mba_flatten:1724	0xa * (v5 & ~ v0) + 0xb * (v5 & v0 & v2) - 0xb * (v5 & v2) - (v0 & v2)	0xa * (v5 & ~ v0) - 0xb * (v2 & v5 & ~ v0) - (v0 & v2)	(-0x1) * 0x1 * (v2 & (v0 | v5)) + 0xa * ~ (v0 | ~ v5 | v2)	19	16	18	L→W
mba_flatten:1725	0x5 * (v1 & ~ v4) + 0x7 * v2 + 0xc * (v1 & v2 & v4) - 0xc * (v1 & v2)	0x5 * (v1 & ~ v4) + 0x7 * v2 - 0xc * (v1 & v2 & ~ v4)	0x5 * ~ (v4 | ~ v1 | v2) + 0x7 * (v2 & (v4 | ~ v1))	17	14	18	W→W
mba_flatten:1726	0x7 * ~ (v0 & v2 & v5) + 0x7 * (v0 & v5) - 0x7 * (v0 | v2)	0x7 * ~ (v0 & ~ v5 | v2)	(-0x1) * 0x7 * (~ v0 & ~ v5 & v2) + 0x7 * (v0 & v5 ^ ~ (v0 ^ v5 & v2))	15	8	23	W→W
mba_flatten:1729	0xc * (v4 & ~ v1) + 0xd * (v4 & v1 & v2) - 0xd * (v4 & v2)	0xc * (v4 & ~ v1) - 0xd * (v2 & v4 & ~ v1)	0xc * ~ (~ v4 | v1 | v2) - 0x1 * (v4 & ~ v1 & v2)	15	12	19	W→W
mba_flatten:1735	0x3 * (v4 & ~ (v1 | v2)) - 0x4 * ~ (v1 | v2)	0x4 + 0x3 * (v4 & ~ (v1 | v2)) + 0x4 * (v1 | v2)	(-0x1) * 0x4 * ~ (v4 | v1 | v2) - 0x1 * ~ (~ v4 | v1 | v2)	13	13	20	W→W
mba_flatten:1736	-0x2 * (v0 & v2) + 0x2 * (v0 & v2 & v5)	(-0x2) * (v0 & v2 & ~ v5)	(-0x1) * 0x2 * (v0 & ~ v5 & v2)	10	6	9	L→W
mba_flatten:1739	0x5 * (v1 & v2 & v4) + 0x9 * (v1 | v4) - 0x9 * (~ v2 | v4) - 0x5 * (v1 & v2)	0x9 * (v1 | v4) - 0x9 * (~ v2 | v4) - 0x5 * (v1 & v2 & ~ v4)	0x4 * (~ v4 & v1 & v2) - 0x9 * ~ (v4 | v1 | v2)	19	16	18	L→W
mba_flatten:1740	0xb * ~ (v5 ^ v2) + 0xb * (v0 & v5) - 0x16 * (v0 & v5 & v2)	0xb * (~ v2 ^ ~ v0 & v5)	0xb * (v2 ^ (v0 | ~ v5))	15	8	8	L→T
mba_flatten:1741	0x9 * (v1 & v4) - 0x9 * (v2 & v1 & v4) + (v2 & ~ v4)	0x9 * (v1 & v4 & ~ v2) + (v2 & ~ v4)	0x1 * (v2 ^ v4 & (v1 | v2)) + 0x8 * ~ (~ v4 | ~ v1 | v2)	14	11	20	W→W
mba_flatten:1749	-~ (v1 | v4) - (v2 & (v1 ^ v4))	0x1 - (v2 & (v1 ^ v4)) + (v1 | v4)	(-0x1) * 0x1 * (v1 & ~ v2 ^ (~ v4 | v1 ^ v2))	12	11	14	W→W
mba_flatten:1754	0x2 * (v0 & ~ v5) + 0x2 * (v2 & ~ v5) + 0x9 * (v0 & v2) - 0x9 * (v0 & v2 & v5)	0x2 * (v0 & ~ v5) + 0x2 * (v2 & ~ v5) + 0x9 * (v0 & v2 & ~ v5)	0x2 * (~ v5 & (v0 ^ v2)) + 0xd * (v0 & ~ v5 & v2)	20	17	17	L→T
mba_flatten:1755	-0xc * (v2 & v4) + 0xc * (v1 & v2 & v4)	(-0xc) * (v2 & v4 & ~ v1)	(-0x1) * 0xc * (v4 & ~ v1 & v2)	10	6	9	L→W
mba_flatten:1756	~ (v0 & v2) + (v0 & v2 & v5)	~ (v0 & v2 & ~ v5)	0x1 * ~ (v0 & ~ v5 & v2)	9	6	9	T→W
mba_flatten:1757	0x16 * (v2 | v4) - 0x16 * (v1 & v4) - 0xb * ~ (v1 & v2 & v4)	0xb + 0xb * (v1 & v2 & v4) + 0x16 * (v2 | v4) - 0x16 * (v1 & v4)	(-0x1) * 0xb * (v2 ^ (~ v4 | v1 | v2)) + 0xb * (v1 ^ (v4 | v1 ^ v2))	15	15	21	W→W
mba_flatten:1758	-0x2 * (v0 & v2) + 0x2 * (v0 & v2 & v5)	(-0x2) * (v0 & v2 & ~ v5)	(-0x1) * 0x2 * (v0 & ~ v5 & v2)	10	6	9	L→W
mba_flatten:1760	0x2 * ~ (v2 & v0) - 0x2 * (v5 & ~ v2)	-0x2 - 0x2 * (v2 & v0) - 0x2 * (v5 & ~ v2)	0x2 * (v0 & v2 ^ ~ (v5 & ~ v2))	11	11	11	T→T
mba_flatten:1762	-0xa * (v0 & v5) + 0xa * (v0 & v2 & v5)	(-0xa) * (v0 & v5 & ~ v2)	(-0x1) * 0xa * ~ (~ v0 | ~ v5 | v2)	10	6	11	W→W
mba_flatten:1765	0x6 * (v1 | v2) + 0xc * (v1 & v2 & v4) - 0xc * (v1 & v4) - 0x6 * (~ v4 | v2)	0x6 * (v2 & ~ v1) - 0x6 * (~ v1 ^ ~ v2 & v4)	(-0x1) * 0x6 * ~ (~ v4 | ~ v1 | v2) - 0x6 * ~ (v4 | v1 | v2)	19	14	21	W→W
mba_flatten:1768	0x3 * (v0 & v2) - 0xb * (v0 & ~ v5) - 0x3 * (v0 & v2 & v5)	0x3 * (v0 & v2 & ~ v5) - 0xb * (v0 & ~ v5)	(-0x1) * 0x8 * (v0 & ~ v5 & v2) - 0xb * ~ (~ v0 | v5 | v2)	15	12	20	W→W
mba_flatten:1769	0x2 * ~ v4 + 0x9 * (v1 & v2 & v4) - 0x9 * (v1 & v4)	-0x2 - 0x9 * (v1 & v4 & ~ v2) - 0x2 * v4	(-0x1) * 0xb * ~ (~ v4 | ~ v1 | v2) + 0x2 * ~ (v4 & (~ v1 | v2))	13	10	21	W→W
mba_flatten:1772	-0xb * ~ (v0 ^ v5) - (v0 & v5 & v2) + (v0 & v2)	0xb + 0xb * (v0 ^ v5) + (v0 & v2 & ~ v5)	(-0x1) * 0xb * ~ (v0 ^ v5) + 0x1 * (v0 & ~ v5 & v2)	14	11	16	W→W
mba_flatten:1775	-0x7 * (v4 & ~ (v1 | v2)) - 0x5 * ~ (v1 ^ v2)	0x5 + 0x5 * (v1 ^ v2) - 0x7 * (v4 & ~ (v1 | v2))	(-0x1) * 0xc * ~ (~ v4 | v1 | v2) - 0x5 * (~ (v4 & ~ v1) & ~ (v1 ^ v2))	13	13	24	W→W
mba_flatten:1776	0x6 * (v2 & v0 & v5) + 0x10 * (v0 & ~ v2) - 0xb * (v0 & v5) - 0x5 * ~ v2	0x5 + 0x5 * v2 + 0x6 * (v2 & v0 & v5) + 0x10 * (v0 & ~ v2) - 0xb * (v0 & v5)	(-0x1) * 0x5 * (v2 ^ (~ v0 | ~ v5 & v2)) + 0xb * ~ (~ v0 | v5 | v2)	18	18	22	W→W
mba_flatten:1778	-~ (v0 & v2) - (v2 & v5) + (v0 & ~ v5) + (v2 & ~ (v0 & v5))	v2 + 0x1 - (v0 & v2 & v5) - (v2 & v5) + (v0 & v2) + (v0 & ~ v5)	(-0x1) * 0x1 * (v5 | ~ (v0 ^ v2)) + 0x3 * (v0 & ~ v5 & v2)	20	19	18	L→L
mba_flatten:1779	0x3 * (v1 & ~ v2) - (v1 & v4) + (v1 & v2 & v4)	0x3 * (v1 & ~ v2) - (v1 & v4 & ~ v2)	0x2 * ~ (~ v4 | ~ v1 | v2) + 0x3 * ~ (v4 | ~ v1 | v2)	14	12	20	W→W
mba_flatten:1780	0x9 * (v0 & ~ v2) - (v0 & v5) + (v0 & v2 & v5)	0x9 * (v0 & ~ v2) - (v0 & v5 & ~ v2)	0x9 * ~ (~ v0 | v5 | v2) + 0x8 * ~ (~ v0 | ~ v5 | v2)	14	12	20	W→W
mba_flatten:1782	0xd * (v2 & v5) - 0xd * (v2 & v5 & v0) - (v2 | v0) + (~ v5 | v0)	0xd * (v2 & v5 & ~ v0) - (v2 | v0) + (~ v5 | v0)	0x1 * ~ (v0 | v5 | v2) + 0xc * (~ v0 & v5 & v2)	18	15	17	L→W
mba_flatten:1783	0x7 * ~ v4 - 0x7 * (v1 & ~ (v2 & v4))	-0x7 - 0x7 * v1 - 0x7 * v4 + 0x7 * (v1 & v2 & v4)	0x7 * (v1 ^ (~ v4 | v1 & v2)) - 0xe * ~ (~ v4 | ~ v1 | v2)	11	11	22	W→W
mba_flatten:1784	0x11 * (v5 & v2) - 0x11 * (v0 & v5 & v2) - 0x9 * (v2 & ~ v0) - 0x8 * (v5 & ~ v0)	0x11 * (v2 & v5 & ~ v0) - 0x9 * (v2 & ~ v0) - 0x8 * (v5 & ~ v0)	(-0x1) * 0x8 * ~ (v0 | ~ v5 | v2) - 0x9 * (~ v0 & ~ v5 & v2)	20	17	21	W→W
mba_flatten:1791	0x4 * (v4 & v2) - 0x7 * (~ v2 | v1) - 0x4 * (v1 & v4 & v2) - 0x4 * (v1 | v4)	-0x7 * (~ v2 | v1) - 0x4 * (v4 & ~ v2 | v1)	(-0x1) * 0xb * (v1 | v4 & ~ v2) - 0x7 * ~ (v4 | v1 | v2)	19	13	19	T→W
mba_flatten:1793	-0x12 * (v1 & v4) + 0x12 * (v1 & v2 & v4)	(-0x12) * (v1 & v4 & ~ v2)	(-0x1) * 0x12 * ~ (~ v4 | ~ v1 | v2)	10	6	11	W→W
mba_flatten:1795	0x4 * (v2 & v4) - 0x4 * (v2 & v4 & v1) - 0x4 * (v4 ^ v1)	0x4 * (v2 & v4 & ~ v1) - 0x4 * (v4 ^ v1)	(-0x1) * 0x4 * (v1 ^ ~ (~ v4 | ~ v1 & v2))	14	11	13	L→W
mba_flatten:1799	-0x2 * ~ v4 + ((v1 | v2) & ~ v4)	0x2 + 0x2 * v4 + ((v1 | v2) & ~ v4)	(-0x1) * 0x1 * (~ v4 & (v1 | v2)) - 0x2 * ~ (v4 | v1 | v2)	10	10	19	W→W
mba_flatten:1801	0x2 * (v2 & v4) + 0xa * (v2 & v4 & v1) - 0xb * (v2 & v1) - 0xa * ~ v2 - v4	~ (v4 ^ v2) + 0xa * (v2 & v4 & v1) - 0xb * ~ v2 - 0xb * (v2 & v1)	0x1 * (v2 ^ (~ v4 | v1 & v2)) - 0xb * (v2 ^ ~ (~ v4 & v1 & v2))	19	17	23	W→W
mba_flatten:1804	0x3 * (v5 & ~ (v0 | v2)) - 0x2 * ~ (v0 | v2)	0x2 + 0x2 * (v0 | v2) + 0x3 * (v5 & ~ (v0 | v2))	(-0x1) * 0x2 * ~ (v0 | v5 | v2) + 0x1 * ~ (v0 | ~ v5 | v2)	13	13	19	W→W
mba_flatten:1806	0x5 * (v0 | v2) + 0xa * (v0 & v2 & v5) - 0xa * (v0 & v5) - 0x5 * (~ v5 | v2)	0x5 * (v2 & ~ v0) - 0x5 * (~ v0 ^ ~ v2 & v5)	(-0x1) * 0x5 * ((v0 | ~ v5) & ~ (v0 ^ v5 ^ v2)) + 0x5 * (v0 & ~ v5 & v2)	19	14	23	W→W
mba_flatten:1807	0x4 * (v2 & v4) - 0x4 * (v2 & v4 & v1) - 0x4 * (v4 ^ v1)	0x4 * (v2 & v4 & ~ v1) - 0x4 * (v4 ^ v1)	(-0x1) * 0x4 * (v1 ^ ~ (~ v4 | ~ v1 & v2))	14	11	13	L→W
mba_flatten:1808	-0x5 * (v0 & v2) + 0x5 * (v0 & v2 & v5)	(-0x5) * (v0 & v2 & ~ v5)	(-0x1) * 0x5 * (v0 & ~ v5 & v2)	10	6	9	L→W
mba_flatten:1809	0x6 * (v1 & v2 & v4) + 0x6 * (v1 & ~ v4) - 0xd * (v1 & v2) - 0x7 * ~ (v2 | v4)	0x7 + 0x6 * (v1 & v2 & v4) + 0x6 * (v1 & ~ v4) + 0x7 * (v2 | v4) - 0xd * (v1 & v2)	(-0x1) * 0x7 * (v4 & v2 ^ ~ (v4 ^ ~ v1 & v2)) + 0x6 * ~ (v4 | ~ v1 | v2)	20	20	24	W→W
mba_flatten:1810	-0xd * (v2 & v5) + 0xd * (v0 & v2 & v5)	(-0xd) * (v2 & v5 & ~ v0)	(-0x1) * 0xd * (~ v0 & v5 & v2)	10	6	9	L→W
mba_flatten:1811	0x15 * (v1 & v4 & v2) - 0x7 * ~ (v1 ^ v4) - 0x7 * (v1 & v2) - 0x7 * (v4 & v2)	0x7 + 0x7 * (v1 ^ v4) + 0x15 * (v1 & v4 & v2) - 0x7 * (v1 & v2) - 0x7 * (v4 & v2)	(-0x1) * 0x7 * (~ (v4 | v1) | ~ (v4 ^ v1 ^ v2))	19	19	14	L→L
mba_flatten:1812	0x6 * (v2 & v5) - 0x6 * (v2 & v5 & v0)	0x6 * (v2 & v5 & ~ v0)	0x6 * (~ v0 & v5 & v2)	10	6	8	L→W
mba_flatten:1813	0x2 * ~ (v1 & v2 | v4) + 0x2 * (v1 & v4)	-0x2 + 0x2 * (v1 & v4) - 0x2 * (v1 & v2 | v4)	(-0x1) * 0x2 * (~ v4 & v1 & v2) + 0x2 * ~ (v4 & ~ v1)	12	12	17	W→W
mba_flatten:1815	0x2 * (v2 & ~ (v1 | v4)) - 0x7 * ~ (v1 | v4)	0x7 + 0x2 * (v2 & ~ (v1 | v4)) + 0x7 * (v1 | v4)	(-0x1) * 0x7 * ~ (v4 | v1 | v2) - 0x5 * (~ v4 & ~ v1 & v2)	13	13	20	W→W
mba_flatten:1816	-0x7 * ~ (v0 & v5) - 0x7 * (v0 & v5 & v2)	(-0x7) * ~ (v0 & v5 & ~ v2)	(-0x1) * 0x7 * (~ v0 | ~ v5 | v2)	11	7	10	L→W
mba_flatten:1818	0x7 * ~ (v5 ^ v2) + 0x7 * (v0 & v5) - 0xe * (v0 & v5 & v2)	0x7 * (~ v2 ^ ~ v0 & v5)	0x7 * (v2 ^ (v0 | ~ v5))	15	8	8	L→T
mba_flatten:1819	-0x5 + 0x7 * (v2 & v4) - 0x6 * (v1 & v2 & v4) - 0x6 * (v4 & ~ v1) - 0x6 * (v1 | v2)	-0x5 + 0x7 * (v2 & v4) - 0x6 * v2 - 0x6 * (v1 & ~ v2 | v4)	0x6 * ~ (v4 | v1 | v2) - 0x1 * ~ (v4 & v2)	20	15	16	L→W
mba_flatten:1823	0x5 * (v2 & v4) - 0x5 * (v2 & v4 & v1)	0x5 * (v2 & v4 & ~ v1)	0x5 * (v4 & ~ v1 & v2)	10	6	8	L→W
mba_flatten:1824	0x6 * (~ v2 | v0) + 0x8 * (v0 & v5) - 0x8 * (v0 & v2 & v5) - 0x7 * v0 - 0x7 * (v5 & ~ v2)	0x6 * (~ v2 | v0) + 0x8 * (v0 & v5 & ~ v2) - 0x7 * v0 - 0x7 * (v5 & ~ v2)	0x6 * ~ (v0 | v5 | v2) - 0x1 * ~ (v0 ^ (~ v5 | v2))	22	19	19	L→T
mba_flatten:1830	0x2 * (v2 & v5) - 0x3 * (v0 & v2 & v5) - (v5 & ~ v0) - (v0 ^ v2)	0x2 * (v2 & v5) - 0x3 * (v0 & v2 & v5) - v5 - (v0 ^ v2) + (v0 & v5)	(-0x1) * 0x1 * (v0 & v5 | v0 ^ v5 ^ v2)	19	19	12	L→L
mba_flatten:1832	0x7 * (v0 | v2) - 0x7 * ~ (v2 & v5) - 0x7 * (v0 & v2 & v5) - 0x7 * (v0 & v5)	0x7 + 0x7 * (v2 & v5 & ~ v0) + 0x7 * (v0 | v2) - 0x7 * (v0 & v5)	(-0x1) * 0x7 * (v5 | ~ (v0 | v2)) + 0xe * (~ v0 & v5 & v2)	19	16	18	L→W
mba_flatten:1834	0xe * (v0 & v5) - 0x10 * (v0 & ~ v2) - 0xe * (v0 & v5 & v2)	0xe * (v0 & v5 & ~ v2) - 0x10 * (v0 & ~ v2)	(-0x1) * 0x10 * ~ (~ v0 | v5 | v2) - 0x2 * ~ (~ v0 | ~ v5 | v2)	15	12	22	W→W
mba_flatten:1838	0x4 * (v0 | v5) + 0x6 * (v0 & v2) - 0x6 * (v0 & v2 & v5) - 0x4 * (~ v2 | v5)	0x4 * (v0 | v5) + 0x6 * (v0 & v2 & ~ v5) - 0x4 * (~ v2 | v5)	(-0x1) * 0x4 * ~ (v0 | v5 | v2) + 0xa * (v0 & ~ v5 & v2)	19	16	18	L→W
mba_flatten:1839	(-0x1) * ~ (v4 & (v1 | v2))	0x1 + (v4 & (v1 | v2))	(-0x1) * 0x1 * ~ (v4 & (v1 | v2))	7	7	9	W→W
mba_flatten:1843	0x3 * ~ (v1 & v4 & v2) + 0x6 * (v1 & v2) - 0x3 * (v2 & ~ v4) - 0x3 * (v1 | v4)	-0x3 + 0x6 * (v1 & v2) - 0x3 * v1 - 0x3 * (v4 & ~ v1 | v2)	0x3 * (~ (v4 & ~ v1) & ~ (v1 ^ v2))	20	15	12	L→L
mba_flatten:1844	0x5 * (v0 & v5) + 0x7 * (~ v0 | v2) - 0x5 * (v0 & v5 & v2) - 0x5 * (v5 | v2)	0x7 * (~ v0 | v2) - 0x5 * (v5 & ~ v0 | v2)	0x2 * (v2 | ~ (v0 | ~ v5)) + 0x7 * ~ (v0 | v5 | v2)	19	13	18	L→W
mba_flatten:1845	0x4 * (v1 | v2) - 0x4 * ~ (v1 & v2 & v4) - 0x4 * (v2 & v4)	(-0x4) * ~ (v2 & ~ v4 | v1)	(-0x1) * 0x4 * (v1 ^ ~ (~ v4 & ~ v1 & v2))	15	8	13	L→W
mba_flatten:1849	0x4 * (v2 & ~ v4) + 0x7 * (v1 & v4 & v2) - 0x7 * (v1 & v2) - 0x3 * (v4 & ~ v1)	0x4 * (v2 & ~ v4) - 0x7 * (v1 & v2 & ~ v4) - 0x3 * (v4 & ~ v1)	0x4 * (~ v4 & ~ v1 & v2) - 0x3 * (v1 ^ ~ (~ v4 & (~ v1 | v2)))	20	17	23	W→W
mba_flatten:1851	0x2 * (v2 ^ v4) - (v1 & ~ v2) + (v2 & v4 & v1) + (v4 & v1)	0x2 * (v2 ^ v4) - v1 + (v2 & v1) + (v2 & v4 & v1) + (v4 & v1)	0x2 * (v2 ^ ~ (~ v4 | v1 & v2)) - 0x1 * ~ (v4 | ~ v1 | v2)	17	17	22	W→W
mba_flatten:1853	0x7 * (v2 & ~ (v1 | v4)) - 0x12 * ~ (v1 | v4)	0x12 + 0x7 * (v2 & ~ (v1 | v4)) + 0x12 * (v1 | v4)	(-0x1) * 0x12 * ~ (v4 | v1 | v2) - 0xb * (~ v4 & ~ v1 & v2)	13	13	20	W→W
mba_flatten:1854	(-0x1) * (v0 & ~ (v2 & v5))	-v0 + (v0 & v2 & v5)	(-0x1) * 0x1 * ~ (~ v0 | v5 & v2)	7	7	10	W→W
mba_flatten:1855	-0x2 * (v2 & v4) - ~ (v2 & v1) + (v2 & v4 & v1)	0x1 - 0x2 * (v2 & v4) + (v2 & v1) + (v2 & v4 & v1)	(-0x1) * 0x3 * (v4 & ~ v1 & v2) - 0x1 * (~ v2 | ~ (v4 ^ v1))	14	13	20	W→W
mba_flatten:1857	0x9 * (v1 & v2) - 0x9 * (v1 & v2 & v4)	0x9 * (v1 & v2 & ~ v4)	0x9 * (~ v4 & v1 & v2)	10	6	8	L→W
mba_flatten:1858	0x7 * ~ (v0 & v2 & v5) + 0x7 * (v0 & v2) - 0x7 * (v2 ^ v5)	-0x7 + 0x7 * (v0 & v2 & ~ v5) - 0x7 * (v2 ^ v5)	0x7 * (v0 & ~ v5 | ~ (v5 ^ v2))	15	12	11	L→L
mba_flatten:1863	0xa * (v1 & v4) - 0xa * (v1 & v4 & v2)	0xa * (v1 & v4 & ~ v2)	0xa * ~ (~ v4 | ~ v1 | v2)	10	6	10	T→W
mba_flatten:1868	0x5 * (v0 & v2 & v5) + 0x7 * ~ (v0 & v5) - 0x5 * (v2 & v5) - 0x2 * (v2 & ~ v0)	-0x7 - 0x7 * (v0 & v5) - 0x5 * (v2 & v5 & ~ v0) - 0x2 * (v2 & ~ v0)	(-0x1) * 0x2 * (~ v0 & ~ v5 & v2) + 0x7 * (v5 ^ (v0 | ~ v5 | v2))	20	17	21	W→W
mba_flatten:1869	0x2 * (v1 & v2) - (v1 & v2 & v4) - (v1 & ~ v4) - (v2 & v4)	-v1 + 0x2 * (v1 & v2) + (v1 & v4) - (v2 & v4) - (v1 & v2 & v4)	0x1 * (v2 & ~ (v4 & ~ v1)) - 0x1 * (v2 ^ ~ (v4 | ~ v1))	19	19	20	W→W
mba_flatten:1870	0x5 * ~ (v0 & v2 & v5) + 0xa * (v0 & v5) - 0x5 * (v5 & ~ v2) - 0x5 * (v0 | v2)	-0x5 + 0xa * (v0 & v5) - 0x5 * v0 - 0x5 * (v2 & ~ v0 | v5)	0x5 * (v5 ^ ~ (v0 | ~ v5 & v2))	20	15	11	L→L
mba_flatten:1872	0xa * (v0 & v2 & v5) + 0xc * (v5 & ~ v0) - 0xa * (v2 & v5) - 0x2 * (v2 & ~ v0)	0xc * (v5 & ~ v0) - 0xa * (v2 & v5 & ~ v0) - 0x2 * (v2 & ~ v0)	(-0x1) * 0x2 * (~ v0 & ~ v5 & v2) + 0xc * ~ (v0 | ~ v5 | v2)	20	17	20	T→W
mba_flatten:1875	0x6 * ~ (v2 & v1) - 0x6 * (v4 & ~ v2) - (v2 & v4 & v1) + (v4 & v1)	-0x6 - 0x6 * (v2 & v1) - 0x6 * (v4 & ~ v2) + (v1 & v4 & ~ v2)	0x6 * (v4 & v2 ^ ~ (v4 ^ v1 & v2)) + 0x1 * ~ (~ v4 | ~ v1 | v2)	19	16	23	W→W
mba_flatten:1876	0x2 * ~ (v0 & v2) + 0x2 * (v5 & ~ v0) + 0x6 * (v5 & v0 & v2) - 0x2 * (v5 & v2)	-0x2 + 0x2 * (v5 & ~ v0) + 0x6 * (v5 & v0 & v2) - 0x2 * (v0 & v2) - 0x2 * (v5 & v2)	0x2 * (v5 & (v0 | ~ v2)) + 0x2 * ~ (v0 & (v5 ^ v2))	20	20	17	L→L
mba_flatten:1878	0x4 * (v0 & v2) - 0x4 * (v0 & v2 & v5)	0x4 * (v0 & v2 & ~ v5)	0x4 * (v0 & ~ v5 & v2)	10	6	8	L→W
mba_flatten:1883	0xb * (v1 & v2 & v4) - 0xb * (v1 & v4) - 0x4 * ~ v1	0x4 + 0x4 * v1 - 0xb * (v1 & v4 & ~ v2)	(-0x1) * 0x4 * ~ v1 - 0xb * ~ (~ v4 | ~ v1 | v2)	13	10	17	W→W
mba_flatten:1887	0x7 * (v1 & v2) - 0x7 * (v1 & v2 & v4)	0x7 * (v1 & v2 & ~ v4)	0x7 * (~ v4 & v1 & v2)	10	6	8	L→W
mba_flatten:1889	-0x5 * (v2 & v4) + 0x5 * (v1 & v2 & v4)	(-0x5) * (v2 & v4 & ~ v1)	(-0x1) * 0x5 * (v4 & ~ v1 & v2)	10	6	9	L→W
mba_flatten:1890	0x7 * ~ (v0 ^ v2) - 0x8 * (v5 & ~ (v0 | v2))	-0x7 - 0x8 * (v5 & ~ (v0 | v2)) - 0x7 * (v0 ^ v2)	(-0x1) * 0x1 * ~ (v0 | ~ v5 | v2) + 0x7 * (v2 ^ ~ v0 & (~ v5 | v2))	13	13	22	W→W
mba_flatten:1891	-0x4 * (v1 & v2) + 0x4 * (v1 & v2 & v4)	(-0x4) * (v1 & v2 & ~ v4)	(-0x1) * 0x4 * (~ v4 & v1 & v2)	10	6	9	L→W
mba_flatten:1895	-0x2 * ~ (v1 | v2) - 0x2 * (v4 & (v1 ^ v2))	0x2 + 0x2 * (v1 | v2) - 0x2 * (v4 & (v1 ^ v2))	(-0x1) * 0x2 * (v1 & v2 ^ ~ (~ v4 & (v1 ^ v2)))	12	12	14	W→W
mba_flatten:1897	0x6 * (v2 & v4) - 0x6 * (v2 & v4 & v1)	0x6 * (v2 & v4 & ~ v1)	0x6 * (v4 & ~ v1 & v2)	10	6	8	L→W
mba_flatten:1899	0xa * (v1 & ~ v2) + 0xb * (v1 & v4) - 0xb * (v1 & v4 & v2)	0xa * (v1 & ~ v2) + 0xb * (v1 & v4 & ~ v2)	0xa * ~ (v4 | ~ v1 | v2) + 0x15 * ~ (~ v4 | ~ v1 | v2)	15	12	20	W→W
mba_flatten:1909	0x3 * ~ (v0 & v1) - v0 * v1	-0x3 - 0x3 * (v0 & v1) - v0 * v1	-v0 * v1 + 0x3 * ~ (v0 & v1)	10	10	11	W→W
mba_flatten:1910	-(~ v0 | v1) - v0 * v1	0x1 - v0 * v1 + (v0 & ~ v1)	-v0 * v1 - ~ (v0 & ~ v1)	10	10	11	W→W
mba_flatten:1912	-~ (v0 | v1) - v0 * v1	0x1 - v0 * v1 + (v0 | v1)	-v0 * v1 + 0x1 * v0 - (v0 | ~ v1)	10	9	13	W→W
mba_flatten:1915	0x2 * ~ v0 - v0 * v1 + (v0 & v1)	-0x2 - 0x2 * v0 - v0 * v1 + (v0 & v1)	-v0 * v1 + 0x1 * ~ (v0 & ~ v1) + 0x1 * ~ v0	11	11	16	W→W
mba_flatten:1917	0x2 * ~ (v0 ^ v1) - v0 * v1	-0x2 - 0x2 * (v0 ^ v1) - v0 * v1	-v0 * v1 + 0x2 * ~ (v0 ^ v1)	10	10	11	W→W
mba_flatten:1920	-(~ v0 | v1) - v0 * v1	0x1 - v0 * v1 + (v0 & ~ v1)	-v0 * v1 - ~ (v0 & ~ v1)	10	10	11	W→W
mba_flatten:1926	-~ v0 + (v0 & v1) + v0 * v1	v0 + 0x1 + (v0 & v1) + v0 * v1	-(-0x1) * v1 * v0 + 0x1 * v0 - ~ (v0 & v1)	10	9	14	W→W
mba_flatten:1933	0x3 * ~ (v0 & v1) + v0 * v1	-0x3 - 0x3 * (v0 & v1) + v0 * v1	-(-0x1) * v1 * v0 + 0x3 * ~ (v0 & v1)	9	9	12	W→W
mba_flatten:1934	0x5 * ~ v0 + v0 * v1	-0x5 - 0x5 * v0 + v0 * v1	-(-0x1) * v1 * v0 + 0x5 * ~ v0	7	7	10	W→W
mba_flatten:1935	-0x2 - (v0 & ~ v1) + v0 * v1	-0x2 - v0 + (v0 & v1) + v0 * v1	-(-0x1) * v1 * v0 + 0x1 * ~ (v0 & ~ v0) + 0x1 * ~ (v0 & ~ v1)	10	10	20	W→W
mba_flatten:1938	-(v0 & ~ v1) + v0 * v1	-v0 + (v0 & v1) + v0 * v1	-(-0x1) * v1 * v0 + 0x1 * v1 - (v0 | v1)	9	9	13	W→W
mba_flatten:1939	v1 - ~ v0 + v0 * v1	v0 + v1 + 0x1 + v0 * v1	-(-0x1) * v1 * v0 - ~ (v0 & v1) + 0x1 * (v0 | v1)	8	7	16	W→W
mba_flatten:1947	-0x4 * ~ (v0 ^ v1) - v0 * v1	0x4 + 0x4 * (v0 ^ v1) - v0 * v1	v0 * (-0x1) * v1 - 0x4 * ~ (v0 ^ v1)	10	10	12	W→W
mba_flatten:1953	-(~ v0 | v1) - v0 * v1	0x1 - v0 * v1 + (v0 & ~ v1)	v0 * (-0x1) * v1 - ~ (v0 & ~ v1)	10	10	11	W→W
mba_flatten:1959	-(~ v1 | v0) - v0 * v1	0x1 - v0 * v1 + (v1 & ~ v0)	v0 * (-0x1) * v1 - (v0 | ~ v1)	10	10	10	T→T
mba_flatten:1963	-(v0 & ~ v1) - v0 * v1	-v0 - v0 * v1 + (v0 & v1)	(-0x1) * v1 * v0 + 0x1 * v1 - (v0 | v1)	10	10	12	W→W
mba_flatten:1977	0x3 * v0 - ~ (v0 & v1) - v0 * v1	0x1 + 0x3 * v0 - v0 * v1 + (v0 & v1)	v0 * (-0x1) * v1 + 0x3 * v0 - ~ (v0 & v1)	12	11	13	W→W
mba_flatten:1980	0x2 * v1 - ~ (v0 & v1) - v0 * v1	0x1 + 0x2 * v1 - v0 * v1 + (v0 & v1)	v0 * (-0x1) * v1 + 0x2 * v1 - ~ (v0 & v1)	12	11	13	W→W
mba_flatten:1988	0x2 * v0 - 0x3 * (v0 & v1) - v1 - ~ (v0 * v1)	0x1 + 0x2 * v0 - 0x3 * (v0 & v1) - v1 + v0 * v1	~ ((-0x1) * v0) * v1 - 0x2 * ~ (v0 & ~ v1) + 0x1 * ~ (v0 & v1)	14	13	20	W→W
mba_flatten:1989	0x3 * ~ (v0 & v1) - v0 * v1	-0x3 - 0x3 * (v0 & v1) - v0 * v1	v0 * (-0x1) * v1 + 0x3 * ~ (v0 & v1)	10	10	11	W→W
mba_flatten:1998	-~ v0 - v0 * v1	v0 + 0x1 - v0 * v1	v0 * (-0x1) * v1 - ~ v0	8	7	8	T→W
mba_flatten:2067	0xb * v1 - 0x2 * ~ (v0 & v1) + v0 * v1	0x2 + 0x2 * (v0 & v1) + 0xb * v1 + v0 * v1	v0 * v1 + 0xb * v1 - 0x2 * ~ (v0 & v1)	11	11	14	W→W
mba_flatten:2068	-0x2 * (v0 & ~ v1) - ~ v1 + v0 * v1	v1 + 0x1 - 0x2 * (v0 & ~ v1) + v0 * v1	v0 * v1 - 0x1 * ~ (v0 | v1) - 0x3 * (v0 & ~ v1)	12	11	18	W→W
mba_flatten:2074	0x9 * (v0 & v1) - 0xb * v0 - 0x2 * ~ v1 + v0 * v1	0x2 + 0x2 * v1 + 0x9 * (v0 & v1) - 0xb * v0 + v0 * v1	v0 * v1 - 0xd * (v0 & ~ v1) - 0x2 * ~ (v0 ^ v1)	13	13	18	W→W
mba_flatten:2076	-v0 - ~ v1 + v0 * v1	v1 + 0x1 - v0 + v0 * v1	v0 * v1 - 0x1 * ~ (v0 ^ v1) - 0x2 * (v0 & ~ v1)	9	8	18	W→W
mba_flatten:2078	-~ v0 + v0 * v1	v0 + 0x1 + v0 * v1	v0 * v1 - 0x1 * ~ v0	7	6	9	W→W
mba_flatten:2079	-0x4 * (v0 | v1) - ~ (v0 * v1)	0x1 - 0x4 * (v0 | v1) + v0 * v1	v0 * v1 - 0x5 * ~ (v0 & ~ v0) + 0x4 * ~ (v0 | v1)	10	9	18	W→W
mba_flatten:2082	-v0 - ~ (v0 * v1)	0x1 - v0 + v0 * v1	v0 * v1 - 0x1 * ~ v0 - 0x2 * v0	8	7	13	W→W
mba_flatten:2090	-0x4 * (v1 & ~ v0) - ~ v0 + v0 * v1	v0 + 0x1 - 0x4 * (v1 & ~ v0) + v0 * v1	v0 * v1 - 0x5 * ~ (v0 | ~ v1) - 0x1 * ~ (v0 | v1)	12	11	19	W→W
mba_flatten:2092	-(~ v1 | v0) + v0 * v1	0x1 + (v1 & ~ v0) + v0 * v1	v0 * v1 - 0x1 * ~ (v0 ^ v1) - 0x1 * (v0 & ~ v1)	9	9	18	W→W
mba_flatten:2094	v1 - ~ v0 + (v0 & v1) + v0 * v1	v0 + v1 + 0x1 + (v0 & v1) + v0 * v1	v0 * v1 + 0x3 * (v0 & v1) - 0x1 * ~ (v0 ^ v1)	11	10	16	W→W
mba_flatten:2101	0x9 * ~ v0 - 0x5 * (v1 & ~ v0) + v0 * v1	-0x9 - 0x9 * v0 - 0x5 * (v1 & ~ v0) + v0 * v1	v0 * v1 + 0x4 * ~ (v0 | ~ v1) + 0x9 * ~ (v0 | v1)	12	12	17	W→W
mba_flatten:2105	0x3 * (v1 & ~ v0) - ~ v0 + v0 * v1	v0 + 0x1 + 0x3 * (v1 & ~ v0) + v0 * v1	v0 * v1 + 0x2 * ~ v0 - 0x3 * ~ (v0 | v1)	12	11	15	W→W
mba_flatten:2107	0x2 * ~ v1 - 0x9 * (v0 & ~ v1) + v0 * v1	-0x2 - 0x9 * (v0 & ~ v1) - 0x2 * v1 + v0 * v1	v0 * v1 + 0x2 * ~ v1 - 0x9 * (v0 & ~ v1)	12	12	15	W→W
mba_flatten:2109	-0x16 * ~ v1 - 0xb * (v0 & v1) + v0 * v1	0x16 + 0x16 * v1 - 0xb * (v0 & v1) + v0 * v1	v0 * v1 - 0xb * ~ v1 - 0xb * (v0 | ~ v1)	11	11	16	W→W
mba_flatten:2111	0x6 * (v0 & v1) + 0x9 * ~ v1 - 0x3 * v0 + v0 * v1	0x3 * ~ (v0 ^ v1) + 0x6 * ~ v1 + v0 * v1	v0 * v1 + 0x3 * ~ (v0 ^ v1) + 0x6 * ~ v1	13	12	14	W→W
mba_flatten:2112	-0x2 * v1 - ~ v0 + (v0 & v1) + v0 * v1	v0 + 0x1 - 0x2 * v1 + (v0 & v1) + v0 * v1	v0 * v1 - 0x1 * ~ (v0 & ~ v1) - 0x2 * ~ (v0 | ~ v1)	12	11	20	W→W
mba_flatten:2117	0x2 * v0 - 0x3 * (v0 & v1) - ~ v1 + v0 * v1	v1 + 0x1 + 0x2 * v0 - 0x3 * (v0 & v1) + v0 * v1	v0 * v1 + 0x2 * (v0 & ~ v1) - 0x1 * (v0 | ~ v1)	13	12	17	W→W
mba_flatten:2119	-0x2 * ~ v0 - (v0 & v1) + v0 * v1	0x2 + 0x2 * v0 - (v0 & v1) + v0 * v1	v0 * v1 - 0x2 * ~ v0 - 0x1 * (v0 & v1)	11	11	15	W→W
mba_flatten:2122	0x3 * ~ v1 + 0x7 * (v0 & v1) - 0x4 * v0 + v0 * v1	-0x3 + 0x7 * (v0 & v1) - 0x4 * v0 - 0x3 * v1 + v0 * v1	v0 * v1 - 0x4 * (v0 & ~ v1) + 0x3 * (v0 | ~ v1)	13	13	17	W→W
mba_flatten:2123	-(v1 & ~ v0) + v0 * v1	-v1 + (v0 & v1) + v0 * v1	v0 * v1 - 0x1 * ~ (v0 & ~ v0) + 0x1 * (v0 | ~ v1)	9	9	18	W→W
mba_flatten:2129	-0x5 * v1 - 0x2 * ~ v0 + v0 * v1	0x2 + 0x2 * v0 - 0x5 * v1 + v0 * v1	v0 * v1 - 0x5 * v1 - 0x2 * ~ v0	9	9	13	W→W
mba_flatten:2130	-~ v0 + v0 * v1	v0 + 0x1 + v0 * v1	v0 * v1 - 0x1 * ~ (v0 & v1) + 0x1 * (v0 & ~ v1)	7	6	17	W→W
mba_flatten:2134	0x4 * ~ v0 + 0x7 * (v0 & v1) + v0 * v1	-0x4 + 0x7 * (v0 & v1) - 0x4 * v0 + v0 * v1	v0 * v1 + 0x7 * ~ (v0 & ~ v1) - 0x3 * ~ v0	11	11	16	W→W
mba_flatten:2135	-0x2 * (v0 & v1) - ~ (v0 * v1)	0x1 - 0x2 * (v0 & v1) + v0 * v1	v0 * v1 - 0x1 * ~ (v0 & ~ v0) - 0x2 * (v0 & v1)	10	9	18	W→W
mba_flatten:2136	0xb * ~ v0 + v0 * v1	-0xb - 0xb * v0 + v0 * v1	v0 * v1 + 0xb * ~ (v0 | v1) + 0xb * ~ (v0 | ~ v1)	7	7	17	W→W
mba_flatten:2139	-0x4 * ~ (v0 ^ v1) + v0 * v1	0x4 + 0x4 * (v0 ^ v1) + v0 * v1	v0 * v1 - 0x4 * ~ (v0 | v1) - 0x4 * (v0 & v1)	9	9	17	W→W
mba_flatten:2144	0x7 * ~ (v0 ^ v1) + v0 * v1	-0x7 - 0x7 * (v0 ^ v1) + v0 * v1	v0 * v1 - 0x7 * (v0 & ~ v1) + 0x7 * (v0 | ~ v1)	9	9	17	W→W
mba_flatten:2147	0xb * ~ v1 - 0x3 * (v0 & v1) + v0 * v1	-0xb - 0xb * v1 - 0x3 * (v0 & v1) + v0 * v1	v0 * v1 - 0xe * (v0 & v1) + 0xb * (v0 | ~ v1)	11	11	16	W→W
mba_flatten:2148	-0x3 * ~ (v0 ^ v1) + v0 * v1	0x3 + 0x3 * (v0 ^ v1) + v0 * v1	v0 * v1 - 0x3 * ~ (v0 | v1) - 0x3 * (v0 & v1)	9	9	17	W→W
mba_flatten:2150	0x7 * (v0 & v1) - 0x6 * v0 - ~ (v0 * v1)	0x1 + 0x7 * (v0 & v1) - 0x6 * v0 + v0 * v1	v0 * v1 + 0x6 * ~ v0 - 0x7 * ~ (v0 & v1)	12	11	15	W→W
mba_flatten:2157	-0x4 * ~ (v0 ^ v1) + v0 * v1	0x4 + 0x4 * (v0 ^ v1) + v0 * v1	v0 * v1 - 0x4 * ~ (v0 ^ v1)	9	9	11	W→W
mba_flatten:2159	0x3 * ~ (v0 | v1) + v0 * v1	-0x3 - 0x3 * (v0 | v1) + v0 * v1	v0 * v1 + 0x3 * ~ (v0 | v1)	9	9	10	W→W
mba_flatten:2161	0x3 * v1 - 0x2 * (v0 & v1) - ~ (v0 * v1)	0x1 + 0x3 * v1 - 0x2 * (v0 & v1) + v0 * v1	v0 * v1 + 0x2 * ~ (v0 | ~ v1) - 0x1 * ~ v1	12	11	16	W→W
mba_flatten:2171	0x3 * v1 - 0x4 * (v0 & v1) - ~ v0 + v0 * v1	v0 + 0x1 + 0x3 * v1 - 0x4 * (v0 & v1) + v0 * v1	v0 * v1 + 0x2 * ~ (v0 | ~ v1) - 0x1 * ~ (v0 ^ v1)	13	12	18	W→W
mba_flatten:2173	-0x2 * ~ (v0 ^ v1) + v0 * v1	0x2 + 0x2 * (v0 ^ v1) + v0 * v1	v0 * v1 - 0x2 * ~ (v0 ^ v1)	9	9	11	W→W
mba_flatten:2174	-0x2 * ~ v1 + v0 * v1	0x2 + 0x2 * v1 + v0 * v1	v0 * v1 + 0x2 * v1 - 0x2 * ~ (v0 & ~ v0)	7	7	15	W→W
mba_flatten:2177	-0x4 * v0 - ~ v1 + v0 * v1	v1 + 0x1 - 0x4 * v0 + v0 * v1	v0 * v1 - 0x1 * ~ v1 - 0x4 * v0	9	8	13	W→W
mba_flatten:2178	-0x4 * ~ v1 + v0 * v1	0x4 + 0x4 * v1 + v0 * v1	v0 * v1 - 0x4 * ~ v1	7	7	9	W→W
mba_flatten:2179	0x2 * ~ (v0 ^ v1) + v0 * v1	-0x2 - 0x2 * (v0 ^ v1) + v0 * v1	v0 * v1 + 0x2 * ~ (v0 ^ v1)	9	9	10	W→W
mba_flatten:2186	-0xb * ~ v0 + (v0 & v1) + v0 * v1	0xb + 0xb * v0 + (v0 & v1) + v0 * v1	v0 * v1 + 0x1 * (v0 & v1) - 0xb * ~ v0	10	10	14	W→W
mba_flatten:2188	-0x3 * ~ v1 + (v0 & v1) + v0 * v1	0x3 + 0x3 * v1 + (v0 & v1) + v0 * v1	v0 * v1 + 0x1 * (v0 & v1) - 0x3 * ~ v1	10	10	14	W→W
mba_flatten:2193	0x4 * ~ v1 + 0x5 * (v0 & v1) + v0 * v1	-0x4 + 0x5 * (v0 & v1) - 0x4 * v1 + v0 * v1	v0 * v1 - 0x1 * ~ v1 + 0x5 * (v0 | ~ v1)	11	11	15	W→W
mba_flatten:2198	0x5 * ~ v0 - 0x7 * v1 + v0 * v1	-0x5 - 0x7 * v1 - 0x5 * v0 + v0 * v1	v0 * v1 + 0x5 * ~ v0 - 0x7 * v1	9	9	12	W→W
mba_flatten:2203	0x2 * ~ v0 - 0x3 * (v1 & ~ v0) + v0 * v1	-0x2 - 0x3 * (v1 & ~ v0) - 0x2 * v0 + v0 * v1	v0 * v1 - 0x3 * ~ (v0 | ~ v1) + 0x2 * ~ v0	12	12	16	W→W
mba_flatten:2207	-~ (v0 & v1) + v0 * v1	0x1 + (v0 & v1) + v0 * v1	v0 * v1 - 0x1 * (v0 & ~ v1) - 0x1 * ~ v0	9	8	16	W→W
mba_flatten:2208	-v0 - (~ v1 | v0) + v0 * v1	0x1 - v0 + (v1 & ~ v0) + v0 * v1	v0 * v1 - 0x1 * v0 - 0x1 * (v0 | ~ v1)	11	11	15	W→W
mba_flatten:2210	-0x7 * ~ v1 + v0 * v1	0x7 + 0x7 * v1 + v0 * v1	v0 * v1 - 0x7 * (v0 | ~ v1) + 0x7 * (v0 & v1)	7	7	16	W→W
mba_flatten:2212	0x3 * ~ v1 - 0x3 * (v0 & v1) + v0 * v1	-0x3 - 0x3 * v1 - 0x3 * (v0 & v1) + v0 * v1	v0 * v1 - 0x3 * v1 + 0x3 * ~ (v0 & v1)	11	11	14	W→W
mba_flatten:2214	0x9 * (v0 & v1) - 0xa * v0 - 0xa * v1 - ~ (v0 * v1)	0x1 + 0x9 * (v0 & v1) - 0xa * v0 - 0xa * v1 + v0 * v1	v0 * v1 - 0x1 * ~ (v0 ^ v1) - 0xb * (v0 | v1)	14	13	17	W→W
mba_flatten:2215	-0x6 * ~ v0 - 0x6 * (v1 & ~ v0) + v0 * v1	0x6 + 0x6 * v0 - 0x6 * (v1 & ~ v0) + v0 * v1	v0 * v1 - 0xc * ~ (v0 | ~ v1) - 0x6 * ~ (v0 | v1)	12	12	19	W→W
mba_flatten:2220	0x11 * v1 - 0x17 * (v0 & v1) - 0x11 * ~ v0 + v0 * v1	0x11 + 0x11 * v0 + 0x11 * v1 - 0x17 * (v0 & v1) + v0 * v1	v0 * v1 - 0x6 * (v0 & v1) - 0x11 * ~ (v0 | v1)	13	13	17	W→W
mba_flatten:2221	-0xb * ~ v1 - 0x7 * (v0 & ~ v1) + v0 * v1	0xb + 0xb * v1 - 0x7 * (v0 & ~ v1) + v0 * v1	v0 * v1 - 0xb * ~ (v0 | v1) - 0x12 * (v0 & ~ v1)	12	12	18	W→W
mba_flatten:2223	0x2 * ~ v0 + 0x5 * (v1 & ~ v0) + v0 * v1	-0x2 + 0x5 * (v1 & ~ v0) - 0x2 * v0 + v0 * v1	v0 * v1 + 0x7 * ~ (v0 | ~ v1) + 0x2 * ~ (v0 | v1)	12	12	17	W→W
mba_flatten:2224	0x2 - (v1 & ~ v0) + v0 * v1	0x2 - v1 + (v0 & v1) + v0 * v1	v0 * v1 - 0x2 * ~ (v0 & ~ v0) - 0x1 * ~ (v0 | ~ v1)	10	10	20	W→W
mba_flatten:2227	0xb * (v0 & ~ v1) - 0x5 * ~ v1 + v0 * v1	0x5 + 0x5 * v1 + 0xb * (v0 & ~ v1) + v0 * v1	v0 * v1 - 0x5 * ~ (v0 | v1) + 0x6 * (v0 & ~ v1)	12	12	17	W→W
mba_flatten:2228	-0x4 * ~ v0 + v0 * v1	0x4 + 0x4 * v0 + v0 * v1	v0 * v1 + 0x4 * (v0 & v1) - 0x4 * ~ (v0 & ~ v1)	7	7	17	W→W
mba_flatten:2230	0x3 * ~ v1 + v0 * v1	-0x3 - 0x3 * v1 + v0 * v1	v0 * v1 + 0x3 * ~ (v0 | v1) + 0x3 * (v0 & ~ v1)	7	7	16	W→W
mba_flatten:2231	0x13 * v1 - 0x12 * (v0 & v1) - ~ (v0 * v1)	0x1 + 0x13 * v1 - 0x12 * (v0 & v1) + v0 * v1	v0 * v1 + 0x13 * ~ (v0 | ~ v1) - 0x1 * ~ (v0 & v1)	12	11	18	W→W
mba_flatten:2233	0x6 * v0 - 0x8 * (v0 & v1) - 0x2 * ~ v1 + v0 * v1	0x2 + 0x2 * v1 + 0x6 * v0 - 0x8 * (v0 & v1) + v0 * v1	v0 * v1 - 0x2 * ~ (v0 ^ v1) + 0x4 * (v0 & ~ v1)	13	13	17	W→W
mba_flatten:2236	0x9 * ~ v1 - 0x6 * (v0 & ~ v1) + v0 * v1	-0x9 - 0x9 * v1 - 0x6 * (v0 & ~ v1) + v0 * v1	v0 * v1 + 0x9 * ~ (v0 | v1) + 0x3 * (v0 & ~ v1)	12	12	16	W→W
mba_flatten:2237	0x8 * (v1 & ~ v0) - 0x9 * ~ v0 + v0 * v1	0x9 + 0x8 * (v1 & ~ v0) + 0x9 * v0 + v0 * v1	v0 * v1 - 0x1 * ~ (v0 | ~ v1) - 0x9 * ~ (v0 | v1)	12	12	19	W→W
mba_flatten:2238	-0x4 * (v0 | v1) - ~ (v0 * v1)	0x1 - 0x4 * (v0 | v1) + v0 * v1	v0 * v1 + 0x4 * ~ (v0 | v1) - 0x5 * ~ (v0 & ~ v0)	10	9	18	W→W
mba_flatten:2243	0xc * v1 - 0x16 * (v0 & v1) - 0xc * ~ v0 + v0 * v1	0xc + 0xc * v0 + 0xc * v1 - 0x16 * (v0 & v1) + v0 * v1	v0 * v1 - 0xc * ~ (v0 | v1) - 0xa * (v0 & v1)	13	13	17	W→W
mba_flatten:2244	-0x3 * v1 - (~ v0 | v1) + v0 * v1	0x1 - 0x3 * v1 + (v0 & ~ v1) + v0 * v1	v0 * v1 + 0x3 * ~ (v0 | v1) - 0x4 * ~ (v0 & ~ v1)	11	11	18	W→W
mba_flatten:2245	-~ v0 - (v1 & ~ v0) + v0 * v1	v0 + 0x1 - v1 + (v0 & v1) + v0 * v1	v0 * v1 - 0x1 * ~ (v0 | v1) - 0x2 * ~ (v0 | ~ v1)	12	11	19	W→W
mba_flatten:2246	-0xb * (v0 & v1) - 0x7 * ~ v0 + v0 * v1	0x7 + 0x7 * v0 - 0xb * (v0 & v1) + v0 * v1	v0 * v1 - 0x4 * (v0 & v1) - 0x7 * ~ (v0 & ~ v1)	11	11	18	W→W
mba_flatten:2247	-0x3 * ~ (v0 | v1) + v0 * v1	0x3 + 0x3 * (v0 | v1) + v0 * v1	v0 * v1 + 0x3 * (v0 & v1) - 0x3 * ~ (v0 ^ v1)	9	9	16	W→W
mba_flatten:2252	-0x4 * ~ (v0 | v1) + v0 * v1	0x4 + 0x4 * (v0 | v1) + v0 * v1	v0 * v1 - 0x4 * ~ (v0 | v1)	9	9	11	W→W
mba_flatten:2260	0x2 * ~ (v0 ^ v1) + v0 * v1	-0x2 - 0x2 * (v0 ^ v1) + v0 * v1	v0 * v1 + 0x2 * ~ (v0 | v1) + 0x2 * (v0 & v1)	9	9	15	W→W
mba_flatten:2262	0x2 * ~ v0 - 0x2 * (v0 & v1) + v0 * v1	-0x2 - 0x2 * v0 - 0x2 * (v0 & v1) + v0 * v1	v0 * v1 + 0x2 * ~ (v0 & ~ v1) - 0x4 * (v0 & v1)	11	11	17	W→W
mba_flatten:2264	-~ v1 + v0 * v1	v1 + 0x1 + v0 * v1	v0 * v1 - 0x1 * ~ v1	7	6	9	W→W
mba_flatten:2266	0xb * (v1 & ~ v0) - 0x7 * ~ v0 + v0 * v1	0x7 + 0x7 * v0 + 0xb * (v1 & ~ v0) + v0 * v1	v0 * v1 - 0x7 * ~ (v0 | v1) + 0x4 * ~ (v0 | ~ v1)	12	12	18	W→W
mba_flatten:2268	-(v1 & ~ v0) + v0 * v1	-v1 + (v0 & v1) + v0 * v1	v0 * v1 - 0x1 * ~ (v0 & ~ v0) + 0x1 * (v0 | ~ v1)	9	9	18	W→W
mba_flatten:2269	-0x2 * ~ v0 + v0 * v1	0x2 + 0x2 * v0 + v0 * v1	v0 * v1 - 0x2 * ~ (v0 | ~ v1) - 0x2 * ~ (v0 | v1)	7	7	19	W→W
mba_flatten:2273	-0x5 * ~ v1 + v0 * v1	0x5 + 0x5 * v1 + v0 * v1	v0 * v1 - 0x5 * (v0 | ~ v1) + 0x5 * (v0 & v1)	7	7	16	W→W
mba_flatten:2274	v1 + 0x3 * (v0 & v1) - ~ v0 + v0 * v1	v0 + v1 + 0x1 + 0x3 * (v0 & v1) + v0 * v1	v0 * v1 - 0x1 * ~ (v0 ^ v1) + 0x5 * (v0 & v1)	12	11	16	W→W
mba_flatten:2277	0x3 * ~ v1 + 0x8 * v0 - 0x5 * (v0 & v1) + v0 * v1	-0x3 + 0x8 * v0 - 0x5 * (v0 & v1) - 0x3 * v1 + v0 * v1	v0 * v1 + 0x3 * ~ (v0 ^ v1) + 0xb * (v0 & ~ v1)	13	13	16	W→W
mba_flatten:2282	0x2 * ~ (v0 ^ v1) + v0 * v1	-0x2 - 0x2 * (v0 ^ v1) + v0 * v1	v0 * v1 + 0x2 * ~ (v0 ^ v1)	9	9	10	W→W
mba_flatten:2284	0x18 * ~ v1 - 0xb * (v0 & ~ v1) + v0 * v1	-0x18 - 0x18 * v1 - 0xb * (v0 & ~ v1) + v0 * v1	v0 * v1 + 0xd * (v0 & ~ v1) + 0x18 * ~ (v0 | v1)	12	12	16	W→W
mba_flatten:2285	0xb * ~ v0 + 0x1d * (v0 & v1) - 0xb * v1 + v0 * v1	-0xb + 0x1d * (v0 & v1) - 0xb * v0 - 0xb * v1 + v0 * v1	v0 * v1 + 0x12 * (v0 & v1) + 0xb * ~ (v0 | v1)	13	13	15	W→W
mba_flatten:2289	0x9 * (v1 & ~ v0) - 0x2 * ~ v0 + v0 * v1	0x2 + 0x2 * v0 + 0x9 * (v1 & ~ v0) + v0 * v1	v0 * v1 + 0x7 * ~ (v0 | ~ v1) - 0x2 * ~ (v0 | v1)	12	12	18	W→W
mba_flatten:2290	-~ (v0 | v1) + v0 * v1	0x1 + (v0 | v1) + v0 * v1	v0 * v1 - 0x1 * ~ (v0 | v1)	9	8	11	W→W
mba_flatten:2296	0x6 * v1 - ~ (v0 * v1)	0x1 + 0x6 * v1 + v0 * v1	v0 * v1 - 0x1 * ~ (v0 & ~ v0) + 0x6 * v1	8	7	15	W→W
mba_flatten:2298	-(v1 & ~ v0) + v0 * v1	-v1 + (v0 & v1) + v0 * v1	v0 * v1 - 0x1 * ~ (v0 & ~ v1) + 0x1 * ~ (v0 ^ v1)	9	9	18	W→W
mba_flatten:2299	-~ (v0 & v1) + v0 * v1	0x1 + (v0 & v1) + v0 * v1	v0 * v1 - 0x1 * (v0 & ~ v1) - 0x1 * ~ v0	9	8	16	W→W
mba_flatten:2300	-0x5 * ~ v1 - (v0 & ~ v1) + v0 * v1	0x5 + 0x5 * v1 - v0 + (v0 & v1) + v0 * v1	v0 * v1 - 0x1 * (v0 & ~ v1) - 0x5 * ~ v1	12	12	16	W→W
mba_flatten:2301	0x2 * ~ v0 - 0x7 * (v0 & v1) + v0 * v1	-0x2 - 0x7 * (v0 & v1) - 0x2 * v0 + v0 * v1	v0 * v1 + 0x2 * ~ v0 - 0x7 * (v0 & v1)	11	11	14	W→W
mba_flatten:2302	0x8 * ~ v0 + 0xc * (v0 & v1) - 0x8 * v1 + v0 * v1	-0x8 + 0xc * (v0 & v1) - 0x8 * v0 - 0x8 * v1 + v0 * v1	v0 * v1 + 0x4 * (v0 & v1) + 0x8 * ~ (v0 | v1)	13	13	15	W→W
mba_flatten:2306	0x4 * (v0 & ~ v1) - 0x3 * ~ v1 + v0 * v1	0x3 + 0x3 * v1 + 0x4 * (v0 & ~ v1) + v0 * v1	v0 * v1 - 0x3 * ~ v1 + 0x4 * (v0 & ~ v1)	12	12	15	W→W
mba_flatten:2308	-0x4 * ~ (v0 & v1) + v0 * v1	0x4 + 0x4 * (v0 & v1) + v0 * v1	v0 * v1 - 0x4 * ~ (v0 & v1)	9	9	11	W→W
mba_flatten:2313	0x4 * v1 - 0x7 * (v0 & v1) - 0x3 * ~ v0 + v0 * v1	0x3 + 0x3 * v0 + 0x4 * v1 - 0x7 * (v0 & v1) + v0 * v1	v0 * v1 + 0x4 * ~ (v0 | ~ v1) - 0x3 * ~ (v0 & ~ v1)	13	13	19	W→W
mba_flatten:2316	0xb * ~ v1 - 0x6 * (v0 & ~ v1) + v0 * v1	-0xb - 0xb * v1 - 0x6 * (v0 & ~ v1) + v0 * v1	v0 * v1 + 0xb * ~ (v0 | v1) + 0x5 * (v0 & ~ v1)	12	12	16	W→W
mba_flatten:2317	0x2 * ~ v1 + 0x5 * (v0 & ~ v1) + v0 * v1	-0x2 + 0x5 * (v0 & ~ v1) - 0x2 * v1 + v0 * v1	v0 * v1 + 0x7 * (v0 & ~ v1) + 0x2 * ~ (v0 | v1)	12	12	16	W→W
mba_flatten:2318	-(v0 & ~ v1) + v0 * v1	-v0 + (v0 & v1) + v0 * v1	v0 * v1 - 0x1 * (v0 & ~ v1)	9	9	11	W→W
mba_flatten:2319	0x2 * ~ (v0 ^ v1) + v0 * v1	-0x2 - 0x2 * (v0 ^ v1) + v0 * v1	v0 * v1 + 0x2 * (v0 | ~ v1) - 0x2 * (v0 & ~ v1)	9	9	17	W→W
mba_flatten:2320	0xb * (v1 & ~ v0) - 0x9 * ~ v0 + v0 * v1	0x9 + 0x9 * v0 + 0xb * (v1 & ~ v0) + v0 * v1	v0 * v1 + 0x2 * ~ (v0 | ~ v1) - 0x9 * ~ (v0 | v1)	12	12	18	W→W
mba_flatten:2321	0x3 * (v0 & ~ v1) - 0x5 * ~ v1 + v0 * v1	0x5 + 0x3 * (v0 & ~ v1) + 0x5 * v1 + v0 * v1	v0 * v1 + 0x3 * (v0 & ~ v1) - 0x5 * ~ v1	12	12	15	W→W
mba_flatten:2325	-~ (v0 & v1) + v0 * v1	0x1 + (v0 & v1) + v0 * v1	v0 * v1 - 0x1 * ~ v1 - 0x1 * ~ (v0 | ~ v1)	9	8	17	W→W
mba_flatten:2327	-0xb * ~ v0 - (v0 & v1) + v0 * v1	0xb + 0xb * v0 - (v0 & v1) + v0 * v1	v0 * v1 + 0xa * (v0 & v1) - 0xb * ~ (v0 & ~ v1)	11	11	17	W→W
mba_flatten:2332	-0x7 * ~ v1 + v0 * v1	0x7 + 0x7 * v1 + v0 * v1	v0 * v1 - 0x7 * ~ v1	7	7	9	W→W
mba_flatten:2333	0xb * v1 - 0x13 * (v0 & v1) - 0x8 * ~ v0 + v0 * v1	0x8 + 0x8 * v0 + 0xb * v1 - 0x13 * (v0 & v1) + v0 * v1	v0 * v1 - 0xb * ~ (v0 ^ v1) + 0x3 * ~ (v0 & ~ v1)	13	13	18	W→W
mba_flatten:2334	-0x12 * ~ v1 - 0x5 * (v0 & ~ v1) + v0 * v1	0x12 + 0x12 * v1 - 0x5 * (v0 & ~ v1) + v0 * v1	v0 * v1 - 0x12 * ~ (v0 | v1) - 0x17 * (v0 & ~ v1)	12	12	18	W→W
mba_flatten:2335	-0x2 * ~ v0 - 0x2 * (v1 & ~ v0) + v0 * v1	0x2 + 0x2 * v0 - 0x2 * (v1 & ~ v0) + v0 * v1	v0 * v1 + 0x2 * ~ (v0 | v1) - 0x4 * ~ v0	12	12	15	W→W
mba_flatten:2343	-0x4 * ~ v1 + v0 * v1	0x4 + 0x4 * v1 + v0 * v1	v0 * v1 - 0x4 * ~ v1	7	7	9	W→W
mba_flatten:2345	0x3 * ~ v1 - 0x5 * (v0 & ~ v1) + v0 * v1	-0x3 - 0x5 * (v0 & ~ v1) - 0x3 * v1 + v0 * v1	v0 * v1 - 0x2 * ~ v1 + 0x5 * ~ (v0 | v1)	12	12	15	W→W
mba_flatten:2346	v1 - 0x8 * (v0 & v1) - ~ v0 + v0 * v1	v0 + v1 + 0x1 - 0x8 * (v0 & v1) + v0 * v1	v0 * v1 - 0x1 * ~ (v0 ^ v1) - 0x6 * (v0 & v1)	12	11	17	W→W
mba_flatten:2348	-0xa * ~ (v0 | v1) + v0 * v1	0xa + 0xa * (v0 | v1) + v0 * v1	v0 * v1 - 0xa * ~ (v0 | v1)	9	9	11	W→W
mba_flatten:2352	-0xe * ~ v0 - 0xb * (v0 & v1) + v0 * v1	0xe + 0xe * v0 - 0xb * (v0 & v1) + v0 * v1	v0 * v1 - 0xb * ~ (v0 & ~ v1) - 0x3 * ~ v0	11	11	17	W→W
mba_flatten:2354	0x2 * ~ v1 + v0 * v1	-0x2 - 0x2 * v1 + v0 * v1	v0 * v1 + 0x2 * ~ v1	7	7	8	W→W
mba_flatten:2359	0xb * (v0 & v1) - 0x3 * ~ v1 + v0 * v1	0x3 + 0x3 * v1 + 0xb * (v0 & v1) + v0 * v1	v0 * v1 - 0x3 * (v0 | ~ v1) + 0xe * (v0 & v1)	11	11	16	W→W
mba_flatten:2373	-0x5 * ~ (v0 & v1) + v0 * v1	0x5 + 0x5 * (v0 & v1) + v0 * v1	v0 * v1 - 0x5 * ~ (v0 & ~ v0) + 0x5 * (v0 & v1)	9	9	17	W→W
mba_flatten:2374	0x9 * (v0 & ~ v1) - 0x2 * ~ v1 + v0 * v1	0x2 + 0x2 * v1 + 0x9 * (v0 & ~ v1) + v0 * v1	v0 * v1 + 0x7 * (v0 & ~ v1) - 0x2 * ~ (v0 | v1)	12	12	17	W→W
mba_flatten:2380	-~ v1 + v0 * v1	v1 + 0x1 + v0 * v1	v0 * v1 + 0x1 * ~ (v0 | ~ v1) - 0x1 * ~ (v0 & v1)	7	6	18	W→W
mba_flatten:2384	-0xb * ~ (v0 | v1) + v0 * v1	0xb + 0xb * (v0 | v1) + v0 * v1	v0 * v1 - 0xb * ~ (v0 | v1)	9	9	11	W→W
mba_flatten:2386	0x7 * ~ v0 + 0xa * (v0 & v1) - 0x7 * v1 + v0 * v1	-0x7 + 0xa * (v0 & v1) - 0x7 * v0 - 0x7 * v1 + v0 * v1	v0 * v1 + 0x3 * (v0 & v1) + 0x7 * ~ (v0 | v1)	13	13	15	W→W
mba_flatten:2387	0x4 * ~ v0 + 0xe * (v0 & v1) - 0x4 * v1 + v0 * v1	-0x4 + 0xe * (v0 & v1) - 0x4 * v0 - 0x4 * v1 + v0 * v1	v0 * v1 + 0x4 * ~ (v0 | v1) + 0xa * (v0 & v1)	13	13	15	W→W
mba_flatten:2388	0x7 * (v0 & ~ v1) - 0x5 * ~ v1 + v0 * v1	0x5 + 0x5 * v1 + 0x7 * (v0 & ~ v1) + v0 * v1	v0 * v1 + 0x2 * (v0 & ~ v1) - 0x5 * ~ (v0 | v1)	12	12	17	W→W
mba_flatten:2390	0x6 * v1 - (v0 & ~ v1) + v0 * v1	0x6 * v1 - v0 + (v0 & v1) + v0 * v1	v0 * v1 + 0x6 * (v0 | v1) - 0x7 * (v0 & ~ v1)	11	11	16	W→W
mba_flatten:2391	0x2 * ~ (v0 & v1) + v0 * v1	-0x2 - 0x2 * (v0 & v1) + v0 * v1	v0 * v1 + 0x2 * ~ (v0 & v1)	9	9	10	W→W
mba_flatten:2392	0x2 * (v0 & ~ v1) - 0x3 * ~ v1 + v0 * v1	0x3 + 0x2 * (v0 & ~ v1) + 0x3 * v1 + v0 * v1	v0 * v1 - 0x1 * (v0 & ~ v1) - 0x3 * ~ (v0 | v1)	12	12	18	W→W
mba_flatten:2393	-0x4 * ~ v1 - 0x3 * v0 - (v0 & v1) + v0 * v1	0x4 + 0x4 * v1 - 0x3 * v0 - (v0 & v1) + v0 * v1	v0 * v1 - 0x4 * ~ (v0 ^ v1) - 0x7 * (v0 & ~ v1)	13	13	18	W→W
mba_flatten:2397	0x3 * ~ v0 - 0x7 * (v0 & v1) + v0 * v1	-0x3 - 0x7 * (v0 & v1) - 0x3 * v0 + v0 * v1	v0 * v1 + 0x3 * ~ (v0 & ~ v1) - 0xa * (v0 & v1)	11	11	17	W→W
mba_flatten:2398	-0x3 * ~ v0 - 0x2 * (v0 & v1) + v0 * v1	0x3 + 0x3 * v0 - 0x2 * (v0 & v1) + v0 * v1	v0 * v1 - 0x3 * ~ (v0 & ~ v1) + 0x1 * (v0 & v1)	11	11	17	W→W
mba_flatten:2400	0xb * v1 - 0x4 * ~ v0 + v0 * v1	0x4 + 0x4 * v0 + 0xb * v1 + v0 * v1	v0 * v1 + 0xb * v1 - 0x4 * ~ v0	9	9	12	W→W
mba_flatten:2402	0x6 * v0 - (v1 & ~ v0) + v0 * v1	0x6 * v0 - v1 + (v0 & v1) + v0 * v1	v0 * v1 - 0x7 * ~ (v0 | ~ v1) + 0x6 * (v0 | v1)	11	11	17	W→W
mba_flatten:2403	0x13 * ~ v0 - 0xb * (v1 & ~ v0) + v0 * v1	-0x13 - 0x13 * v0 - 0xb * (v1 & ~ v0) + v0 * v1	v0 * v1 + 0x13 * ~ (v0 | v1) + 0x8 * ~ (v0 | ~ v1)	12	12	17	W→W
mba_flatten:2413	0x5 * ~ (v0 & v1) + v0 * v1	-0x5 - 0x5 * (v0 & v1) + v0 * v1	v0 * v1 + 0x5 * (v0 & ~ v1) + 0x5 * ~ v0	9	9	14	W→W
mba_flatten:2414	0x2 * ~ v0 + 0x6 * (v1 & ~ v0) + v0 * v1	-0x2 + 0x6 * (v1 & ~ v0) - 0x2 * v0 + v0 * v1	v0 * v1 + 0x2 * ~ (v0 | v1) + 0x8 * ~ (v0 | ~ v1)	12	12	17	W→W
mba_flatten:2416	0x12 * v1 - 0x19 * (v0 & v1) - 0x12 * ~ v0 + v0 * v1	0x12 + 0x12 * v0 + 0x12 * v1 - 0x19 * (v0 & v1) + v0 * v1	v0 * v1 - 0x7 * (v0 & v1) - 0x12 * ~ (v0 | v1)	13	13	17	W→W
mba_flatten:2417	-0x7 * ~ (v0 & v1) + v0 * v1	0x7 + 0x7 * (v0 & v1) + v0 * v1	v0 * v1 - 0x7 * ~ (v0 & v1)	9	9	11	W→W
mba_flatten:2420	0x7 * v1 - 0xe * (v0 & v1) - 0xa * ~ v0 + v0 * v1	-0x7 * ~ (v1 ^ v0) - 0x3 * ~ v0 + v0 * v1	v0 * v1 - 0x7 * ~ (v0 ^ v1) - 0x3 * ~ v0	13	12	16	W→W
mba_flatten:2421	-0x3 * ~ v1 + v0 * v1	0x3 + 0x3 * v1 + v0 * v1	v0 * v1 - 0x3 * ~ v1	7	7	9	W→W
mba_flatten:2429	-0x6 * ~ v0 + v0 * v1	0x6 + 0x6 * v0 + v0 * v1	v0 * v1 - 0x6 * ~ (v0 | ~ v1) - 0x6 * ~ (v0 | v1)	7	7	19	W→W
mba_flatten:2433	0x3 * v0 - 0x5 * (v0 & v1) - 0x2 * ~ v1 + v0 * v1	0x2 + 0x2 * v1 + 0x3 * v0 - 0x5 * (v0 & v1) + v0 * v1	v0 * v1 + 0x1 * (v0 & ~ v1) - 0x2 * ~ (v0 ^ v1)	13	13	17	W→W
mba_flatten:2434	-0x2 * ~ v1 + (v0 & ~ v1) + v0 * v1	0x2 + 0x2 * v1 + (v0 & ~ v1) + v0 * v1	v0 * v1 + 0x1 * (v0 & ~ v1) - 0x2 * ~ v1	11	11	15	W→W
mba_flatten:2437	0xd * ~ v1 - 0x3 * (v0 & ~ v1) + v0 * v1	-0xd - 0xd * v1 - 0x3 * (v0 & ~ v1) + v0 * v1	v0 * v1 + 0xd * ~ (v0 | v1) + 0xa * (v0 & ~ v1)	12	12	16	W→W
mba_flatten:2444	0x3 * ~ v0 + 0x6 * (v0 & v1) + v0 * v1	-0x3 + 0x6 * (v0 & v1) - 0x3 * v0 + v0 * v1	v0 * v1 + 0x6 * ~ (v0 & ~ v1) - 0x3 * ~ v0	11	11	16	W→W
mba_flatten:2445	-0xb * ~ v0 - 0x6 * (v0 & v1) + v0 * v1	0xb + 0xb * v0 - 0x6 * (v0 & v1) + v0 * v1	v0 * v1 - 0x6 * (v0 & v1) - 0xb * ~ v0	11	11	15	W→W
mba_flatten:2451	-0x6 * (v0 & v1) - 0x3 * ~ v1 + v0 * v1	0x3 + 0x3 * v1 - 0x6 * (v0 & v1) + v0 * v1	v0 * v1 - 0x6 * (v0 & v1) - 0x3 * ~ v1	11	11	15	W→W
mba_flatten:2452	0x3 * ~ (v0 | v1) + v0 * v1	-0x3 - 0x3 * (v0 | v1) + v0 * v1	v0 * v1 + 0x3 * ~ (v0 | v1)	9	9	10	W→W
mba_flatten:2454	-0xb * ~ v0 - 0xa * (v0 & v1) - v1 + v0 * v1	0xb + 0xb * v0 - 0xa * (v0 & v1) - v1 + v0 * v1	v0 * v1 - 0xb * ~ (v0 ^ v1) - 0xc * ~ (v0 | ~ v1)	13	13	19	W→W
mba_flatten:2455	0x3 * ~ v0 + v0 * v1	-0x3 - 0x3 * v0 + v0 * v1	v0 * v1 + 0x3 * ~ (v0 | v1) + 0x3 * ~ (v0 | ~ v1)	7	7	17	W→W
mba_flatten:2458	0xc * ~ (v0 | v1) + v0 * v1	-0xc - 0xc * (v0 | v1) + v0 * v1	v0 * v1 + 0xc * ~ (v0 | v1)	9	9	10	W→W
mba_flatten:2459	v0 - 0x5 * (v0 & v1) - 0x4 * ~ v1 + v0 * v1	v0 + 0x4 + 0x4 * v1 - 0x5 * (v0 & v1) + v0 * v1	v0 * v1 - 0x1 * ~ (v0 ^ v1) - 0x3 * (v0 | ~ v1)	12	12	18	W→W
mba_flatten:2460	0x3 * ~ v1 - 0x2 * (v0 & ~ v1) + v0 * v1	-0x3 - 0x3 * v1 - 0x2 * (v0 & ~ v1) + v0 * v1	v0 * v1 + 0x3 * ~ (v0 | v1) + 0x1 * (v0 & ~ v1)	12	12	16	W→W
mba_flatten:2463	0x5 * v1 - 0x10 * (v0 & v1) - 0xb * ~ v0 + v0 * v1	0xb + 0x5 * v1 + 0xb * v0 - 0x10 * (v0 & v1) + v0 * v1	v0 * v1 - 0xb * ~ (v0 ^ v1) - 0x6 * ~ (v0 | ~ v1)	13	13	19	W→W
mba_flatten:2464	-(v0 & ~ v1) + v0 * v1	-v0 + (v0 & v1) + v0 * v1	v0 * v1 + 0x1 * (v0 & v1) - 0x1 * v0	9	9	13	W→W
mba_flatten:2471	-0x9 * (v0 & v1) - 0x3 * ~ v1 + v0 * v1	0x3 + 0x3 * v1 - 0x9 * (v0 & v1) + v0 * v1	v0 * v1 - 0x9 * (v0 & v1) - 0x3 * ~ v1	11	11	15	W→W
mba_flatten:2473	0x3 * ~ v1 + v0 * v1	-0x3 - 0x3 * v1 + v0 * v1	v0 * v1 + 0x3 * ~ (v0 & v1) - 0x3 * ~ (v0 | ~ v1)	7	7	18	W→W
mba_flatten:2474	0xd * (v0 & ~ v1) - 0x9 * ~ v1 + v0 * v1	0x9 + 0x9 * v1 + 0xd * (v0 & ~ v1) + v0 * v1	v0 * v1 + 0x4 * (v0 & ~ v1) - 0x9 * ~ (v0 | v1)	12	12	17	W→W
mba_flatten:2475	0x4 * (v1 & ~ v0) - ~ v0 + v0 * v1	v0 + 0x1 + 0x4 * (v1 & ~ v0) + v0 * v1	v0 * v1 + 0x3 * ~ (v0 | ~ v1) - 0x1 * ~ (v0 | v1)	12	11	18	W→W
mba_flatten:2476	0x3 * ~ v0 - 0x3 * v1 - (v0 & v1) + v0 * v1	-0x3 - 0x3 * v0 - 0x3 * v1 - (v0 & v1) + v0 * v1	v0 * v1 - 0x4 * (v0 & v1) + 0x3 * ~ (v0 | v1)	13	13	16	W→W
mba_flatten:2477	0x4 * ~ v0 + 0x6 * (v0 & v1) - 0x2 * v1 + v0 * v1	-0x4 + 0x6 * (v0 & v1) - 0x4 * v0 - 0x2 * v1 + v0 * v1	v0 * v1 + 0x2 * ~ (v0 ^ v1) + 0x2 * ~ (v0 & ~ v1)	13	13	17	W→W
mba_flatten:2479	-0x6 * (v0 & v1) - 0x3 * ~ v0 - 0x2 * v1 + v0 * v1	0x3 + 0x3 * v0 - 0x6 * (v0 & v1) - 0x2 * v1 + v0 * v1	v0 * v1 - 0x3 * ~ (v0 ^ v1) - 0x5 * v1	13	13	15	W→W
mba_flatten:2480	-~ v1 + v0 * v1	v1 + 0x1 + v0 * v1	v0 * v1 - 0x1 * ~ v1	7	6	9	W→W
mba_flatten:2482	0xb * ~ v0 - 0xe * (v1 & ~ v0) + v0 * v1	-0xb - 0xe * (v1 & ~ v0) - 0xb * v0 + v0 * v1	v0 * v1 + 0xb * ~ (v0 | v1) - 0x3 * ~ (v0 | ~ v1)	12	12	18	W→W
mba_flatten:2485	0x5 * ~ (v0 | v1) + v0 * v1	-0x5 - 0x5 * (v0 | v1) + v0 * v1	v0 * v1 + 0x5 * ~ (v0 | v1)	9	9	10	W→W
mba_flatten:2487	0x7 * ~ v0 + 0xb * (v0 & v1) - 0x7 * v1 + v0 * v1	-0x7 + 0xb * (v0 & v1) - 0x7 * v0 - 0x7 * v1 + v0 * v1	v0 * v1 - 0x3 * (v0 & v1) + 0x7 * ~ (v0 ^ v1)	13	13	16	W→W
mba_flatten:2490	0x2 * (v0 & ~ v1) + 0x3 * ~ v1 + v0 * v1	-0x3 + 0x2 * (v0 & ~ v1) - 0x3 * v1 + v0 * v1	v0 * v1 + 0x3 * ~ v1 + 0x2 * (v0 & ~ v1)	12	12	14	W→W
mba_flatten:2491	0x5 * (v0 & v1) - 0x4 * v1 - ~ (v0 * v1)	0x1 + 0x5 * (v0 & v1) - 0x4 * v1 + v0 * v1	v0 * v1 - 0x1 * ~ (v0 & v1) - 0x4 * ~ (v0 | ~ v1)	12	11	19	W→W
mba_flatten:2494	0x2 * v0 - v1 - ~ (v0 * v1) - (v0 & v1)	0x1 + 0x2 * v0 - v1 - (v0 & v1) + v0 * v1	v0 * v1 - 0x2 * ~ (v0 & ~ v1) + 0x1 * (v0 | ~ v1)	14	13	18	W→W
mba_flatten:2495	-0x7 * (v0 & v1) - 0x3 * ~ v1 + v0 * v1	0x3 + 0x3 * v1 - 0x7 * (v0 & v1) + v0 * v1	v0 * v1 - 0x3 * ~ v1 - 0x7 * (v0 & v1)	11	11	15	W→W
mba_flatten:2496	0x7 * (v1 & ~ v0) - 0x8 * ~ v0 + v0 * v1	0x8 + 0x7 * (v1 & ~ v0) + 0x8 * v0 + v0 * v1	v0 * v1 - 0x8 * ~ (v0 | v1) - 0x1 * ~ (v0 | ~ v1)	12	12	19	W→W
mba_flatten:2499	-0x3 * ~ v0 - 0x2 * (v1 & ~ v0) + v0 * v1	0x3 + 0x3 * v0 - 0x2 * (v1 & ~ v0) + v0 * v1	v0 * v1 - 0x5 * ~ (v0 | ~ v1) - 0x3 * ~ (v0 | v1)	12	12	19	W→W
mba_flatten:2502	-0x4 * ~ v1 - 0x2 * v0 - 0x2 * (v0 & v1) + v0 * v1	0x4 + 0x4 * v1 - 0x2 * v0 - 0x2 * (v0 & v1) + v0 * v1	v0 * v1 - 0x6 * (v0 & ~ v1) - 0x4 * ~ (v0 ^ v1)	13	13	18	W→W
mba_flatten:2504	0x5 * (v1 & ~ v0) - ~ (v0 * v1)	0x1 + 0x5 * (v1 & ~ v0) + v0 * v1	v0 * v1 + 0x5 * ~ (v0 | ~ v1) - 0x1 * ~ (v0 & ~ v0)	11	10	19	W→W
mba_flatten:2507	0x9 * (v1 & ~ v0) - 0x8 * ~ v0 + v0 * v1	0x8 + 0x8 * v0 + 0x9 * (v1 & ~ v0) + v0 * v1	v0 * v1 - 0x8 * ~ (v0 | v1) + 0x1 * ~ (v0 | ~ v1)	12	12	18	W→W
mba_flatten:2508	0x4 * v1 - 0xa * (v0 & v1) - 0x6 * ~ v0 + v0 * v1	0x6 + 0x4 * v1 + 0x6 * v0 - 0xa * (v0 & v1) + v0 * v1	v0 * v1 - 0x4 * ~ (v0 ^ v1) - 0x2 * ~ (v0 & ~ v1)	13	13	19	W→W
mba_flatten:2511	0xb * v1 - 0x11 * (v0 & v1) - 0xb * ~ v0 + v0 * v1	0xb + 0xb * v0 + 0xb * v1 - 0x11 * (v0 & v1) + v0 * v1	v0 * v1 - 0xb * ~ (v0 ^ v1) + 0x5 * (v0 & v1)	13	13	16	W→W
mba_flatten:2519	0x4 * (v0 & v1) + 0xb * ~ v0 + v0 * v1	-0xb + 0x4 * (v0 & v1) - 0xb * v0 + v0 * v1	v0 * v1 + 0xb * ~ (v0 & ~ v1) - 0x7 * (v0 & v1)	11	11	17	W→W
mba_flatten:2520	0x9 * ~ v0 + 0xe * (v0 & v1) - 0x7 * v1 + v0 * v1	0x2 * ~ v0 + 0x7 * ~ (v1 ^ v0) + v0 * v1	v0 * v1 + 0x7 * ~ (v0 ^ v1) + 0x2 * ~ v0	13	12	14	W→W
mba_flatten:2521	-0x3 * (v1 & ~ v0) - ~ (v0 * v1)	0x1 - 0x3 * (v1 & ~ v0) + v0 * v1	v0 * v1 - 0x1 * (v0 | ~ v1) - 0x4 * ~ (v0 | ~ v1)	11	10	19	W→W
mba_flatten:2522	0x3 * ~ (v0 & v1) + v0 * v1	-0x3 - 0x3 * (v0 & v1) + v0 * v1	v0 * v1 + 0x3 * ~ v1 + 0x3 * ~ (v0 | ~ v1)	9	9	15	W→W
mba_flatten:2526	-~ v0 + v0 * v1	v0 + 0x1 + v0 * v1	v0 * v1 - 0x1 * ~ v0	7	6	9	W→W
mba_flatten:2533	-0xb * (v0 & ~ v1) - 0x2 * ~ v1 + v0 * v1	0x2 + 0x2 * v1 - 0xb * (v0 & ~ v1) + v0 * v1	v0 * v1 - 0x2 * ~ (v0 | v1) - 0xd * (v0 & ~ v1)	12	12	18	W→W
mba_flatten:2535	0xa * (v0 & v1) - 0x5 * v1 - 0x2 * ~ v0 + v0 * v1	0x5 * ~ (v1 ^ v0) - 0x7 * ~ v0 + v0 * v1	v0 * v1 - 0x7 * ~ v0 + 0x5 * ~ (v0 ^ v1)	13	12	15	W→W
mba_flatten:2538	0x8 * (v0 & ~ v1) - 0x3 * ~ v1 + v0 * v1	0x3 + 0x3 * v1 + 0x8 * (v0 & ~ v1) + v0 * v1	v0 * v1 - 0x8 * ~ (v0 | v1) + 0x5 * ~ v1	12	12	15	W→W
mba_flatten:2541	0x3 * ~ v0 + 0xa * (v1 & ~ v0) + v0 * v1	-0x3 + 0xa * (v1 & ~ v0) - 0x3 * v0 + v0 * v1	v0 * v1 + 0xd * ~ (v0 | ~ v1) + 0x3 * ~ (v0 | v1)	12	12	17	W→W
mba_flatten:2548	0x2 * (v0 & v1) - ~ (v0 * v1)	0x1 + 0x2 * (v0 & v1) + v0 * v1	v0 * v1 + 0x1 * (v0 & v1) - 0x1 * ~ (v0 & v1)	10	9	16	W→W
mba_flatten:2549	-0xb * ~ v0 - 0x2 * (v1 & ~ v0) + v0 * v1	0xb + 0xb * v0 - 0x2 * (v1 & ~ v0) + v0 * v1	v0 * v1 - 0xd * ~ (v0 | ~ v1) - 0xb * ~ (v0 | v1)	12	12	19	W→W
mba_flatten:2551	-~ (v0 | v1) + v0 * v1	0x1 + (v0 | v1) + v0 * v1	v0 * v1 - 0x1 * ~ (v0 | v1)	9	8	11	W→W
mba_flatten:2552	0x2 * v1 - 0xd * (v0 & v1) - 0x2 * ~ v0 + v0 * v1	0x2 + 0x2 * v0 + 0x2 * v1 - 0xd * (v0 & v1) + v0 * v1	v0 * v1 - 0xb * ~ (v0 ^ v1) + 0x9 * ~ (v0 | v1)	13	13	17	W→W
mba_flatten:2553	0x5 * v0 - 0xa * (v0 & v1) - 0x4 * ~ v1 + v0 * v1	~ v1 - 0x5 * ~ (v0 ^ v1) + v0 * v1	v0 * v1 - 0x5 * ~ (v0 ^ v1) + 0x1 * ~ v1	13	11	15	W→W
mba_flatten:2562	0x2 * (v0 & ~ v1) + 0x8 * ~ v1 + v0 * v1	-0x8 + 0x2 * (v0 & ~ v1) - 0x8 * v1 + v0 * v1	v0 * v1 + 0xa * (v0 & ~ v1) + 0x8 * ~ (v0 | v1)	12	12	16	W→W
mba_flatten:2563	-0x3 * ~ v1 - (v0 & v1) + v0 * v1	0x3 + 0x3 * v1 - (v0 & v1) + v0 * v1	v0 * v1 - 0x3 * ~ v1 - 0x1 * (v0 & v1)	11	11	15	W→W
mba_flatten:2565	0x2 * (v1 & ~ v0) + 0x3 * ~ v0 + v0 * v1	-0x3 + 0x2 * (v1 & ~ v0) - 0x3 * v0 + v0 * v1	v0 * v1 + 0x5 * ~ (v0 | ~ v1) + 0x3 * ~ (v0 | v1)	12	12	17	W→W
mba_flatten:2568	-0x2 * ~ (v0 & v1) - v1 + v0 * v1	0x2 + 0x2 * (v0 & v1) - v1 + v0 * v1	v0 * v1 - 0x1 * v1 - 0x2 * ~ (v0 & v1)	11	11	15	W→W
mba_flatten:2569	-0x8 * ~ v1 + (v0 & ~ v1) + v0 * v1	0x8 + 0x8 * v1 + (v0 & ~ v1) + v0 * v1	v0 * v1 - 0x8 * ~ (v0 | v1) - 0x7 * (v0 & ~ v1)	11	11	18	W→W
mba_flatten:2570	0x6 * (v0 & ~ v1) - 0x2 * ~ v1 + v0 * v1	0x2 + 0x2 * v1 + 0x6 * (v0 & ~ v1) + v0 * v1	v0 * v1 - 0x2 * ~ (v0 | v1) + 0x4 * (v0 & ~ v1)	12	12	17	W→W
mba_flatten:2581	0x7 * v0 - 0x9 * (v0 & v1) - 0x2 * ~ v1 + v0 * v1	0x2 + 0x2 * v1 + 0x7 * v0 - 0x9 * (v0 & v1) + v0 * v1	v0 * v1 + 0x5 * (v0 & ~ v1) - 0x2 * ~ (v0 ^ v1)	13	13	17	W→W
mba_flatten:2587	0x2 * ~ v0 - 0x6 * (v1 & ~ v0) + v0 * v1	-0x2 - 0x6 * (v1 & ~ v0) - 0x2 * v0 + v0 * v1	v0 * v1 + 0x2 * ~ (v0 | v1) - 0x4 * ~ (v0 | ~ v1)	12	12	18	W→W
mba_flatten:2589	0x3 * (v0 & ~ v1) - 0x5 * ~ v1 + v0 * v1	0x5 + 0x3 * (v0 & ~ v1) + 0x5 * v1 + v0 * v1	v0 * v1 - 0x2 * (v0 & ~ v1) - 0x5 * ~ (v0 | v1)	12	12	18	W→W
mba_flatten:2590	0xb * ~ (v0 ^ v1) + v0 * v1	-0xb - 0xb * (v0 ^ v1) + v0 * v1	v0 * v1 - 0xb * ~ (v0 | ~ v1) + 0xb * ~ (v0 & ~ v1)	9	9	19	W→W
mba_flatten:2593	0x3 * ~ (v0 ^ v1) + v0 * v1	-0x3 - 0x3 * (v0 ^ v1) + v0 * v1	v0 * v1 + 0x3 * ~ (v0 ^ v1)	9	9	10	W→W
mba_flatten:2594	-0xc * ~ (v0 ^ v1) + v0 * v1	0xc + 0xc * (v0 ^ v1) + v0 * v1	v0 * v1 - 0xc * (v0 & v1) - 0xc * ~ (v0 | v1)	9	9	17	W→W
mba_flatten:2595	0x6 * ~ (v0 & v1) + v0 * v1	-0x6 - 0x6 * (v0 & v1) + v0 * v1	v0 * v1 + 0x6 * ~ (v0 & ~ v0) - 0x6 * (v0 & v1)	9	9	17	W→W
mba_flatten:2598	-~ v0 - (v1 & ~ v0) + v0 * v1	v0 + 0x1 - v1 + (v0 & v1) + v0 * v1	v0 * v1 - 0x2 * ~ (v0 | ~ v1) - 0x1 * ~ (v0 | v1)	12	11	19	W→W
mba_flatten:2599	-0x2 * ~ v0 + v0 * v1	0x2 + 0x2 * v0 + v0 * v1	v0 * v1 - 0x2 * ~ v0	7	7	9	W→W
mba_flatten:2600	0x12 * v1 - 0x1d * (v0 & v1) - 0xb * ~ v0 + v0 * v1	0xb + 0xb * v0 + 0x12 * v1 - 0x1d * (v0 & v1) + v0 * v1	v0 * v1 - 0xb * ~ (v0 ^ v1) + 0x7 * ~ (v0 | ~ v1)	13	13	18	W→W
mba_flatten:2603	-0x2 - (v1 & ~ v0) + v0 * v1	-0x2 - v1 + (v0 & v1) + v0 * v1	v0 * v1 - 0x1 * ~ (v0 | ~ v1) + 0x2 * ~ (v0 & ~ v0)	10	10	19	W→W
mba_flatten:2604	0x3 * ~ v1 + 0x9 * (v0 & v1) - 0x6 * v0 + v0 * v1	-0x3 + 0x9 * (v0 & v1) - 0x6 * v0 - 0x3 * v1 + v0 * v1	v0 * v1 - 0x6 * (v0 & ~ v1) + 0x3 * (v0 | ~ v1)	13	13	17	W→W
mba_flatten:2606	0x2 * v1 - 0x5 * (v0 & v1) - 0x2 * ~ v0 + v0 * v1	0x2 + 0x2 * v0 + 0x2 * v1 - 0x5 * (v0 & v1) + v0 * v1	v0 * v1 - 0x2 * ~ (v0 | v1) - 0x3 * (v0 & v1)	13	13	17	W→W
mba_flatten:2612	-(~ v0 | v1) + v0 * v1	0x1 + (v0 & ~ v1) + v0 * v1	v0 * v1 - 0x1 * ~ (v0 & ~ v1)	9	9	12	W→W
mba_flatten:2614	-0x2 * ~ v1 + (v0 & v1) + v0 * v1	0x2 + 0x2 * v1 + (v0 & v1) + v0 * v1	v0 * v1 - 0x2 * (v0 | ~ v1) + 0x3 * (v0 & v1)	10	10	16	W→W
mba_flatten:2621	0xd * ~ v1 + 0x18 * (v0 & v1) - 0xb * v0 + v0 * v1	-0xd + 0x18 * (v0 & v1) - 0xd * v1 - 0xb * v0 + v0 * v1	v0 * v1 + 0xb * ~ (v0 ^ v1) + 0x2 * (v0 | ~ v1)	13	13	16	W→W
mba_flatten:2624	0x2 * v1 - ~ (v0 * v1)	0x1 + 0x2 * v1 + v0 * v1	v0 * v1 + 0x2 * v1 - 0x1 * ~ (v0 & ~ v0)	8	7	15	W→W
mba_flatten:2627	-0x2 * v1 - (~ v0 | v1) + v0 * v1	0x1 - 0x2 * v1 + (v0 & ~ v1) + v0 * v1	v0 * v1 - 0x3 * ~ (v0 & ~ v1) + 0x2 * ~ (v0 | v1)	11	11	18	W→W
mba_flatten:2628	0x2 * v0 - 0xe * (v0 & v1) - 0x7 * ~ v1 + v0 * v1	0x7 + 0x2 * v0 + 0x7 * v1 - 0xe * (v0 & v1) + v0 * v1	v0 * v1 - 0x7 * ~ (v0 ^ v1) - 0x5 * v0	13	13	15	W→W
mba_flatten:2635	-0x2 * (v0 | v1) - ~ (v0 * v1)	0x1 - 0x2 * (v0 | v1) + v0 * v1	v0 * v1 - 0x3 * ~ (v0 & ~ v0) + 0x2 * ~ (v0 | v1)	10	9	18	W→W
mba_flatten:2636	-0x2 * ~ v0 + v0 * v1	0x2 + 0x2 * v0 + v0 * v1	v0 * v1 - 0x2 * ~ v0	7	7	9	W→W
mba_flatten:2639	0x5 * ~ v0 - 0x6 * (v1 & ~ v0) + v0 * v1	-0x5 - 0x6 * (v1 & ~ v0) - 0x5 * v0 + v0 * v1	v0 * v1 - 0x1 * ~ (v0 | ~ v1) + 0x5 * ~ (v0 | v1)	12	12	18	W→W
mba_flatten:2642	0x6 * v1 - 0x7 * (v0 & v1) - 0x6 * ~ v0 + v0 * v1	0x6 + 0x6 * v0 + 0x6 * v1 - 0x7 * (v0 & v1) + v0 * v1	v0 * v1 - 0x1 * (v0 & v1) - 0x6 * ~ (v0 | v1)	13	13	17	W→W
mba_flatten:2653	0x2 * ~ v1 + 0xa * (v0 & v1) - 0x8 * v0 + v0 * v1	-0x2 + 0xa * (v0 & v1) - 0x8 * v0 - 0x2 * v1 + v0 * v1	v0 * v1 - 0x6 * (v0 & ~ v1) + 0x2 * ~ (v0 ^ v1)	13	13	17	W→W
mba_flatten:2657	-0x5 * ~ v1 + v0 * v1	0x5 + 0x5 * v1 + v0 * v1	v0 * v1 - 0x5 * ~ v1	7	7	9	W→W
mba_flatten:2658	0x3 * ~ v0 - 0x8 * (v1 & ~ v0) + v0 * v1	-0x3 - 0x8 * (v1 & ~ v0) - 0x3 * v0 + v0 * v1	v0 * v1 - 0x5 * ~ (v0 | ~ v1) + 0x3 * ~ (v0 | v1)	12	12	18	W→W
mba_flatten:2662	0x3 * ~ v0 + v0 * v1	-0x3 - 0x3 * v0 + v0 * v1	v0 * v1 + 0x3 * ~ v0	7	7	8	W→W
mba_flatten:2663	-v1 - ~ (v0 * v1) - (v0 & v1)	0x1 - v1 - (v0 & v1) + v0 * v1	v0 * v1 - 0x1 * (v0 | ~ v1) - 0x2 * v1	12	11	15	W→W
mba_flatten:2664	0x5 * (~ v2 | v1) + 0x6 * (v0 & v2) - 0x6 * (v0 & v1 & v2) - 0x5 * (v0 | v1) + v0 * v1	0x5 * (~ v2 | v1) + 0x6 * (v0 & v2 & ~ v1) - 0x5 * (v0 | v1) + v0 * v1	v0 * v1 + 0x1 * (v0 & ~ v1 & v2) + 0x5 * ~ (v0 | v1 | v2)	22	19	20	L→W
mba_flatten:2667	0x5 * (v2 & ~ v1) + 0x7 * (v0 & v1 & v2) - 0x7 * (v0 & v2) + v0 * v1	0x5 * (v2 & ~ v1) - 0x7 * (v0 & v2 & ~ v1) + v0 * v1	v0 * v1 + 0x5 * (~ v0 & ~ v1 & v2) - 0x2 * (v0 & ~ v1 & v2)	18	15	22	W→W
mba_flatten:2668	-~ (v0 & v1 & v2) - (v1 & v2) + (v0 | v2) + v0 * v1	0x1 + (v2 & ~ v1 | v0) + v0 * v1	v0 * v1 - 0x1 * (v0 & v2 ^ ~ (v0 ^ ~ v1 & v2)) + 0x1 * (v0 & v1 & v2)	17	11	25	W→W
mba_flatten:2670	0x2 * v2 + 0x4 * (v0 & v1 & v2) + 0xb * (v0 & ~ v2) - 0xd * (~ v1 | v0) - 0x4 * (v1 & v2) + v0 * v1	0x2 * v2 + 0xb * (v0 & ~ v2) - 0xd * (~ v1 | v0) - 0x4 * (v1 & v2 & ~ v0) + v0 * v1	v0 * v1 - 0xb * (v1 ^ (~ v0 | v1 ^ v2)) - 0x2 * (v2 ^ (v0 | ~ v1))	25	22	24	L→W
mba_flatten:2672	0x2 * (v0 & v1 & v2) + 0x2 * (v2 & ~ v1) - 0x3 * (v0 & v2) - ~ (v0 | v1) + v0 * v1	0x1 + 0x2 * (v0 & v1 & v2) + 0x2 * (v2 & ~ v1) - 0x3 * (v0 & v2) + (v0 | v1) + v0 * v1	v0 * v1 - 0x1 * (v2 ^ ~ v0 & (~ v1 | v2)) + 0x1 * (~ v0 & ~ v1 & v2)	23	22	25	W→W
mba_flatten:2673	0x2 * (v0 | v2) + 0xd * (v0 & v1 & v2) - 0xd * (v0 & v1) - 0x2 * (~ v1 | v2) + v0 * v1	0x2 * (v0 | v2) - 0xd * (v0 & v1 & ~ v2) - 0x2 * (~ v1 | v2) + v0 * v1	v0 * v1 - 0x2 * ~ (v0 | v1 | v2) - 0xb * ~ (~ v0 | ~ v1 | v2)	22	19	24	W→W
mba_flatten:2678	0x8 * (v0 & v1 & v2) - 0x8 * (v0 & v1) - (v0 | v2) + (~ v1 | v2) + v0 * v1	-0x8 * (v0 & v1 & ~ v2) - (v0 | v2) + (~ v1 | v2) + v0 * v1	v0 * v1 - 0x9 * ~ (~ v0 | ~ v1 | v2) + 0x1 * ~ (v0 | v1 | v2)	21	18	23	W→W
mba_flatten:2679	0xa * (v0 & v1 & v2) + 0xb * (v2 & ~ v0) - 0xc * ~ (v0 | v1) - 0xb * (v1 & v2) + v0 * v1	0xc + 0xa * (v0 & v1 & v2) + 0xb * (v2 & ~ v0) + 0xc * (v0 | v1) - 0xb * (v1 & v2) + v0 * v1	v0 * v1 - 0x1 * (v2 & ~ (v0 ^ v1)) - 0xc * ~ (v0 | v1 | v2)	23	23	22	L→L
mba_flatten:2681	0x3 * (v0 & ~ v2) + 0x3 * (v1 & ~ v2) + 0x4 * ~ v2 + 0x11 * (v0 & v1 & v2) - 0xa * (v0 & v1) + v0 * v1	-0x4 + 0x3 * (v0 & ~ v2) + 0x3 * (v1 & ~ v2) + 0x11 * (v0 & v1 & v2) - 0xa * (v0 & v1) - 0x4 * v2 + v0 * v1	v0 * v1 + 0x7 * (v2 ^ ~ (v0 & v1)) - 0x3 * ~ (v0 | v1 | v2)	26	26	21	L→L
mba_flatten:2687	0x2 * (v0 & v1 & v2) - 0x2 * (v0 & v2) - (v2 & ~ v1) + v0 * v1	-0x2 * (v0 & v2 & ~ v1) - v2 + (v1 & v2) + v0 * v1	v0 * v1 + 0x2 * (~ v0 & ~ v1 & v2) - 0x3 * ~ (v1 | ~ v2)	18	15	21	W→W
mba_flatten:2688	0x4 * (v0 & v2) - 0x4 * (v0 & v1 & v2) - (v2 & ~ v1) + v0 * v1	0x4 * (v0 & v2 & ~ v1) - v2 + (v1 & v2) + v0 * v1	v0 * v1 - 0x1 * (~ v0 & ~ v1 & v2) + 0x3 * (v0 & ~ v1 & v2)	18	15	22	W→W
mba_flatten:2689	0x8 * (v0 & v1 & v2) - 0x8 * (v1 & v2) - (~ v2 | v0) + (v0 | v1) + v0 * v1	0x1 - 0x8 * (v1 & v2 & ~ v0) + (v2 & ~ v0) + (v0 | v1) + v0 * v1	v0 * v1 - 0x1 * ~ (v0 | v1 | v2) - 0x7 * (~ v0 & v1 & v2)	21	18	22	W→W
mba_flatten:2690	0x5 * (v1 & v2) - 0x3 * v1 - 0x3 * (v0 & v1 & v2) - 0x3 * (v2 & ~ v0) + (~ v0 | v1) + v0 * v1	0x5 * (v1 & v2) - 0x3 * v1 - 0x3 * (v2 & ~ (v0 & ~ v1)) + (~ v0 | v1) + v0 * v1	v0 * v1 + 0x3 * ~ (v0 | v1 | v2) - 0x2 * (v0 & v1 ^ ~ (v0 ^ v1 & v2))	24	22	25	W→W
mba_flatten:2695	0x5 * (v0 & v1 & v2) - 0x4 * (v1 & v2) - (v0 & v1) - (v2 & ~ v0) + v0 * v1	0x5 * (v0 & v1 & v2) - 0x4 * (v1 & v2) - v2 - (v0 & v1) + (v0 & v2) + v0 * v1	v0 * v1 - 0x5 * (~ v0 & v1 & v2) - 0x1 * (~ (v0 ^ v1) & (v0 ^ v2))	22	22	24	W→W
mba_flatten:2696	0x5 * ~ (v0 | v1) - 0x6 * (v0 & v1 & v2) + v0 * v1	-0x5 - 0x6 * (v0 & v1 & v2) - 0x5 * (v0 | v1) + v0 * v1	v0 * v1 - 0x6 * (v0 & v1 & v2) + 0x5 * ~ (v0 | v1)	14	14	18	W→W
mba_flatten:2698	0x7 * ~ (v0 | v1) + 0x7 * (v1 & v2) - 0x8 * (v0 & v1 & v2) - 0x8 * (v2 & ~ v0) + v0 * v1	-0x7 + 0x7 * (v1 & v2) + 0x8 * (v0 & v2 & ~ v1) - 0x8 * v2 - 0x7 * (v0 | v1) + v0 * v1	v0 * v1 - 0x1 * (v0 & v1 ^ v0 ^ (~ v1 | v2)) + 0x8 * ~ (v0 | v1 | v2)	23	21	25	W→W
mba_flatten:2700	0x7 * (v0 & v1 & v2) + 0x8 * (v2 & ~ v1) + 0x9 * (v1 & ~ v0) - 0x8 * ~ v0 - 0x7 * (v0 & v2) + v0 * v1	0x8 + 0x8 * v0 + 0x8 * (v2 & ~ v1) + 0x9 * (v1 & ~ v0) - 0x7 * (v0 & v2 & ~ v1) + v0 * v1	v0 * v1 + 0x1 * ~ (v0 ^ ~ v1 & v2) - 0x9 * ~ (v0 | v1 | v2)	26	23	22	L→L
mba_flatten:2701	0x3 * (v2 & ~ v1) - (v0 & v2) + (v0 & v1 & v2) + v0 * v1	0x3 * (v2 & ~ v1) - (v0 & v2 & ~ v1) + v0 * v1	v0 * v1 + 0x2 * (v0 & ~ v1 & v2) + 0x3 * (~ v0 & ~ v1 & v2)	17	15	21	W→W
mba_flatten:2702	0xa * (v2 & ~ (v0 | v1)) + 0x11 * (v1 & ~ v0) - 0xa * ~ v0 + v0 * v1	0xa + 0xa * (v2 & ~ v1 | v0) + 0x11 * (v1 & ~ v0) + v0 * v1	v0 * v1 - 0x11 * ~ (v0 | v1 | v2) + 0x7 * ~ (v0 | ~ v1 & v2)	19	17	22	W→W
mba_flatten:2703	-(v2 & ~ (v0 | v1)) + (v0 ^ v1) + v0 * v1	-v2 + (v2 & (v0 | v1)) + (v0 ^ v1) + v0 * v1	v0 * v1 + 0x1 * (v0 ^ v1) - 0x1 * (~ v0 & ~ v1 & v2)	14	14	19	W→W
mba_flatten:2704	0x4 * ~ (v0 | v1) - (v2 & ~ (v0 | v1)) + v0 * v1	-0x4 - 0x4 * (v0 | v1) - v2 + (v2 & (v0 | v1)) + v0 * v1	v0 * v1 + 0x3 * (~ v0 & ~ v1 & v2) + 0x4 * ~ (v0 | v1 | v2)	16	16	21	W→W
mba_flatten:2705	0xb * (v0 & v1 & v2) - 0xb * (v0 & v2) - v2 + v0 * v1	-0xb * (v0 & v2 & ~ v1) - v2 + v0 * v1	v0 * v1 - 0x1 * (v2 & ~ (v0 & ~ v1)) - 0xc * (v0 & ~ v1 & v2)	15	12	23	W→W
mba_flatten:2706	0x7 * (v2 & ~ (v0 | v1)) - 0x9 * ~ (v0 | v1) + v0 * v1	0x9 + 0x7 * (v2 & ~ (v0 | v1)) + 0x9 * (v0 | v1) + v0 * v1	v0 * v1 - 0x2 * (~ v0 & ~ v1 & v2) - 0x9 * ~ (v0 | v1 | v2)	16	16	23	W→W
mba_flatten:2707	0x4 * (v0 & v1) - 0xb * (v1 & ~ v2) - 0x4 * (v0 & v1 & v2) + v0 * v1	0x4 * (v0 & v1 & ~ v2) - 0xb * (v1 & ~ v2) + v0 * v1	v0 * v1 - 0xb * ~ (v0 | ~ v1 | v2) - 0x7 * ~ (~ v0 | ~ v1 | v2)	18	15	25	W→W
mba_flatten:2710	-0xd * (v0 & v1 & v2) - (v0 & ~ v1) + (v0 & v2) + v0 * v1	-0xd * (v0 & v1 & v2) - v0 + (v0 & v1) + (v0 & v2) + v0 * v1	v0 * v1 - 0x1 * ~ (~ v0 | v1 | v2) - 0xc * (v0 & v1 & v2)	17	17	22	W→W
mba_flatten:2712	0x3 * (v0 & v1 & v2) - 0x3 * (v0 & v2) + v0 * v1	-0x3 * (v0 & v2 & ~ v1) + v0 * v1	v0 * v1 - 0x3 * (v0 & ~ v1 & v2)	13	10	13	T→W
mba_flatten:2715	0x7 * (v1 & v2) - 0x7 * (v0 & v1 & v2) + v0 * v1	0x7 * (v1 & v2 & ~ v0) + v0 * v1	v0 * v1 + 0x7 * (~ v0 & v1 & v2)	13	10	12	L→W
mba_flatten:2719	0x2 * (v0 & ~ (v1 | v2)) + 0x2 * (v1 & ~ v2) - 0x5 * ~ v2 + v0 * v1	0x5 + 0x2 * (v0 & ~ v2 | v1) + 0x5 * v2 - 0x2 * (v1 & v2) + v0 * v1	v0 * v1 - 0x3 * (v2 ^ (v0 | v1 | v2)) - 0x5 * ~ (v0 | v1 | v2)	19	18	23	W→W
mba_flatten:2721	0x8 * ~ v1 + 0xa * (v0 & v1) + 0xd * (v1 & v2) - 0xa * (v0 & v1 & v2) - 0x8 * v2 - 0x5 * (v0 & ~ v2) + v0 * v1	-0x8 + 0xa * (v0 & v1 & ~ v2) + 0xd * (v1 & v2) - 0x8 * v1 - 0x8 * v2 - 0x5 * (v0 & ~ v2) + v0 * v1	v0 * v1 + 0x5 * (v1 ^ ~ (v0 | v2)) + 0x3 * ~ (v1 | v2)	27	24	18	L→L
mba_flatten:2724	0x2 * ~ v0 + 0x2 * (v1 & v2) + 0x6 * (v0 & v2) - 0x4 * v2 - 0x4 * (v0 & v1 & v2) + v0 * v1	-0x2 + 0x2 * (v1 & v2) + 0x6 * (v0 & v2) - 0x4 * v2 - 0x4 * (v0 & v1 & v2) - 0x2 * v0 + v0 * v1	v0 * v1 - 0x2 * (~ v0 & ~ v1 & v2) + 0x2 * (v2 ^ (~ v0 | v1 & v2))	22	22	24	W→W
mba_flatten:2726	-0x2 * (v0 & v1) - (v2 & ~ (v0 & v1)) + (v0 & v2) + (v1 & v2) + v0 * v1	-0x2 * (v0 & v1) - v2 + (v0 & v1 & v2) + (v0 & v2) + (v1 & v2) + v0 * v1	v0 * v1 - 0x1 * (~ v0 & ~ v1 & v2) - 0x2 * ~ (~ v0 | ~ v1 | v2)	21	20	25	W→W
mba_flatten:2727	0x5 * (v1 & v2) + 0x7 * (v0 & v2) - 0x7 * (v0 & v1 & v2) - 0x2 * (v0 & ~ v1) + v0 * v1	0x5 * (v1 & v2) + 0x7 * (v0 & v2 & ~ v1) - 0x2 * (v0 & ~ v1) + v0 * v1	v0 * v1 + 0x5 * (v0 & v1 ^ v0 ^ v1 & v2) - 0x7 * ~ (~ v0 | v1 | v2)	22	19	25	W→W
mba_flatten:2729	0x9 * (v0 & v1 & v2) - 0x9 * (v0 & v2) - 0x2 * (v0 & ~ v1) - 0x2 * (v2 & ~ v1) + v0 * v1	-0x9 * (v0 & v2 & ~ v1) - 0x2 * (v0 & ~ v1) - 0x2 * (v2 & ~ v1) + v0 * v1	v0 * v1 - 0xb * (v0 & ~ v1 & v2) - 0x2 * (v1 ^ (v0 | v1 | v2))	23	20	23	T→W
mba_flatten:2733	-0x5 * ~ (v0 | v1) - 0x2 * (v2 & ~ (v0 | v1)) + v0 * v1	0x5 + 0x5 * (v0 | v1) - 0x2 * (v2 & ~ (v0 | v1)) + v0 * v1	v0 * v1 - 0x7 * (~ v0 & ~ v1 & v2) - 0x5 * ~ (v0 | v1 | v2)	16	16	23	W→W
mba_flatten:2736	0x7 * (v0 & v1 & v2) - 0x7 * (v0 & v1) - 0x3 * ~ (v1 ^ v2) + v0 * v1	0x3 + 0x3 * (v1 ^ v2) - 0x7 * (v0 & v1 & ~ v2) + v0 * v1	v0 * v1 - 0x3 * ~ (v1 ^ v2) - 0x7 * ~ (~ v0 | ~ v1 | v2)	18	15	22	W→W
mba_flatten:2737	-0x4 * (v0 & v1 & v2) - ~ (v1 & v2) + v0 * v1	0x1 - 0x4 * (v0 & v1 & v2) + (v1 & v2) + v0 * v1	v0 * v1 - 0x4 * (v0 & v1 & v2) - 0x1 * ~ (v1 & v2)	14	13	19	W→W
mba_flatten:2739	0xc * (v0 & v1) - 0xd * (v1 & ~ v2) - 0xc * (v0 & v1 & v2) + (v0 & ~ v2) + v0 * v1	0xc * (v0 & v1 & ~ v2) - 0xd * (v1 & ~ v2) + (v0 & ~ v2) + v0 * v1	v0 * v1 - 0xd * ~ (v0 | ~ v1 | v2) + 0x1 * ~ (~ v0 | v1 | v2)	22	19	23	W→W
mba_flatten:2740	0x2 * (v0 & v1) + 0x3 * (v0 & ~ v2) - 0x2 * (v0 & v1 & v2) + v0 * v1	0x2 * (v0 & v1 & ~ v2) + 0x3 * (v0 & ~ v2) + v0 * v1	v0 * v1 + 0x3 * ~ (~ v0 | v1 | v2) + 0x5 * ~ (~ v0 | ~ v1 | v2)	18	15	23	W→W
mba_flatten:2746	0x2 * (v0 & v1) + 0x3 * v0 - 0x5 * (v1 & ~ v2) - 0x2 * (v0 & v1 & v2) + v0 * v1	0x2 * (v0 & v1 & ~ v2) + 0x3 * v0 - 0x5 * (v1 & ~ v2) + v0 * v1	v0 * v1 + 0x3 * (v0 & (~ v1 | v2)) - 0x5 * ~ (v0 | ~ v1 | v2)	20	17	22	W→W
mba_flatten:2747	0xb * (v0 & v1) - 0xb * (v0 & v1 & v2) + v0 * v1	0xb * (v0 & v1 & ~ v2) + v0 * v1	v0 * v1 - 0xb * ~ (v0 | ~ v1 | v2) + 0xb * (v1 & ~ v2)	13	10	20	W→W
mba_flatten:2748	0xd * (v1 & v2) - 0xd * (v0 & v1 & v2) - 0x6 * (v2 & ~ v0) + v0 * v1	0xd * (v1 & v2 & ~ v0) - 0x6 * (v2 & ~ v0) + v0 * v1	v0 * v1 + 0x7 * (~ v0 & v1 & v2) - 0x6 * (~ v0 & ~ v1 & v2)	18	15	22	W→W
mba_flatten:2749	0x2 * ~ (v0 | v2) + v0 * v1	-0x2 - 0x2 * (v0 | v2) + v0 * v1	v0 * v1 + 0x2 * ~ (v0 | ~ v1 | v2) + 0x2 * ~ (v0 | v1 | v2)	9	9	21	W→W
mba_flatten:2750	0x9 * ~ (v2 | v0 | v1) + v0 * v1	-0x9 - 0x9 * (v2 | v0 | v1) + v0 * v1	v0 * v1 + 0x9 * ~ (v0 | v1 | v2)	10	10	12	W→W
mba_flatten:2752	0x3 * (v0 & v1 & v2) - 0x2 * ~ (v0 ^ v1) - (v1 & v2) + (v2 & ~ v0) + v0 * v1	0x2 + 0x2 * (v0 ^ v1) + 0x3 * (v0 & v1 & v2) - (v1 & v2) + (v2 & ~ v0) + v0 * v1	v0 * v1 - 0x2 * (v1 ^ (~ v0 | v1 & v2)) + 0x1 * (~ v0 & ~ v1 & v2)	22	22	24	W→W
mba_flatten:2754	0x7 * (v0 & v1 & v2) + 0x7 * (v0 ^ v1) - 0x7 * (v0 & v2) + v0 * v1	0x7 * (v0 ^ v1) - 0x7 * (v0 & v2 & ~ v1) + v0 * v1	v0 * v1 + 0x7 * (v1 ^ ~ (~ v0 | ~ v1 & v2))	17	14	16	L→W
mba_flatten:2756	-(v0 & v1 & v2) + (v0 & v2) + v0 * v1	(v0 & v2 & ~ v1) + v0 * v1	v0 * v1 + 0x1 * (v0 & ~ v1 & v2)	12	9	12	T→W
mba_flatten:2758	-(v0 & ~ (v1 | v2)) + v0 * v1	-v0 + (v0 & (v1 | v2)) + v0 * v1	v0 * v1 - 0x1 * ~ (~ v0 | v1 | v2)	11	11	14	W→W
mba_flatten:2760	0x5 * (v0 & v2) - 0x5 * (v0 & v1 & v2) - 0x3 * (v0 & ~ v1) - 0x2 * (v2 & ~ v1) + v0 * v1	0x5 * (v0 & v2 & ~ v1) - 0x3 * (v0 & ~ v1) - 0x2 * (v2 & ~ v1) + v0 * v1	v0 * v1 - 0x2 * (~ v0 & ~ v1 & v2) - 0x3 * ~ (~ v0 | v1 | v2)	23	20	24	W→W
mba_flatten:2761	0x8 * (v0 & v1) - 0x7 * (v0 & v1 & v2) - v1 - (v0 & ~ v2) + v0 * v1	0x8 * (v0 & v1) - 0x7 * (v0 & v1 & v2) - v0 - v1 + (v0 & v2) + v0 * v1	v0 * v1 - 0x1 * (v1 ^ ~ (~ v0 | ~ v1 & v2)) + 0x6 * ~ (~ v0 | ~ v1 | v2)	20	20	27	W→W
mba_flatten:2764	0x3 * (~ v2 | v0) - 0x3 * (v0 | v1) - (v0 & v1 & v2) + (v1 & v2) + v0 * v1	0x3 * (~ v2 | v0) - 0x3 * (v0 | v1) + (v1 & v2 & ~ v0) + v0 * v1	v0 * v1 - 0x2 * (~ v0 & v1 & v2) + 0x3 * ~ (v0 | v1 | v2)	21	18	21	T→W
mba_flatten:2767	0x6 * v1 + 0xb * (v0 & v1 & v2) - 0xd * (v1 & v2) - 0x5 * (v0 & v1) - (v0 & ~ v2) + v0 * v1	0x6 * v1 + 0xb * (v0 & v1 & v2) - 0xd * (v1 & v2) - 0x5 * (v0 & v1) - v0 + (v0 & v2) + v0 * v1	v0 * v1 - 0x7 * ((v0 | v1) & ~ (v1 ^ v2)) + 0x6 * ((v0 | v1) & (v0 ^ v1 ^ v2))	24	24	26	W→W
mba_flatten:2768	0xa * (v0 & v1 & v2) - 0xc * (v0 & v2) - (v1 & ~ v0) + (v1 & v2) + v0 * v1	0xa * (v0 & v1 & v2) - 0xc * (v0 & v2) - v1 + (v0 & v1) + (v1 & v2) + v0 * v1	v0 * v1 - 0x1 * (v1 & ~ (v0 ^ v2)) - 0xc * (v0 & ~ v1 & v2)	21	21	22	W→W
mba_flatten:2769	0x6 * (v0 & v1 & v2) - 0x6 * (v0 & v1) - 0x4 * v2 - (~ v0 | v2) + (v1 & ~ v2) + v0 * v1	0x1 - 0x6 * (v0 & v1 & ~ v2) - 0x4 * v2 + (v0 & ~ v2) + (v1 & ~ v2) + v0 * v1	v0 * v1 - 0x5 * (v2 | ~ (v0 ^ v1)) + 0x4 * ~ (v0 | v1 | v2)	24	21	21	L→T
mba_flatten:2779	0x3 * ~ (v0 & v1 & v2) - 0x3 * (v1 ^ v2) + v0 * v1	-0x3 - 0x3 * (v0 & v1 & v2) - 0x3 * (v1 ^ v2) + v0 * v1	v0 * v1 + 0x3 * (~ (v0 & v1) & ~ (v1 ^ v2))	14	14	15	W→W
mba_flatten:2781	0x7 * (v0 & v1 & v2) - 0x7 * (v1 & v2) - (v0 & ~ v1) + v0 * v1	-0x7 * (v1 & v2 & ~ v0) - v0 + (v0 & v1) + v0 * v1	v0 * v1 - 0x1 * (v1 ^ ~ (~ v0 & (~ v1 | v2))) - 0x6 * (~ v0 & v1 & v2)	18	15	26	W→W
mba_flatten:2782	-0x5 * ~ (v0 | v1 | v2) + v0 * v1	0x5 + 0x5 * (v0 | v1 | v2) + v0 * v1	v0 * v1 - 0x5 * ~ (v0 | v1 | v2)	10	10	13	W→W
mba_flatten:2783	0x4 * (v1 & v2) - 0x4 * (v0 & v1 & v2) + v0 * v1	0x4 * (v1 & v2 & ~ v0) + v0 * v1	v0 * v1 + 0x4 * (~ v0 & v1 & v2)	13	10	12	L→W
mba_flatten:2784	0x2 * (~ v2 | v0) + 0x9 * (v1 & v2) - 0x9 * (v0 & v1 & v2) - 0x2 * (v0 | v1) + v0 * v1	0x2 * (~ v2 | v0) + 0x9 * (v1 & v2 & ~ v0) - 0x2 * (v0 | v1) + v0 * v1	v0 * v1 + 0x2 * ~ (v0 | v1 | v2) + 0x7 * (~ v0 & v1 & v2)	22	19	20	L→W
mba_flatten:2786	0x3 * (v1 | v2) + 0xa * (v0 & ~ v2) - 0xa * ~ (v0 & v1 & v2) - 0x3 * (v0 & v1) + v0 * v1	0xa + 0x3 * (v1 | v2) + 0xa * (v0 & v1 & v2) + 0xa * (v0 & ~ v2) - 0x3 * (v0 & v1) + v0 * v1	v0 * v1 - 0x7 * (~ v0 | ~ v1 & v2) - 0x3 * ~ (v0 | v1 | v2)	23	23	23	T→T
mba_flatten:2788	0x7 * (v0 & v1 & v2) - 0x8 * (v0 & v2) - (v1 & ~ v0) + (v1 & v2) + v0 * v1	0x7 * (v0 & v1 & v2) - 0x8 * (v0 & v2) - v1 + (v0 & v1) + (v1 & v2) + v0 * v1	v0 * v1 - 0x8 * (v0 & ~ v1 & v2) - 0x1 * ~ (v0 | ~ v1 | v2)	21	21	23	W→W
mba_flatten:2790	0x7 * (v1 & v2) + 0xb * (~ v1 | v0) - 0xb * (v2 & ~ v0) - 0x7 * (v0 & v1 & v2) + v0 * v1	0x7 * (v1 & v2 & ~ v0) + 0xb * (~ v1 | v0) - 0xb * (v2 & ~ v0) + v0 * v1	v0 * v1 - 0x4 * (~ v0 & v1 & v2) + 0xb * ~ (~ v0 & (v1 | v2))	23	20	22	L→W
mba_flatten:2792	0x6 * (~ v2 | v1) + 0xc * (v0 & v2) - 0xc * (v0 & v1 & v2) - 0x6 * (v0 | v1) + v0 * v1	0x6 * (~ v0 ^ ~ v1 & v2) - 0x6 * (v1 & ~ v0) + v0 * v1	v0 * v1 + 0x6 * (~ v1 & ~ (v0 ^ v2))	22	17	13	L→L
mba_flatten:2793	0x5 * (v0 & v1) - 0x6 * (v1 & ~ v2) - 0x5 * (v0 & v1 & v2) + v0 * v1	0x5 * (v0 & v1 & ~ v2) - 0x6 * (v1 & ~ v2) + v0 * v1	v0 * v1 - 0x1 * ~ (~ v0 | ~ v1 | v2) - 0x6 * ~ (v0 | ~ v1 | v2)	18	15	25	W→W
mba_flatten:2795	-0x4 * ~ (v0 | v1 | v2) + v0 * v1	0x4 + 0x4 * (v0 | v1 | v2) + v0 * v1	v0 * v1 - 0x4 * ~ (v0 | v1 | v2)	10	10	13	W→W
mba_flatten:2796	-0x2 * (v0 & v1 & v2) - 0x2 * (v1 & ~ v0) + v0 * v1	0x2 * (v0 & v1 & ~ v2) - 0x2 * v1 + v0 * v1	v0 * v1 - 0x2 * (v1 & ~ (v0 & ~ v2))	14	12	14	T→W
mba_flatten:2797	0x6 * (v0 & v1 & v2) - 0x6 * (v1 & v2) - 0x6 * (v1 & ~ v0) + v0 * v1	-0x6 * (v1 & v2 & ~ v0) - 0x6 * (v1 & ~ v0) + v0 * v1	v0 * v1 - 0xc * (~ v0 & v1 & v2) - 0x6 * ~ (v0 | ~ v1 | v2)	18	15	23	W→W
mba_flatten:2803	0x3 * (v0 & v2) - 0x3 * (v0 & v1 & v2) + v0 * v1	0x3 * (v0 & v2 & ~ v1) + v0 * v1	v0 * v1 + 0x3 * (v0 & ~ v1 & v2)	13	10	12	L→W
mba_flatten:2804	0x2 * ~ (v1 & v2) + 0x2 * (v0 & v2) + v0 * v1	-0x2 + 0x2 * (v0 & v2) - 0x2 * (v1 & v2) + v0 * v1	v0 * v1 + 0x4 * (v0 & ~ v1 & v2) + 0x2 * (~ v2 | ~ (v0 ^ v1))	13	13	21	W→W
mba_flatten:2808	0xd * (v0 & v1) - 0xd * (v0 & v1 & v2) - 0xc * (v0 & ~ v2) + (~ v1 | v2) + v0 * v1	0xd * (v0 & v1 & ~ v2) - 0xc * (v0 & ~ v2) + (~ v1 | v2) + v0 * v1	v0 * v1 - 0xc * ~ (~ v0 | v1 | v2) + 0x1 * (v0 | ~ v1 | v2)	22	19	22	T→W
mba_flatten:2810	0xc * (v1 & v2) - 0x7 * (v0 | v1) - 0x5 * (v0 & v1 & v2) - 0x5 * (v2 & ~ v0) + v0 * v1	0x5 * (v0 & v2 & ~ v1) + 0xc * (v1 & v2) - 0x7 * (v0 | v1) - 0x5 * v2 + v0 * v1	v0 * v1 - 0x7 * (v0 & v1 ^ ~ (v0 ^ (~ v1 | v2))) - 0x5 * (~ v0 & ~ v1 & v2)	22	20	28	W→W
mba_flatten:2817	0x5 * (v0 & ~ v1) + 0x16 * (v0 & v1 & v2) - 0x16 * (v0 & v2) + v0 * v1	0x5 * (v0 & ~ v1) - 0x16 * (v0 & v2 & ~ v1) + v0 * v1	v0 * v1 + 0x5 * ~ (~ v0 | v1 | v2) - 0x11 * (v0 & ~ v1 & v2)	18	15	22	W→W
mba_flatten:2818	-(~ v0 | v1 ^ v2) + (v2 & ~ v1) + v0 * v1	0x1 + (v0 & ~ (v1 ^ v2)) + (v2 & ~ v1) + v0 * v1	v0 * v1 - 0x1 * (~ (v0 | ~ v1) | ~ (v0 ^ v1 ^ v2)) + 0x1 * (v0 & ~ v1 & v2)	15	15	27	W→W
mba_flatten:2819	0x3 * (v1 & v2) + 0x7 * (v0 & v1) - 0x7 * (v0 & v1 & v2) - 0x5 * v1 - 0x2 * ~ v2 + v0 * v1	0x2 + 0x2 * v2 + 0x3 * (v1 & v2) + 0x7 * (v0 & v1 & ~ v2) - 0x5 * v1 + v0 * v1	v0 * v1 - 0x7 * ~ (v0 | ~ v1 | v2) - 0x2 * ~ (v1 ^ v2)	22	19	21	L→W
mba_flatten:2821	0x3 * (v0 & v1) - 0x3 * (v0 & v1 & v2) - 0x2 * (v0 & ~ v2) + v0 * v1	0x3 * (v0 & v1 & ~ v2) - 0x2 * (v0 & ~ v2) + v0 * v1	v0 * v1 + 0x1 * ~ (~ v0 | ~ v1 | v2) - 0x2 * ~ (~ v0 | v1 | v2)	18	15	24	W→W
mba_flatten:2822	0x5 * (~ v2 | v0) + 0x17 * (v1 & v2) - 0x17 * (v0 & v1 & v2) - 0x5 * (v0 | v1) + v0 * v1	0x5 * (~ v2 | v0) + 0x17 * (v1 & v2 & ~ v0) - 0x5 * (v0 | v1) + v0 * v1	v0 * v1 + 0xd * (~ v0 & v1 & v2) + 0x5 * ~ (v0 | v1 ^ v2)	22	19	20	L→W
mba_flatten:2826	0xb * ~ (v0 | v1) + 0xb * (v0 & v1 & v2) + v0 * v1	-0xb + 0xb * (v0 & v1 & v2) - 0xb * (v0 | v1) + v0 * v1	v0 * v1 + 0xb * (v1 ^ ~ (v0 & (~ v1 | v2)))	14	14	15	W→W
mba_flatten:2827	0x2 * (v1 & ~ (v0 | v2)) - 0x3 * ~ (v0 | v2) + v0 * v1	0x3 + 0x2 * (v1 & ~ (v0 | v2)) + 0x3 * (v0 | v2) + v0 * v1	v0 * v1 - 0x3 * ~ (v0 | v1 | v2) - 0x1 * ~ (v0 | ~ v1 | v2)	16	16	23	W→W
mba_flatten:2828	0x8 * (v1 & v2) - 0x8 * (v0 & v1 & v2) + v0 * v1	0x8 * (v1 & v2 & ~ v0) + v0 * v1	v0 * v1 + 0x8 * (~ v0 & v1 & v2)	13	10	12	L→W
mba_flatten:2830	0x3 * v1 - 0x4 * (v0 & v1 & v2) - (v2 & ~ v0) + (v1 & v2) + v0 * v1	0x3 * v1 - 0x4 * (v0 & v1 & v2) - v2 + (v0 & v2) + (v1 & v2) + v0 * v1	v0 * v1 + 0x3 * (v0 & v2 ^ (v1 | v2)) - 0x4 * (~ v0 & ~ v1 & v2)	19	19	23	W→W
mba_flatten:2831	-0x2 * (v0 & ~ v2) - (v0 & v1 & v2) + (v1 & v2) + v0 * v1	-0x2 * (v0 & ~ v2) + (v1 & v2 & ~ v0) + v0 * v1	v0 * v1 + 0x3 * (~ v0 & v1 & v2) - 0x2 * (v2 ^ (v0 | ~ v1 & v2))	17	14	23	W→W
mba_flatten:2833	-~ (v0 & v1 & v2) + (v0 ^ v1) + v0 * v1	0x1 + (v0 & v1 & v2) + (v0 ^ v1) + v0 * v1	v0 * v1 - 0x1 * ~ (~ v0 | ~ v1 | v2) - 0x1 * ~ (v0 | v1)	13	12	22	W→W
mba_flatten:2835	0x4 * (~ v1 | v2) + 0x5 * (v0 & v1) - 0x5 * (v0 & v1 & v2) - 0x4 * (v0 | v2) + v0 * v1	0x4 * (~ v1 | v2) + 0x5 * (v0 & v1 & ~ v2) - 0x4 * (v0 | v2) + v0 * v1	v0 * v1 + 0x4 * ~ (v0 | v1 | v2) + 0x1 * ~ (~ v0 | ~ v1 | v2)	22	19	22	T→W
mba_flatten:2836	0x2 * (v0 & v1 & v2) + 0x3 * (v0 & ~ v2) - 0x2 * (v0 & v1) + v0 * v1	0x3 * (v0 & ~ v2) - 0x2 * (v0 & v1 & ~ v2) + v0 * v1	v0 * v1 + 0x3 * ~ (~ v0 | v1 | v2) + 0x1 * ~ (~ v0 | ~ v1 | v2)	18	15	23	W→W
mba_flatten:2837	0x6 * (v0 ^ v1) + 0x7 * (v0 & v1 & v2) - 0x7 * (v0 & v2) + (v2 & ~ v1) + v0 * v1	0x6 * (v0 ^ v1) - 0x7 * (v0 & v2 & ~ v1) + (v2 & ~ v1) + v0 * v1	v0 * v1 + 0x6 * (v1 ^ ~ (~ v0 | ~ v1 & v2)) + 0x1 * (~ v0 & ~ v1 & v2)	21	18	25	W→W
mba_flatten:2839	0x3 * (v1 & v2) - 0x3 * (v0 & v1 & v2) - 0x2 * (v2 & ~ v0) - (~ v0 | v1) + v0 * v1	0x1 + 0x3 * (v1 & v2 & ~ v0) - 0x2 * (v2 & ~ v0) + (v0 & ~ v1) + v0 * v1	v0 * v1 - 0x3 * (~ v0 & ~ v1 & v2) - 0x1 * (v1 ^ ~ (v0 | v1 ^ v2))	23	20	25	W→W
mba_flatten:2840	0xb * (v1 & ~ v2) + 0x12 * (v0 & v1 & v2) - 0xf * (v0 & v1) - 0x4 * ~ v0 + v0 * v1	0x4 + 0x4 * v0 + 0xb * (v1 & ~ v2) + 0x12 * (v0 & v1 & v2) - 0xf * (v0 & v1) + v0 * v1	v0 * v1 + 0x7 * (v1 & ~ (v0 ^ v2)) - 0x4 * (v1 ^ ~ (v0 | v1 & v2))	21	21	23	W→W
mba_flatten:2842	v0 + 0x7 * (v0 & v1 & v2) + 0x8 * v1 - 0x9 * (v0 & v1) - 0x7 * (v1 & v2) + v0 * v1	v0 + 0x8 * v1 - 0x9 * (v0 & v1) - 0x7 * (v1 & v2 & ~ v0) + v0 * v1	v0 * v1 + 0x8 * ~ (v0 | ~ v1 | v2) + 0x1 * (v1 ^ ~ (~ v0 & (~ v1 | v2)))	20	17	25	W→W
mba_flatten:2846	0x4 * (v0 & v1 & v2) - 0x4 * (v1 & v2) + v0 * v1	-0x4 * (v1 & v2 & ~ v0) + v0 * v1	v0 * v1 - 0x4 * (~ v0 & v1 & v2)	13	10	13	T→W
mba_flatten:2849	0x3 * (v0 & ~ v2) + 0x5 * (v0 & v1) - 0x8 * (v1 & ~ v2) - 0x5 * (v0 & v1 & v2) + v0 * v1	0x3 * (v0 & ~ v2) + 0x5 * (v0 & v1 & ~ v2) - 0x8 * (v1 & ~ v2) + v0 * v1	v0 * v1 - 0x8 * ~ (v0 | ~ v1 | v2) + 0x3 * ~ (~ v0 | v1 | v2)	23	20	23	T→W
mba_flatten:2850	0x8 * (v0 & v1 & v2) + 0x9 * v0 - 0xa * (v0 & v2) - 0x8 * (v0 & v1) - (v1 & ~ v2) + v0 * v1	0x9 * v0 - 0xa * (v0 & v2) - 0x8 * (v0 & v1 & ~ v2) - v1 + (v1 & v2) + v0 * v1	v0 * v1 + 0xa * ~ (~ v0 | v1 | v2) - 0x1 * ~ (v0 ^ (~ v1 | v2))	24	21	23	L→W
mba_flatten:2851	0x3 * (v2 & ~ (v0 | v1)) - 0x9 * ~ (v0 | v1) + v0 * v1	0x9 + 0x3 * (v2 & ~ (v0 | v1)) + 0x9 * (v0 | v1) + v0 * v1	v0 * v1 - 0x9 * ~ (v0 | v1 | v2) - 0x6 * (~ v0 & ~ v1 & v2)	16	16	23	W→W
mba_flatten:2852	0x4 * (v2 & ~ v1) - (v0 & v2) + (v0 & v1 & v2) + v0 * v1	0x4 * (v2 & ~ v1) - (v0 & v2 & ~ v1) + v0 * v1	v0 * v1 + 0x3 * (v0 & ~ v1 & v2) + 0x4 * (~ v0 & ~ v1 & v2)	17	15	21	W→W
mba_flatten:2854	0x7 * (v0 & v1) - 0x7 * (v0 & v1 & v2) + v0 * v1	0x7 * (v0 & v1 & ~ v2) + v0 * v1	v0 * v1 + 0x7 * ~ (~ v0 | ~ v1 | v2)	13	10	14	W→W
mba_flatten:2856	0x5 * (v1 & v2) - 0x5 * (v0 & v1 & v2) + v0 * v1	0x5 * (v1 & v2 & ~ v0) + v0 * v1	v0 * v1 + 0x5 * (~ v0 & v1 & v2)	13	10	12	L→W
mba_flatten:2857	0xb * (v0 & v1 & v2) - 0xb * (v0 & v1) + v0 * v1	-0xb * (v0 & v1 & ~ v2) + v0 * v1	v0 * v1 - 0xb * ~ (~ v0 | ~ v1 | v2)	13	10	15	W→W
mba_flatten:2858	0x3 * (v0 & v1 & v2) + 0x9 * (v1 & ~ v0) - 0x3 * (v1 & v2) + v0 * v1	0x9 * (v1 & ~ v0) - 0x3 * (v1 & v2 & ~ v0) + v0 * v1	v0 * v1 + 0x9 * ~ (v0 | ~ v1 | v2) + 0x6 * (~ v0 & v1 & v2)	18	15	21	W→W
mba_flatten:2860	0x7 * (v1 & v2) + 0x8 * (~ v2 | v0) - 0x8 * (v0 | v1) - 0x7 * (v0 & v1 & v2) + v0 * v1	0x7 * (v1 & v2 & ~ v0) + 0x8 * (~ v2 | v0) - 0x8 * (v0 | v1) + v0 * v1	v0 * v1 - 0x1 * (~ v0 & v1 & v2) + 0x8 * ~ (v0 | v1 | v2)	22	19	21	L→W
mba_flatten:2862	0x7 * (v0 & v1 & v2) - 0x7 * (v1 & v2) - 0x6 * (v1 & ~ v0) + v0 * v1	-0x7 * (v1 & v2 & ~ v0) - 0x6 * (v1 & ~ v0) + v0 * v1	v0 * v1 - 0xd * (~ v0 & v1 & v2) - 0x6 * ~ (v0 | ~ v1 | v2)	18	15	23	W→W
mba_flatten:2863	0x5 * (v1 ^ v0 & v2) - 0x5 * ~ (v1 & v2) - 0x5 * (v0 & v1) + v0 * v1	0x5 + 0x5 * (v1 & v2) + 0x5 * (v1 ^ v0 & v2) - 0x5 * (v0 & v1) + v0 * v1	v0 * v1 - 0x5 * (v1 ^ ~ (v0 & (v1 | v2))) + 0x5 * (~ v0 & v1 & v2)	19	19	23	W→W
mba_flatten:2864	0x7 * (v0 & v1 & v2) - 0x7 * (v1 & v2) + v0 * v1	-0x7 * (v1 & v2 & ~ v0) + v0 * v1	v0 * v1 - 0x7 * (~ v0 & v1 & v2)	13	10	13	T→W
mba_flatten:2865	0x3 * (v0 | v1) + 0x4 * (v0 & v1 & v2) - 0x4 * (v1 & v2) - 0x3 * (~ v2 | v0) + v0 * v1	0x3 * (v0 | v1) - 0x4 * (v1 & v2 & ~ v0) - 0x3 * (~ v2 | v0) + v0 * v1	v0 * v1 - 0x1 * (~ v0 & v1 & v2) - 0x3 * ~ (v0 | v1 | v2)	22	19	22	T→W
mba_flatten:2866	0x8 * (v0 & ~ v1) + 0xc * (v2 & ~ v1) + 0x14 * (v0 & v1 & v2) - 0x14 * (v0 & v2) + v0 * v1	0x8 * (v0 & ~ v1) + 0xc * (v2 & ~ v1) - 0x14 * (v0 & v2 & ~ v1) + v0 * v1	v0 * v1 + 0xc * (~ v0 & ~ v1 & v2) + 0x8 * ~ (~ v0 | v1 | v2)	23	20	22	L→W
mba_flatten:2869	0x3 * (v0 & v1 & v2) + 0xa * (v2 & ~ v1) - 0x3 * (v0 & v2) + v0 * v1	0xa * (v2 & ~ v1) - 0x3 * (v0 & v2 & ~ v1) + v0 * v1	v0 * v1 + 0xa * (~ v0 & ~ v1 & v2) + 0x7 * (v0 & ~ v1 & v2)	18	15	21	W→W
mba_flatten:2871	~ (v0 & v1 & v2) - (v0 ^ v1) + (v1 & v2) + v0 * v1	~ (v0 ^ v1) + (v1 & v2 & ~ v0) + v0 * v1	v0 * v1 + 0x1 * (v1 ^ ~ (v0 | v1 & v2))	16	13	14	L→W
mba_flatten:2872	0x8 * (~ v2 | v0) + 0x9 * (v1 & v2) - 0x9 * (v0 & v1 & v2) - 0x8 * (v0 | v1) + v0 * v1	0x8 * (~ v2 | v0) + 0x9 * (v1 & v2 & ~ v0) - 0x8 * (v0 | v1) + v0 * v1	v0 * v1 + 0x8 * ~ (v0 | v1 | v2) + 0x1 * (~ v0 & v1 & v2)	22	19	20	L→W
mba_flatten:2873	0x5 * ~ (v0 & v2) + 0x5 * (v1 & v2) - 0x5 * (v1 & ~ v0) - 0x2 * (v0 & v1 & v2) + v0 * v1	-0x5 + 0x5 * (v1 & v2) - 0x5 * (v0 & v2) - 0x5 * (v1 & ~ v0) - 0x2 * (v0 & v1 & v2) + v0 * v1	v0 * v1 - 0x2 * (v0 & v1 & v2) + 0x5 * (~ (v0 ^ v1) | v0 ^ v2)	23	23	22	L→L
mba_flatten:2874	0x3 * ~ (v0 ^ v1) + 0x3 * (v1 & v2) + 0x4 * (v0 & v2) - 0xa * (v0 & v1 & v2) + v0 * v1	-0x3 + 0x3 * (v1 & v2) + 0x4 * (v0 & v2) - 0xa * (v0 & v1 & v2) - 0x3 * (v0 ^ v1) + v0 * v1	v0 * v1 + 0x4 * (v0 & ~ v1 & v2) + 0x3 * (v0 ^ (~ v1 | v2))	22	22	20	L→L
mba_flatten:2876	0x4 * (~ v1 | v2) + 0xa * (v0 & v1) - 0xa * (v0 & v1 & v2) - 0x4 * (v0 | v2) + v0 * v1	0x4 * (~ v1 | v2) + 0xa * (v0 & v1 & ~ v2) - 0x4 * (v0 | v2) + v0 * v1	v0 * v1 + 0x6 * ~ (~ v0 | ~ v1 | v2) + 0x4 * ~ (v0 | v1 | v2)	22	19	22	T→W
mba_flatten:2878	0x3 * (v0 & v1 & v2) + 0x5 * (v2 & ~ v1) - 0x3 * (v0 & v2) - 0x2 * (v0 & ~ v1) + v0 * v1	0x5 * (v2 & ~ v1) - 0x3 * (v0 & v2 & ~ v1) - 0x2 * (v0 & ~ v1) + v0 * v1	v0 * v1 - 0x2 * ~ (~ v0 | v1 | v2) + 0x5 * (~ v0 & ~ v1 & v2)	23	20	23	T→W
mba_flatten:2880	0x3 * (v0 & v1 & v2) - 0x3 * (v1 & v2) - 0x2 * (v1 & ~ v0) + v0 * v1	-0x3 * (v1 & v2 & ~ v0) - 0x2 * (v1 & ~ v0) + v0 * v1	v0 * v1 - 0x2 * ~ (v0 | ~ v1 | v2) - 0x5 * (~ v0 & v1 & v2)	18	15	23	W→W
mba_flatten:2881	-(v0 & v1 & v2) - (v2 & ~ v0) + v0 * v1	-v2 - (v0 & v1 & v2) + (v0 & v2) + v0 * v1	v0 * v1 + 0x1 * ~ (~ v0 | ~ v1 | v2) - 0x1 * (v1 ^ ~ v0 & (v1 ^ v2))	14	14	25	W→W
mba_flatten:2884	-~ (v0 & v1 & v2) + (v0 ^ v1) + v0 * v1	0x1 + (v0 & v1 & v2) + (v0 ^ v1) + v0 * v1	v0 * v1 - 0x1 * (v1 ^ (~ v0 | v1 & v2))	13	12	15	W→W
mba_flatten:2886	0x7 * (v0 | v1) + 0x1b * (v0 & v1 & v2) - 0x1b * (v1 & v2) - 0x7 * (~ v2 | v0) + v0 * v1	0x7 * (v0 | v1) - 0x1b * (v1 & v2 & ~ v0) - 0x7 * (~ v2 | v0) + v0 * v1	v0 * v1 - 0x14 * (~ v0 & v1 & v2) - 0x7 * ~ (v0 | v1 | v2)	22	19	22	T→W
mba_flatten:2888	-(~ v2 | v0 ^ v1) + v0 * v1	0x1 + (v2 & ~ (v0 ^ v1)) + v0 * v1	v0 * v1 - 0x1 * (~ v2 | v0 ^ v1)	11	11	13	W→W
mba_flatten:2890	-0x7 * ~ (v0 | v1 | v2) + v0 * v1	0x7 + 0x7 * (v0 | v1 | v2) + v0 * v1	v0 * v1 - 0x7 * ~ (v0 | v1 | v2)	10	10	13	W→W
mba_flatten:2891	0x11 * (v0 & v1) - 0x11 * (v0 & v1 & v2) - 0x6 * (v0 & ~ v2) + v0 * v1	0x11 * (v0 & v1 & ~ v2) - 0x6 * (v0 & ~ v2) + v0 * v1	v0 * v1 + 0xb * ~ (~ v0 | ~ v1 | v2) - 0x6 * ~ (~ v0 | v1 | v2)	18	15	24	W→W
mba_flatten:2893	0x5 * (v0 & v1 & v2) - 0x5 * (v1 & v2) + (v2 & ~ v0) + v0 * v1	-0x5 * (v1 & v2 & ~ v0) + (v2 & ~ v0) + v0 * v1	v0 * v1 - 0x4 * ~ (v0 | ~ v2) + 0x5 * (~ v0 & ~ v1 & v2)	17	14	21	W→W
mba_flatten:2897	0xe * (v0 & v1) - 0xe * (v0 & v1 & v2) - 0x9 * (v1 & ~ v2) + v0 * v1	0xe * (v0 & v1 & ~ v2) - 0x9 * (v1 & ~ v2) + v0 * v1	v0 * v1 - 0x9 * ~ (v0 | ~ v1 | v2) + 0x5 * ~ (~ v0 | ~ v1 | v2)	18	15	24	W→W
mba_flatten:2898	0x2 * (v0 & v1 & v2) - 0x2 * (v0 & v2) + v0 * v1	-0x2 * (v0 & v2 & ~ v1) + v0 * v1	v0 * v1 - 0x2 * (v0 & ~ v1 & v2)	13	10	13	T→W
mba_flatten:2900	0x6 * v1 + 0x6 * v2 + 0x8 * (v0 & v1 & v2) - 0x7 * (v0 & v1) - 0x7 * (v0 & v2) - 0x7 * (v1 & v2) - 0x6 * ~ v0 + v0 * v1	0x6 + 0x6 * v0 + 0x6 * v1 + 0x6 * v2 + 0x8 * (v0 & v1 & v2) - 0x7 * (v0 & v1) - 0x7 * (v0 & v2) - 0x7 * (v1 & v2) + v0 * v1	v0 * v1 - 0x6 * ~ (v0 | v1 | v2) - 0x1 * (v1 & v2 | v0 & (v1 | v2))	28	28	25	L→L
mba_flatten:2901	0x7 * ~ (v2 ^ v0 ^ v1) + v0 * v1	-0x7 - 0x7 * (v2 ^ v0 ^ v1) + v0 * v1	v0 * v1 + 0x7 * ~ (v0 ^ v1 ^ v2)	10	10	12	W→W
mba_flatten:2902	-0x2 * (v0 & v1 & v2) - 0x2 * (v0 & ~ v2) + v0 * v1	0x2 * (v0 & v2 & ~ v1) - 0x2 * v0 + v0 * v1	v0 * v1 - 0x2 * (v0 ^ ~ v1 & v2) + 0x2 * (~ v0 & ~ v1 & v2)	14	12	22	W→W
mba_flatten:2905	0x2 * ~ (v0 & v1 & v2) + 0x2 * (v1 & v2) - 0x2 * (v0 | v2) + v0 * v1	-0x2 - 0x2 * (v2 & ~ v1 | v0) + v0 * v1	v0 * v1 + 0x2 * ~ (v0 | ~ v1 & v2)	18	12	13	L→W
mba_flatten:2906	0x5 * (v0 & v1 & v2) - 0x5 * (v1 & v2) - 0x3 * (v0 & ~ v2) - ~ v2 + (v1 & ~ v0) + v0 * v1	v2 + 0x1 - 0x5 * (v1 & v2 & ~ v0) - 0x3 * (v0 & ~ v2) + (v1 & ~ v0) + v0 * v1	v0 * v1 - 0x1 * ~ (v0 | v1 | v2) - 0x4 * (v2 ^ (v0 | ~ v1 & v2))	25	21	24	L→W
mba_flatten:2907	0x2 * (v0 & v1 & v2) + 0x7 * (v0 & ~ v1) - 0x5 * (v2 & ~ v1) - 0x2 * (v0 & v2) + v0 * v1	0x7 * (v0 & ~ v1) - 0x5 * (v2 & ~ v1) - 0x2 * (v0 & v2 & ~ v1) + v0 * v1	v0 * v1 - 0x5 * (~ v0 & ~ v1 & v2) + 0x7 * ~ (~ v0 | v1 | v2)	23	20	23	T→W
mba_flatten:2910	0x3 * ~ (v2 | v0 | v1) + v0 * v1	-0x3 - 0x3 * (v2 | v0 | v1) + v0 * v1	v0 * v1 + 0x3 * ~ (v0 | v1 | v2)	10	10	12	W→W
mba_flatten:2913	0x12 * (v0 & v1 & v2) + 0x13 * (v2 & ~ v0) - 0x12 * (v1 & v2) + v0 * v1	0x13 * (v2 & ~ v0) - 0x12 * (v1 & v2 & ~ v0) + v0 * v1	v0 * v1 + 0x13 * (~ v0 & ~ v1 & v2) + 0x1 * (~ v0 & v1 & v2)	18	15	21	W→W
mba_flatten:2914	0x4 * (v0 & v1 & v2) - 0x4 * (v0 & v1) - (v1 & ~ v2) + v0 * v1	-0x4 * (v0 & v1 & ~ v2) - v1 + (v1 & v2) + v0 * v1	v0 * v1 - 0x1 * ~ (v0 | ~ v1 | v2) - 0x5 * ~ (~ v0 | ~ v1 | v2)	18	15	25	W→W
mba_flatten:2915	0x5 * (v1 & v2) + 0x6 * v2 + 0x11 * (v0 & ~ (v1 | v2)) - 0x6 * ~ v1 + v0 * v1	0x6 + 0x5 * (v1 & v2) + 0x6 * v1 + 0x6 * v2 + 0x11 * (v0 & ~ (v1 | v2)) + v0 * v1	v0 * v1 - 0x11 * ~ (v0 | v1 | v2) + 0xb * ~ (v1 ^ v2)	20	20	19	L→L
mba_flatten:2921	0xe * (v0 & v1) - 0xe * (v0 & v1 & v2) + v0 * v1	0xe * (v0 & v1 & ~ v2) + v0 * v1	v0 * v1 + 0xe * ~ (~ v0 | ~ v1 | v2)	13	10	14	W→W
mba_flatten:2922	0x2 * (v0 & v2) - 0x2 * (v0 & v1 & v2) + v0 * v1	0x2 * (v0 & v2 & ~ v1) + v0 * v1	v0 * v1 + 0x2 * (v0 & ~ v1 & v2)	13	10	12	L→W
mba_flatten:2923	0x3 * (v1 & v2) - 0x4 * (v0 ^ v1) - 0x3 * (v0 & v1 & v2) + (v2 & ~ v0) + v0 * v1	0x3 * (v1 & v2 & ~ v0) - 0x4 * (v0 ^ v1) + (v2 & ~ v0) + v0 * v1	v0 * v1 - 0x4 * (v1 ^ (v0 | v1 & v2)) + 0x1 * (~ v0 & ~ v1 & v2)	21	18	23	W→W
mba_flatten:2925	0x3 * (v0 & v2) - 0x7 * (v0 & ~ v1) - 0x3 * (v0 & v1 & v2) + v0 * v1	0x3 * (v0 & v2 & ~ v1) - 0x7 * (v0 & ~ v1) + v0 * v1	v0 * v1 - 0x7 * ~ (~ v0 | v1 | v2) - 0x4 * (v0 & ~ v1 & v2)	18	15	23	W→W
mba_flatten:2926	0x4 * (v0 & v1) - 0x5 * (v0 & v1 & v2) - 0x5 * (v0 & ~ v2) - (v2 & ~ v1) + v0 * v1	0x4 * (v0 & v1) + 0x5 * (v0 & v2 & ~ v1) - 0x5 * v0 - v2 + (v1 & v2) + v0 * v1	v0 * v1 - 0x1 * (v0 | ~ v1 & v2) - 0x4 * ~ (~ v0 | v1 | v2)	23	21	23	T→W
mba_flatten:2927	0x7 * (v0 & v1) - 0x9 * (v1 & ~ v2) - 0x5 * (v0 & v1 & v2) - 0x2 * ~ (v0 ^ v2) + v0 * v1	0x2 + 0x2 * (v0 ^ v2) + 0x7 * (v0 & v1) - 0x9 * (v1 & ~ v2) - 0x5 * (v0 & v1 & v2) + v0 * v1	v0 * v1 - 0xb * ~ (v0 | ~ v1 | v2) - 0x2 * ((v0 | ~ v1) & ~ (v0 ^ v1 ^ v2))	23	23	28	W→W
mba_flatten:2928	0x2 * ~ v2 + 0x8 * (v0 & v2) - 0x6 * (v0 & v1 & v2) - 0x6 * (v0 & ~ v1) + v0 * v1	-0x2 + 0x6 * (v0 & v1 & ~ v2) + 0x8 * (v0 & v2) - 0x6 * v0 - 0x2 * v2 + v0 * v1	v0 * v1 + 0x2 * (v0 | ~ v2) - 0x6 * ~ (~ v0 | v1 | v2)	21	19	20	L→W
mba_flatten:2929	-(v1 & v2) + (v0 & v1 & v2) + v0 * v1	-(v1 & v2 & ~ v0) + v0 * v1	v0 * v1 - 0x1 * (~ v0 & v1 & v2)	12	10	13	W→W
mba_flatten:2932	0x8 * (v0 & v1 & v2) - 0x8 * (v1 & v2) + v0 * v1	-0x8 * (v1 & v2 & ~ v0) + v0 * v1	v0 * v1 - 0x8 * (~ v0 & v1 & v2)	13	10	13	T→W
mba_flatten:2933	0x6 * ~ v0 - 0xb * (v1 & ~ v0) - 0x6 * (v0 & v1 & v2) - 0x6 * (v2 & ~ v1) + (v0 & v2) + v0 * v1	-0x6 + 0x6 * (v1 & v2 & ~ v0) - 0xb * (v1 & ~ v0) - 0x6 * v0 - 0x6 * v2 + (v0 & v2) + v0 * v1	v0 * v1 - 0x5 * (v1 ^ v0 & (v1 ^ v2)) + 0x6 * ~ (v0 | v1 | v2)	25	23	22	L→L
mba_flatten:2934	-0x2 * ~ (v0 | v1 & v2) - 0x2 * (v0 & v1) + v0 * v1	0x2 + 0x2 * (v0 | v1 & v2) - 0x2 * (v0 & v1) + v0 * v1	v0 * v1 - 0x2 * (v1 ^ ~ v0 & (~ v1 | v2))	15	15	16	W→W
mba_flatten:2935	0x8 * (v0 & v2) - 0x8 * (v0 & v1 & v2) + v0 * v1	0x8 * (v0 & v2 & ~ v1) + v0 * v1	v0 * v1 + 0x8 * (v0 & ~ v1 & v2)	13	10	12	L→W
mba_flatten:2939	0xb * (v0 & v1 & v2) - 0xb * (v0 & v2) + v0 * v1	-0xb * (v0 & v2 & ~ v1) + v0 * v1	v0 * v1 - 0xb * (v0 & ~ v1 & v2)	13	10	13	T→W
mba_flatten:2942	0x6 * ~ (v0 ^ v2) - 0x7 * (v0 & v1 & v2) + v0 * v1	-0x6 - 0x7 * (v0 & v1 & v2) - 0x6 * (v0 ^ v2) + v0 * v1	v0 * v1 + 0x6 * (v2 ^ (~ v0 | v1 & v2)) - 0x1 * (v0 & v1 & v2)	14	14	22	W→W
mba_flatten:2943	0x5 * (v0 | v1) - 0x5 * ~ v2 - 0x3 * (v0 & v2) - 0x3 * (v1 & v2) + (v0 & v1 & v2) + v0 * v1	0x5 + 0x5 * v2 + 0x5 * (v0 | v1) - 0x3 * (v0 & v2) - 0x3 * (v1 & v2) + (v0 & v1 & v2) + v0 * v1	v0 * v1 + 0x2 * (~ (v0 & v1) & ~ (v0 ^ v1 ^ v2)) - 0x7 * ~ (v0 | v1 | v2)	23	23	26	W→W
mba_flatten:2945	0x7 * (v0 & v1) - 0x7 * (v0 & v1 & v2) + v0 * v1	0x7 * (v0 & v1 & ~ v2) + v0 * v1	v0 * v1 + 0x7 * ~ (~ v0 | ~ v1 | v2)	13	10	14	W→W
mba_flatten:2949	-0x7 * (v1 & ~ v0) - (v0 & v2) + (v0 & v1 & v2) + v0 * v1	-0x7 * (v1 & ~ v0) - (v0 & v2 & ~ v1) + v0 * v1	v0 * v1 + 0x6 * (v0 & ~ v1 & v2) - 0x7 * (v1 ^ v0 & (v1 | v2))	17	15	22	W→W
mba_flatten:2950	0x2 * (v0 & v2) - 0x2 * (v0 & v1 & v2) - (v1 ^ v2) + v0 * v1	0x2 * (v0 & v2 & ~ v1) - (v1 ^ v2) + v0 * v1	v0 * v1 - 0x1 * (~ (v0 & ~ v1) & (v1 ^ v2)) + 0x1 * (v0 & ~ v1 & v2)	17	14	24	W→W
mba_flatten:2951	0xb * ~ v1 + 0x16 * (v0 & v1) + 0x16 * (v1 & v2) - 0x24 * (v0 & v1 & v2) - 0xb * (v0 | v2) + v0 * v1	0xb * ~ (v0 ^ v1) + 0x16 * (v1 & v2) - 0x24 * (v0 & v1 & v2) - 0xb * (v2 & ~ v0) + v0 * v1	v0 * v1 - 0xe * (v0 & v1 & v2) + 0xb * (v1 ^ ~ (v0 | v2))	24	23	20	L→L
mba_flatten:2952	0x8 * (v0 | v1) + 0xc * (v0 & v1 & v2) - 0xc * (v0 & v2) - 0x8 * (~ v2 | v1) + v0 * v1	0x8 * (v0 | v1) - 0xc * (v0 & v2 & ~ v1) - 0x8 * (~ v2 | v1) + v0 * v1	v0 * v1 - 0x8 * ~ (v0 | v1 | v2) - 0x4 * (v0 & ~ v1 & v2)	22	19	22	T→W
mba_flatten:2954	0x2 * (~ v1 | v2) + 0x7 * (v0 & v1) - 0x7 * (v0 & v1 & v2) - 0x2 * (v0 | v2) + v0 * v1	0x2 * (~ v1 | v2) + 0x7 * (v0 & v1 & ~ v2) - 0x2 * (v0 | v2) + v0 * v1	v0 * v1 + 0x2 * ~ (v0 | v1 | v2) + 0x5 * ~ (~ v0 | ~ v1 | v2)	22	19	22	T→W
mba_flatten:2955	-~ (v2 | v0 | v1) + v0 * v1	0x1 + (v2 | v0 | v1) + v0 * v1	v0 * v1 - 0x1 * ~ (v0 | v1 | v2)	10	9	13	W→W
mba_flatten:2956	-0x4 * (v1 & ~ v2) - (v0 & v2) + (v0 & v1 & v2) + v0 * v1	-0x4 * (v1 & ~ v2) - (v0 & v2 & ~ v1) + v0 * v1	v0 * v1 - 0x1 * (v0 & ~ v1 & v2) - 0x4 * (v1 & ~ v2)	17	15	20	W→W
mba_flatten:2957	0x7 * ~ (v2 | v0 | v1) + v0 * v1	-0x7 - 0x7 * (v2 | v0 | v1) + v0 * v1	v0 * v1 + 0x7 * ~ (v0 | v1 | v2)	10	10	12	W→W
mba_flatten:2958	-0x5 * ~ (v0 | v1) - 0x3 * (v0 & v1 & v2) - 0x3 * (v2 & ~ v1) - 0x2 * (v0 & v2) + v0 * v1	0x5 + 0x3 * (v1 & v2 & ~ v0) + 0x5 * (v0 | v1) - 0x3 * v2 - 0x2 * (v0 & v2) + v0 * v1	v0 * v1 - 0x5 * (v1 ^ (~ v0 | v1 ^ v2)) - 0x3 * (~ v0 & ~ v1 & v2)	23	21	25	W→W
mba_flatten:2959	0x2 * ~ (v0 & v1 & v2) + 0x2 * (v1 & v2) - 0x2 * (v0 | v2) + v0 * v1	-0x2 - 0x2 * (v2 & ~ v1 | v0) + v0 * v1	v0 * v1 - 0x2 * (v0 & ~ v1 & v2) + 0x2 * ~ (v0 ^ ~ v1 & v2)	18	12	22	W→W
mba_flatten:2960	0x6 * (v0 | v2) - 0x4 * (v1 & v2) - 0x2 * (v0 & v1 & v2) - 0x2 * (v1 & ~ v0) + v0 * v1	0x2 * (v0 & v1 & ~ v2) + 0x6 * (v0 | v2) - 0x4 * (v1 & v2) - 0x2 * v1 + v0 * v1	v0 * v1 + 0x6 * (v0 & ~ v1 | v1 ^ v2) - 0x8 * ~ (v0 | ~ v1 | v2)	22	20	24	W→W
mba_flatten:2963	0x8 * (v0 & v1 & v2) - 0x8 * (v0 & v1) - (v0 & ~ v2) + v0 * v1	-0x8 * (v0 & v1 & ~ v2) - v0 + (v0 & v2) + v0 * v1	v0 * v1 - 0x1 * ~ (~ v0 | v1 | v2) - 0x9 * ~ (~ v0 | ~ v1 | v2)	18	15	25	W→W
mba_flatten:2964	-0x8 * (v0 & v2) - 0x7 * ~ v2 + (v0 & v1 & v2) + (v0 & ~ v1) + v0 * v1	0x7 + 0x7 * v2 - 0x8 * (v0 & v2) + (v0 & v1 & v2) + (v0 & ~ v1) + v0 * v1	v0 * v1 + 0x1 * ~ (~ v0 | v1 | v2) - 0x7 * (v0 | ~ v2)	19	19	20	W→W
mba_flatten:2965	-0x9 * ~ (v0 | v1 | v2) + v0 * v1	0x9 + 0x9 * (v0 | v1 | v2) + v0 * v1	v0 * v1 - 0x9 * ~ (v0 | v1 | v2)	10	10	13	W→W
mba_flatten:2968	0x2 * (v0 & v1 & v2) + 0x10 * (v0 | v1) - 0x10 * (~ v2 | v1) - 0x2 * (v0 & v2) + v0 * v1	0x10 * (v0 | v1) - 0x10 * (~ v2 | v1) - 0x2 * (v0 & v2 & ~ v1) + v0 * v1	v0 * v1 - 0x10 * ~ (v0 | v1 | v2) + 0xe * (v0 & ~ v1 & v2)	22	19	21	L→W
mba_flatten:2970	0x3 * ~ (v0 & v1 & v2) + 0x6 * (v1 & v2) - 0x3 * (v2 & ~ v0) - 0x3 * (v0 | v1) + v0 * v1	-0x3 + 0x6 * (v1 & v2) - 0x3 * v1 - 0x3 * (v0 & ~ v1 | v2) + v0 * v1	v0 * v1 + 0x3 * (~ (v0 & ~ v1) & ~ (v1 ^ v2))	23	18	16	L→L
mba_flatten:2972	0x2 * ~ (v0 & v2) + 0x8 * (v0 & v1 & v2) - 0x8 * (v1 & v2) - 0x2 * (v1 & ~ v0) + v0 * v1	-0x2 - 0x8 * (v1 & v2 & ~ v0) - 0x2 * (v0 & v2) - 0x2 * (v1 & ~ v0) + v0 * v1	v0 * v1 - 0x8 * (~ v0 & v1 & v2) + 0x2 * (v1 ^ ~ (v0 & (v1 ^ v2)))	23	20	23	T→W
mba_flatten:2973	0x3 * (~ v2 | v0) + 0x6 * (v1 & v2) - 0x6 * (v0 & v1 & v2) - 0x3 * (v0 | v1) + v0 * v1	0x3 * (~ v1 ^ ~ v0 & v2) - 0x3 * (v0 & ~ v1) + v0 * v1	v0 * v1 + 0x3 * ~ (v0 | v1 ^ v2)	22	17	12	L→L
mba_flatten:2974	0x3 * (v1 & ~ v2) - 0x3 * ~ (v0 & v1 & v2) + v0 * v1	0x3 + 0x3 * (v0 & v1 & v2) + 0x3 * (v1 & ~ v2) + v0 * v1	v0 * v1 - 0x3 * (v1 ^ ~ (~ v0 & v1 & v2))	15	15	16	W→W
mba_flatten:2976	0x2 * ~ (v0 & v1) - 0x7 * (v0 & v1 & v2) - 0x2 * (v2 & ~ v1) + v0 * v1	-0x2 - 0x7 * (v0 & v1 & v2) - 0x2 * (v0 & v1) - 0x2 * (v2 & ~ v1) + v0 * v1	v0 * v1 + 0x2 * (v0 & v1 ^ (v1 | ~ v2)) - 0x7 * (v0 & v1 & v2)	19	19	22	W→W
mba_flatten:2977	0xd * (v0 & v2) - 0xd * (v0 & v1 & v2) + v0 * v1	0xd * (v0 & v2 & ~ v1) + v0 * v1	v0 * v1 + 0xd * (v0 & ~ v1 & v2)	13	10	12	L→W
mba_flatten:2978	0x7 * (v1 & v2) - 0x7 * (v0 & v1 & v2) - (~ v1 | v0) + v0 * v1	0x1 + 0x7 * (v1 & v2 & ~ v0) + (v1 & ~ v0) + v0 * v1	v0 * v1 + 0x7 * (~ v0 & v1 & v2) - 0x1 * (v0 | ~ v1)	18	15	19	W→W
mba_flatten:2979	0x6 * (v0 & v1 & v2) - 0x5 * (v1 & v2) - (v2 & ~ v0) - (v0 | v1) + v0 * v1	0x6 * (v0 & v1 & v2) - 0x5 * (v1 & v2) - v2 - (v0 | v1) + (v0 & v2) + v0 * v1	v0 * v1 - 0x6 * (~ v0 & v1 & v2) - 0x1 * (v0 ^ v1 | v0 ^ v2)	22	22	23	W→W
mba_flatten:2981	0xc * (v0 & v1) - 0xc * (v0 & v1 & v2) - 0x3 * (v1 ^ v2) + v0 * v1	0xc * (v0 & v1 & ~ v2) - 0x3 * (v1 ^ v2) + v0 * v1	v0 * v1 + 0x9 * ~ (~ v0 | ~ v1 | v2) - 0x3 * (~ (v0 & v1) & (v1 ^ v2))	17	14	25	W→W
mba_flatten:2982	0x2 * (v1 & ~ v2) + 0x3 * (v0 | v2) + 0x5 * (v0 & v1 & v2) - 0x5 * (v0 & v1) + v0 * v1	0x2 * (v1 & ~ v2) + 0x3 * (v0 | v2) - 0x5 * (v0 & v1 & ~ v2) + v0 * v1	v0 * v1 + 0x3 * (v2 | v0 & ~ v1) + 0x2 * ~ (v0 | ~ v1 | v2)	22	19	21	L→W
mba_flatten:2985	-0x2 * (v0 & ~ (v1 & v2)) + v0 * v1	0x2 * (v0 & v1 & v2) - 0x2 * v0 + v0 * v1	v0 * v1 - 0x2 * ~ (~ v0 | v1 & v2)	11	11	14	W→W
mba_flatten:2986	0x7 * (~ v0 | v1) + 0x1d * (v1 & v2) - 0x1d * (v0 & v1 & v2) - 0x12 * v1 - 0x12 * (v2 & ~ v0) + v0 * v1	0x7 * (~ v0 | v1) + 0x1d * (v1 & v2 & ~ v0) - 0x12 * v1 - 0x12 * (v2 & ~ v0) + v0 * v1	v0 * v1 + 0x7 * ~ (v0 | v1 | v2) - 0xb * (v1 ^ ~ (v0 | ~ v2))	25	22	22	L→T
mba_flatten:2989	-~ (v0 ^ v2) + v0 * v1	0x1 + (v0 ^ v2) + v0 * v1	v0 * v1 - 0x1 * ~ (v0 ^ v2)	9	8	11	W→W
mba_flatten:2996	v2 + 0x2 * (v1 & ~ v0) + 0x4 * (v0 & v1 & v2) - 0x4 * (v0 & v2) - 0x3 * ~ v0 - 0x3 * (v1 & v2) + v0 * v1	v2 + 0x3 + 0x2 * (v1 & ~ v0) + 0x3 * v0 - 0x4 * (v0 & v2 & ~ v1) - 0x3 * (v1 & v2) + v0 * v1	v0 * v1 - 0x1 * ~ (v0 ^ ~ v1 & v2) - 0x2 * (v2 | ~ (v0 | v1))	26	23	23	L→T
mba_flatten:2998	0xd + 0xa * v1 + 0xa * v2 + 0xa * (v0 & ~ (v1 | v2)) - 0x7 * (v1 & v2) + v0 * v1	0xd + 0xa * v1 + 0xa * (v0 & ~ v1 | v2) - 0x7 * (v1 & v2) + v0 * v1	v0 * v1 - 0x3 * ~ (v1 & v2) - 0xa * ~ (v0 | v1 | v2)	20	18	20	T→W
mba_obf_linear:5	0x4 * ~ v0 + 0x9 * (v0 & v1) - 0x4 * v1	-0x4 - 0x4 * v0 - 0x4 * v1 + 0x9 * (v0 & v1)	0x5 * (v0 & v1) + 0x4 * ~ (v0 | v1)	10	10	12	W→W
mba_obf_linear:18	0x8 * (v0 & ~ v1) - 0x7 * ~ v1	0x7 + 0x7 * v1 + 0x8 * (v0 & ~ v1)	(-0x1) * 0x7 * ~ v1 + 0x8 * (v0 & ~ v1)	9	9	12	W→W
mba_obf_linear:25	0x7 * (v1 & v0) - 0x4 * ~ v1	0x4 + 0x4 * v1 + 0x7 * (v1 & v0)	(-0x1) * 0x4 * (v0 | ~ v1) + 0xb * (v0 & v1)	8	8	13	W→W
mba_obf_linear:36	-0x7 * (v0 & v1) - ~ v0	0x1 + v0 - 0x7 * (v0 & v1)	(-0x1) * 0x6 * (v0 & v1) - 0x1 * ~ (v0 & ~ v1)	8	7	15	W→W
mba_obf_linear:42	0xd * v1 - 0x19 * (v0 & v1) - 0xd * ~ v0	0xd + 0xd * v0 + 0xd * v1 - 0x19 * (v0 & v1)	(-0x1) * 0xd * ~ (v0 | v1) - 0xc * (v0 & v1)	10	10	14	W→W
mba_obf_linear:43	0x7 * ~ v1 - 0x6 * (v1 & v0)	-0x7 - 0x7 * v1 - 0x6 * (v1 & v0)	(-0x1) * 0xd * (v0 & v1) + 0x7 * (v0 | ~ v1)	8	8	13	W→W
mba_obf_linear:44	0x2 * ~ v0 + 0x3 * (v1 & ~ v0)	-0x2 + 0x3 * (v1 & ~ v0) - 0x2 * v0	0x5 * ~ (v0 | ~ v1) + 0x2 * ~ (v0 | v1)	9	9	14	W→W
mba_obf_linear:46	0x9 * (v1 & ~ v0) - 0x7 * ~ v0	0x7 + 0x7 * v0 + 0x9 * (v1 & ~ v0)	(-0x1) * 0x9 * ~ (v0 | v1) + 0x2 * ~ v0	9	9	12	W→W
mba_obf_linear:47	(-0x1) * ~ v1	0x1 + v1	(-0x1) * 0x1 * (v0 & ~ v1) - 0x1 * ~ (v0 | v1)	3	3	15	W→W
mba_obf_linear:57	0x3 * ~ v0 - 0x2 * (v1 & ~ v0)	-0x3 - 0x3 * v0 - 0x2 * (v1 & ~ v0)	(-0x1) * 0x2 * ~ (v0 | ~ v1) + 0x3 * ~ v0	9	9	13	W→W
mba_obf_linear:58	0x2 * ~ v0 - 0x3 * (v1 & ~ v0)	-0x2 - 0x3 * (v1 & ~ v0) - 0x2 * v0	0x2 * ~ v0 - 0x3 * ~ (v0 | ~ v1)	9	9	13	W→W
mba_obf_linear:60	(-0x1) * ~ (v0 | v1)	0x1 + (v0 | v1)	(-0x1) * 0x1 * ~ (v0 | v1)	5	5	7	W→W
mba_obf_linear:76	0x2 * v1 - 0x3 * (v0 & v1) - ~ v0	0x1 + v0 + 0x2 * v1 - 0x3 * (v0 & v1)	0x1 * (v0 ^ v1) - 0x1 * (v0 | ~ v1)	10	9	13	W→W
mba_obf_linear:80	-0x2 - (v1 & ~ v0)	-0x2 - v1 + (v1 & v0)	0x2 * (v0 | ~ v1) + 0x1 * ~ (v0 | ~ v1)	7	7	14	W→W
mba_obf_linear:81	0x6 * (v0 & v1) - 0x8 * v1 - 0x2 * ~ v0	0x2 + 0x2 * v0 - 0x8 * v1 + 0x6 * (v0 & v1)	(-0x1) * 0xa * ~ (v0 | ~ v1) - 0x2 * ~ (v0 ^ v1)	10	10	16	W→W
mba_obf_linear:84	0x1 - (v1 & ~ v0)	0x1 - v1 + (v1 & v0)	(-0x1) * 0x1 * (v0 | v1) - 0x1 * ~ v0	7	7	12	W→W
mba_obf_linear:87	0x3 * ~ v0 - 0x8 * (v1 & ~ v0)	-0x3 - 0x8 * (v1 & ~ v0) - 0x3 * v0	(-0x1) * 0x5 * ~ v0 + 0x8 * ~ (v0 | v1)	9	9	12	W→W
mba_obf_linear:91	(-0x1) * ~ (v0 | v1)	0x1 + (v0 | v1)	(-0x1) * 0x1 * ~ (v0 | v1)	5	5	7	W→W
mba_obf_linear:94	0xb * v1 - 0xd * (v0 & v1) - 0xb * ~ v0	0xb + 0xb * v0 + 0xb * v1 - 0xd * (v0 & v1)	0x9 * (v0 & v1) - 0xb * ~ (v0 ^ v1)	10	10	13	W→W
mba_obf_linear:97	-0x4 * ~ v1 + (v1 & v0)	0x4 + 0x4 * v1 + (v1 & v0)	(-0x1) * 0x4 * (v0 | ~ v1) + 0x5 * (v0 & v1)	7	7	13	W→W
mba_obf_linear:102	0xd * ~ v1 - 0x2 * (v0 & ~ v1)	-0xd - 0xd * v1 - 0x2 * (v0 & ~ v1)	0xb * (v0 & ~ v1) + 0xd * ~ (v0 | v1)	9	9	13	W→W
mba_obf_linear:110	-0x2 * (v0 & ~ v1) - ~ v1	v1 + 0x1 - 0x2 * (v0 & ~ v1)	(-0x1) * 0x1 * ~ (v0 | v1) - 0x3 * (v0 & ~ v1)	9	8	15	W→W
mba_obf_linear:114	-0x4 * (v0 & ~ v1) - ~ v1	v1 + 0x1 - 0x4 * (v0 & ~ v1)	(-0x1) * 0x5 * (v0 & ~ v1) - 0x1 * ~ (v0 | v1)	9	8	15	W→W
mba_obf_linear:121	(-0x1) * ~ (v0 | v1)	0x1 + (v0 | v1)	(-0x1) * 0x1 * ~ (v0 | v1)	5	5	7	W→W
mba_obf_linear:123	(-0x1) * ~ v0	0x1 + v0	(-0x1) * 0x1 * ~ v0	3	3	5	W→W
mba_obf_linear:128	0x2 * v0 + 0x7 * (v0 & v1) + 0x9 * ~ v1	-0x9 + 0x2 * v0 - 0x9 * v1 + 0x7 * (v0 & v1)	0xb * (v0 | ~ v1) - 0x2 * ~ (v0 ^ v1)	10	10	14	W→W
mba_obf_linear:132	0x5 * ~ v1 + 0xe * (v0 & v1) - 0x7 * v0	0x7 * ~ (v0 ^ v1) - 0x2 * ~ v1	0x7 * ~ (v0 ^ v1) - 0x2 * ~ v1	10	9	12	W→W
mba_obf_linear:135	0x14 * ~ v0 - 0x19 * (v1 & ~ v0)	-0x14 - 0x19 * (v1 & ~ v0) - 0x14 * v0	0x19 * ~ (v0 | v1) - 0x5 * ~ v0	9	9	12	W→W
mba_obf_linear:137	0x6 * ~ v0 + 0x16 * (v0 & v1) - 0x10 * v1	-0x6 - 0x6 * v0 - 0x10 * v1 + 0x16 * (v0 & v1)	(-0x1) * 0x10 * ~ (v0 | ~ v1) + 0x6 * ~ (v0 & ~ v1)	10	10	16	W→W
mba_obf_linear:139	-0x14 * (v1 & v0) - 0x5 * ~ v1	0x5 + 0x5 * v1 - 0x14 * (v1 & v0)	(-0x1) * 0x5 * (v0 | ~ v1) - 0xf * (v0 & v1)	8	8	14	W→W
mba_obf_linear:154	0xd * (v0 & ~ v1) - 0x4 * ~ v1	0x4 + 0x4 * v1 + 0xd * (v0 & ~ v1)	0x9 * (v0 & ~ v1) - 0x4 * ~ (v0 | v1)	9	9	14	W→W
mba_obf_linear:158	v1 - 0xd * (v0 & v1) - ~ v0	0x1 + v0 + v1 - 0xd * (v0 & v1)	(-0x1) * 0x1 * ~ (v0 ^ v1) - 0xb * (v0 & v1)	9	8	14	W→W
mba_obf_linear:160	-0x7 * ~ v0 - 0x3 * (v1 & ~ v0)	0x7 + 0x7 * v0 - 0x3 * (v1 & ~ v0)	(-0x1) * 0xa * ~ (v0 | ~ v1) - 0x7 * ~ (v0 | v1)	9	9	16	W→W
mba_obf_linear:166	0x3 * ~ v0 - 0x3 * v1	-0x3 - 0x3 * v0 - 0x3 * v1	0x3 * ~ v1 - 0x3 * v0	6	6	9	W→W
mba_obf_linear:170	0x2 * ~ v0 - 0xb * (v0 & v1) - 0x2 * v1	-0x2 - 0x2 * v0 - 0x2 * v1 - 0xb * (v0 & v1)	(-0x1) * 0xf * (v0 & v1) + 0x2 * ~ (v0 ^ v1)	10	10	13	W→W
mba_obf_linear:172	v0 - 0xa * (v0 & v1) - 0x5 * ~ v1	0x5 + v0 + 0x5 * v1 - 0xa * (v0 & v1)	(-0x1) * 0x4 * v0 - 0x5 * ~ (v0 ^ v1)	9	9	12	W→W
mba_obf_linear:174	0x4 * (v0 & v1) - 0x5 * ~ v0	0x5 + 0x5 * v0 + 0x4 * (v0 & v1)	(-0x1) * 0x5 * ~ (v0 & ~ v1) + 0x9 * (v0 & v1)	8	8	14	W→W
mba_obf_linear:175	0x7 * (v1 & v0) - ~ v1	0x1 + v1 + 0x7 * (v1 & v0)	0x8 * (v0 & v1) - 0x1 * (v0 | ~ v1)	8	7	13	W→W
mba_obf_linear:177	-0x2 * ~ v1 - v0 - (v1 & v0)	0x2 + 0x2 * v1 - v0 - (v1 & v0)	(-0x1) * 0x2 * (v0 | ~ v1) - 0x1 * (v0 & ~ v1)	10	10	15	W→W
mba_obf_linear:188	0x2 * v0 - ~ v1	0x1 + v1 + 0x2 * v0	0x2 * v0 - 0x1 * ~ v1	6	5	9	W→W
mba_obf_linear:189	0x4 * v0 - 0x8 * (v0 & v1) - 0x6 * ~ v1	-0x4 * ~ (v0 ^ v1) - 0x2 * ~ v1	(-0x1) * 0x2 * ~ v1 - 0x4 * ~ (v0 ^ v1)	10	9	13	W→W
mba_obf_linear:197	0x2 * ~ v0 - 0xc * (v1 & ~ v0)	-0x2 - 0xc * (v1 & ~ v0) - 0x2 * v0	0x2 * ~ v0 - 0xc * ~ (v0 | ~ v1)	9	9	13	W→W
mba_obf_linear:219	(-0x1) * ~ (v0 ^ v1)	0x1 + (v0 ^ v1)	(-0x1) * 0x1 * ~ (v0 ^ v1)	5	5	7	W→W
mba_obf_linear:225	-0x3 * ~ v0 - (v0 & v1)	0x3 + 0x3 * v0 - (v0 & v1)	(-0x1) * 0x2 * ~ v0 - 0x1 * ~ (v0 & ~ v1)	8	8	14	W→W
mba_obf_linear:242	0xd * v0 - 0x14 * (v1 & v0) - 0x7 * ~ v1	0x7 + 0x7 * v1 + 0xd * v0 - 0x14 * (v1 & v0)	0xd * (v0 & ~ v1) - 0x7 * (v0 | ~ v1)	10	10	14	W→W
mba_obf_linear:248	0x6 * ~ v0 + 0x10 * (v0 & v1) - 0xa * v1	-0x6 - 0x6 * v0 - 0xa * v1 + 0x10 * (v0 & v1)	(-0x1) * 0x4 * ~ (v0 | ~ v1) + 0x6 * ~ (v0 ^ v1)	10	10	15	W→W
mba_obf_linear:249	0x2 * ~ v0 - 0x9 * (v1 & ~ v0)	-0x2 - 0x9 * (v1 & ~ v0) - 0x2 * v0	(-0x1) * 0x9 * ~ (v0 | ~ v1) + 0x2 * ~ v0	9	9	13	W→W
mba_obf_linear:256	-0x4 * ~ v0 - 0x4 * (v1 & ~ v0)	0x4 + 0x4 * v0 - 0x4 * (v1 & ~ v0)	(-0x1) * 0x8 * ~ (v0 | ~ v1) - 0x4 * ~ (v0 | v1)	9	9	16	W→W
mba_obf_linear:257	0x11 * (v0 & ~ v1) - ~ v1	v1 + 0x1 + 0x11 * (v0 & ~ v1)	(-0x1) * 0x1 * ~ (v0 | v1) + 0x10 * (v0 & ~ v1)	9	8	14	W→W
mba_obf_linear:261	-0xc * (v0 & v1) - 0x2 * ~ v0	0x2 + 0x2 * v0 - 0xc * (v0 & v1)	(-0x1) * 0x2 * ~ v0 - 0xc * (v0 & v1)	8	8	12	W→W
mba_obf_linear:266	-0xc * v1 - (v0 & ~ v1)	-0xc * v1 - v0 + (v1 & v0)	(-0x1) * 0x1 * (v0 | v1) - 0xb * v1	8	8	11	W→W
mba_obf_linear:280	0xb * (v1 & ~ v0) - 0x3 * ~ v0	0x3 + 0x3 * v0 + 0xb * (v1 & ~ v0)	0x8 * ~ (v0 | ~ v1) - 0x3 * ~ (v0 | v1)	9	9	15	W→W
mba_obf_linear:284	0x2 * ~ v1 - 0x6 * (v0 & ~ v1)	-0x2 - 0x6 * (v0 & ~ v1) - 0x2 * v1	0x2 * ~ (v0 | v1) - 0x4 * (v0 & ~ v1)	9	9	14	W→W
mba_obf_linear:286	0x5 * ~ v1 - 0x2 * (v0 & ~ v1)	-0x5 - 0x5 * v1 - 0x2 * (v0 & ~ v1)	0x5 * ~ (v0 | v1) + 0x3 * (v0 & ~ v1)	9	9	13	W→W
mba_obf_linear:292	0x4 * ~ v0 + 0xf * (v0 & v1) - 0x4 * v1	-0x4 - 0x4 * v0 - 0x4 * v1 + 0xf * (v0 & v1)	0xb * ~ (v0 ^ v1) - 0x7 * ~ (v0 | v1)	10	10	14	W→W
mba_obf_linear:318	-0x7 * (v1 & v0) - 0x4 * ~ v1	0x4 + 0x4 * v1 - 0x7 * (v1 & v0)	(-0x1) * 0x4 * ~ v1 - 0x7 * (v0 & v1)	8	8	12	W→W
mba_obf_linear:339	0x2 * (v0 & v1) + 0x3 * ~ v1	-0x3 - 0x3 * v1 + 0x2 * (v0 & v1)	0x2 * (v0 | ~ v1) + 0x1 * ~ v1	8	8	11	W→W
mba_obf_linear:362	0xb * v1 - 0x7 * ~ v0	0x7 + 0x7 * v0 + 0xb * v1	0xb * v1 - 0x7 * ~ v0	6	6	9	W→W
mba_obf_linear:367	0x1 - (v1 & ~ v0)	0x1 - v1 + (v1 & v0)	(-0x1) * 0x1 * ~ (v0 & ~ v1) - 0x1 * (v0 ^ v1)	7	7	15	W→W
mba_obf_linear:371	-0x6 * (v1 & v0) - ~ v1	0x1 + v1 - 0x6 * (v1 & v0)	(-0x1) * 0x5 * (v0 & v1) - 0x1 * (v0 | ~ v1)	8	7	14	W→W
mba_obf_linear:377	0x9 * v1 - 0x16 * (v0 & v1) - 0x9 * ~ v0	0x9 + 0x9 * v0 + 0x9 * v1 - 0x16 * (v0 & v1)	(-0x1) * 0xd * (v0 & v1) - 0x9 * ~ (v0 | v1)	10	10	14	W→W
mba_obf_linear:379	0xa * (v0 & v1) + 0xb * ~ v1 - 0x5 * v0	0x5 * ~ (v0 ^ v1) + 0x6 * ~ v1	0x6 * ~ v1 + 0x5 * ~ (v0 ^ v1)	10	9	11	W→W
mba_obf_linear:385	-0x7 * (v1 & v0) - 0x2 * ~ v1	0x2 + 0x2 * v1 - 0x7 * (v1 & v0)	(-0x1) * 0x2 * (v0 | ~ v1) - 0x5 * (v0 & v1)	8	8	14	W→W
mba_obf_linear:387	v1 + 0x6 * ~ v0	-0x6 + v1 - 0x6 * v0	0x1 * v1 + 0x6 * ~ v0	5	5	8	W→W
mba_obf_linear:392	(-0x1) * ~ v1	0x1 + v1	(-0x1) * 0x1 * ~ v1	3	3	5	W→W
mba_obf_linear:393	-0x2 - 0x3 * v0 - (v1 & ~ v0)	-0x2 - 0x3 * v0 - v1 + (v0 & v1)	0x2 * ~ v0 - 0x1 * (v0 | v1)	9	9	11	W→W
mba_obf_linear:408	0x4 * (v1 & ~ v0) - 0x3 * ~ v0	0x3 + 0x3 * v0 + 0x4 * (v1 & ~ v0)	0x1 * ~ v0 - 0x4 * ~ (v0 | v1)	9	9	12	W→W
mba_obf_linear:409	0xa * ~ v1 + 0xd * (v0 & v1) - 0x3 * v0	-0xa - 0x3 * v0 - 0xa * v1 + 0xd * (v0 & v1)	0x7 * (v0 | ~ v1) + 0x3 * ~ (v0 ^ v1)	10	10	13	W→W
mba_obf_linear:416	0xb * (v0 & ~ v1) - 0xc * ~ v1	0xc + 0xb * (v0 & ~ v1) + 0xc * v1	(-0x1) * 0x1 * ~ v1 - 0xb * ~ (v0 | v1)	9	9	13	W→W
mba_obf_linear:418	0x2 * (v0 & v1) + 0x3 * ~ v0 - v1	~ (v1 ^ v0) + 0x2 * ~ v0	0x2 * ~ v0 + 0x1 * ~ (v0 ^ v1)	10	8	11	W→W
mba_obf_linear:422	0x16 * ~ v0 + 0x24 * (v0 & v1) - 0x16 * v1	-0x16 - 0x16 * v0 - 0x16 * v1 + 0x24 * (v0 & v1)	0xe * (v0 & v1) + 0x16 * ~ (v0 | v1)	10	10	12	W→W
mba_obf_linear:430	v1 + 0x4 * (v0 & v1) - ~ v0	0x1 + v0 + v1 + 0x4 * (v0 & v1)	(-0x1) * 0x6 * ~ (v0 | v1) + 0x5 * ~ (v0 ^ v1)	9	8	14	W→W
mba_obf_linear:437	-0x5 * ~ v0 - 0x4 * (v0 & v1)	0x5 + 0x5 * v0 - 0x4 * (v0 & v1)	(-0x1) * 0x5 * ~ (v0 & ~ v1) + 0x1 * (v0 & v1)	8	8	14	W→W
mba_obf_linear:442	0x6 * v0 - ~ (v0 & v1)	0x1 + 0x6 * v0 + (v0 & v1)	(-0x1) * 0x1 * ~ (v0 & v1) + 0x6 * v0	8	7	11	W→W
mba_obf_linear:476	(-0x1) * ~ (v0 ^ v1)	0x1 + (v0 ^ v1)	(-0x1) * 0x1 * ~ (v0 ^ v1)	5	5	7	W→W
mba_obf_linear:502	-(v0 & v1) + (v0 & v1 & v2)	(-0x1) * (v0 & v1 & ~ v2)	(-0x1) * 0x1 * ~ (~ v0 | ~ v1 | v2)	9	6	11	W→W
mba_obf_linear:503	0x3 * ~ (v1 & v2) + 0x5 * (v0 & v1) - 0x8 * (v0 & ~ v2) - 0x2 * (v0 & v1 & v2)	-0x3 + 0x5 * (v0 & v1) - 0x8 * (v0 & ~ v2) - 0x3 * (v1 & v2) - 0x2 * (v0 & v1 & v2)	0x3 * (v2 ^ ~ (v0 | ~ v1 & v2)) - 0x5 * ~ (~ v0 | v1 | v2)	20	20	22	W→W
mba_obf_linear:505	0x5 * (v1 & v2) + 0xc * (v1 & v0) - 0xc * (v1 & v2 & v0) - 0x7 * (v0 & ~ v2)	0x5 * (v1 & v2) + 0xc * (v0 & v1 & ~ v2) - 0x7 * (v0 & ~ v2)	(-0x1) * 0xc * ~ (~ v0 | v1 | v2) + 0x5 * (v0 & v2 ^ v0 ^ v1 & v2)	19	16	22	W→W
mba_obf_linear:506	0x8 * (v1 & v2 & v0) + 0x1d * v0 - 0x16 * (v1 & v0) - 0x16 * (v2 & v0) - 0x7 * ~ (v1 & v2)	0x7 + 0x7 * (v1 & v2) + 0x1d * v0 - 0x16 * (v1 & v0) - 0x16 * (v2 & v0) + 0x8 * (v1 & v2 & v0)	0x1d * ~ (~ v0 | v1 | v2) - 0x7 * (~ (v0 | v1) | v0 ^ v1 ^ v2)	21	21	23	W→W
mba_obf_linear:509	0x2 * (v0 & v2 & v1) + 0x2 * (v0 ^ v2) - 0x2 * (v0 & v1)	0x2 * (v0 ^ v2) - 0x2 * (v0 & v1 & ~ v2)	(-0x1) * 0x2 * (v0 & v1 & v2) + 0x2 * (v2 ^ v0 & ~ v1)	14	11	17	W→W
mba_obf_linear:510	0x6 * (v0 & ~ v1) + 0x7 * (v0 & v1 & v2) - 0x7 * (v0 & v2) - v1	0x6 * (v0 & ~ v1) - 0x7 * (v0 & v2 & ~ v1) - v1	(-0x1) * 0x1 * (v1 | v0 & v2) + 0x6 * ~ (~ v0 | v1 | v2)	17	14	18	W→W
mba_obf_linear:511	0x6 * (v0 & v1 & v2) - 0x6 * (v0 & v2) - (v2 & ~ v1)	-0x6 * (v0 & v2 & ~ v1) - (v2 & ~ v1)	(-0x1) * 0x7 * (v0 & ~ v1 & v2) - 0x1 * (~ v0 & ~ v1 & v2)	15	12	20	W→W
mba_obf_linear:512	(v0 & v1) - (v0 & v1 & v2)	v0 & v1 & ~ v2	0x1 * ~ (~ v0 | ~ v1 | v2)	9	5	10	W→W
mba_obf_linear:513	-0xa * (v0 & v1) + 0xa * (v0 & v1 & v2)	(-0xa) * (v0 & v1 & ~ v2)	(-0x1) * 0xa * ~ (~ v0 | ~ v1 | v2)	10	6	11	W→W
mba_obf_linear:514	0xe * (v2 & v0) - 0xe * (v1 & v2 & v0) - 0xd * (v2 & ~ v1) + (v1 & ~ v0)	0xe * (v0 & v2 & ~ v1) - 0xd * (v2 & ~ v1) + (v1 & ~ v0)	(-0x1) * 0xe * (~ v0 & ~ v1 & v2) + 0x1 * (v0 & v1 ^ (v1 | v2))	19	16	20	W→W
mba_obf_linear:515	0x7 * (v1 & v2) + 0x9 * ~ v1 + 0x14 * (v1 & v0) + 0x14 * (v2 & v0) - 0x12 * (v1 & v2 & v0) - 0x9 * v0 - 0x9 * v2	-0x9 - 0x9 * v1 - 0x9 * v2 + 0x7 * (v1 & v2) - 0x9 * v0 + 0x14 * (v1 & v0) + 0x14 * (v2 & v0) - 0x12 * (v1 & v2 & v0)	(-0x1) * 0x2 * ~ (v0 | v1 ^ v2) + 0xb * ~ (v0 ^ (v1 | v2))	25	25	18	L→L
mba_obf_linear:518	0x4 * (v0 & v1) - 0x4 * (v0 & v1 & v2) - ~ v0	v0 + 0x1 + 0x4 * (v0 & v1 & ~ v2)	(-0x1) * 0x1 * ~ v0 + 0x4 * ~ (~ v0 | ~ v1 | v2)	13	9	16	W→W
mba_obf_linear:521	0x6 * (~ v1 | v2) + 0xb * (v1 & v0) - 0xb * (v1 & v2 & v0) - 0x5 * (v2 ^ v0)	0x6 * (~ v1 | v2) + 0xb * (v0 & v1 & ~ v2) - 0x5 * (v2 ^ v0)	0x1 * (v0 | ~ v1 | v2) + 0x5 * ~ (v0 ^ (v1 | v2))	19	16	17	L→W
mba_obf_linear:522	-~ (v0 ^ v1 & v2) - (v0 & v1) - (v0 & v2)	0x1 - (v0 & v1) - (v0 & v2) + (v0 ^ v1 & v2)	(-0x1) * 0x1 * (~ (v0 | v1) | v1 ^ v2) - 0x3 * (v0 & v1 & v2)	16	15	20	W→W
mba_obf_linear:523	-0x7 * (v2 & ~ (v0 | v1)) - 0x5 * ~ (v0 ^ v1)	0x5 + 0x5 * (v0 ^ v1) - 0x7 * (v2 & ~ (v0 | v1))	(-0x1) * 0xc * (~ v0 & ~ v1 & v2) - 0x5 * (v1 ^ ~ (v0 | ~ v1 & v2))	13	13	23	W→W
mba_obf_linear:524	0x5 * (v0 & v2) - 0x5 * (v0 & v2 & v1)	0x5 * (v0 & v2 & ~ v1)	0x5 * (v0 & ~ v1 & v2)	10	6	8	L→W
mba_obf_linear:525	0x2 * (~ v1 | v0) + 0x7 * (v1 & v2) - 0x7 * (v0 & v1 & v2) - 0x7 * (v0 | v2)	0x2 * (~ v1 | v0) - 0x7 * (v2 & ~ v1 | v0)	0x2 * ~ (v0 | v1 | v2) - 0x5 * (v0 | ~ v1 & v2)	19	13	18	L→W
mba_obf_linear:526	0x6 * (v0 & v1) - 0xb * (v0 & ~ v2) - 0x6 * (v0 & v1 & v2)	0x6 * (v0 & v1 & ~ v2) - 0xb * (v0 & ~ v2)	(-0x1) * 0xb * ~ (~ v0 | v1 | v2) - 0x5 * ~ (~ v0 | ~ v1 | v2)	15	12	22	W→W
mba_obf_linear:527	-0x3 * (v1 & v2) + 0x3 * (v0 & v1 & v2)	(-0x3) * (v1 & v2 & ~ v0)	(-0x1) * 0x3 * (~ v0 & v1 & v2)	10	6	9	L→W
mba_obf_linear:531	0xa * (v0 & v2 & v1) - 0x5 * ~ (v0 ^ v2) - 0x5 * (v0 & v1)	(-0x5) * (~ v2 ^ ~ v1 & v0)	(-0x1) * 0x5 * (v2 ^ ~ (v0 & ~ v1))	15	8	10	L→W
mba_obf_linear:533	0x2 * ~ (v0 & v1) - 0x2 * (v1 & v2) - (v0 & v1 & v2)	-0x2 - 0x2 * (v0 & v1) - 0x2 * (v1 & v2) - (v0 & v1 & v2)	0x2 * (v1 ^ (v0 | ~ v1 | v2)) - 0x3 * (v0 & v1 & v2)	15	15	19	W→W
mba_obf_linear:534	-0xb * (v0 & v2) + 0xb * (v0 & v1 & v2)	(-0xb) * (v0 & v2 & ~ v1)	(-0x1) * 0xb * (v0 & ~ v1 & v2)	10	6	9	L→W
mba_obf_linear:537	0x5 * ~ v1 + 0x7 * (v0 & v2) + 0xb * (v2 & v1) + 0xc * (v0 & v1) - 0x13 * (v0 & v2 & v1) - 0x6 * v0 - 0x6 * v2	0x6 * ~ (v0 ^ v1) + 0x7 * (v0 & v2) + 0xb * (v2 & v1) - 0x13 * (v0 & v2 & v1) - 0x6 * v2 - ~ v1	(-0x1) * 0x1 * (~ (v0 | v1) | ~ (v1 ^ v2)) + 0x6 * (~ (v0 & ~ v1) & ~ (v0 ^ v1 ^ v2))	25	24	27	W→W
mba_obf_linear:539	0x9 * ~ (v0 | v1) + 0x9 * (v2 & v1) - 0x8 * (v0 & v2 & v1) - 0x8 * (v2 & ~ v0)	-0x9 + 0x8 * (v0 & v2 & ~ v1) + 0x9 * (v2 & v1) - 0x9 * (v0 | v1) - 0x8 * v2	0x9 * ~ (v0 | v1 | v2) + 0x1 * (v2 & ~ (v0 & ~ v1))	20	18	18	L→T
mba_obf_linear:540	0x8 * v1 + 0xa * (v2 & ~ v1) + 0xc * (v1 & v0 & v2) - 0xc * (v0 & v2) - 0xa * (~ v0 | v1)	0x8 * v1 + 0xa * (v2 & ~ v1) - 0xc * (v0 & v2 & ~ v1) - 0xa * (~ v0 | v1)	(-0x1) * 0x8 * ~ (v0 | v1 | v2) - 0x2 * (v1 | ~ (v0 ^ v2))	22	19	19	L→T
mba_obf_linear:542	0xd * (v1 & v2 & v0) - 0x7 * ~ (v1 | v2) - 0x7 * (v1 & v0) - 0x7 * (v2 & v0)	0x7 + 0x7 * (v1 | v2) + 0xd * (v1 & v2 & v0) - 0x7 * (v1 & v0) - 0x7 * (v2 & v0)	0x6 * (v0 & v1 & v2) - 0x7 * ~ (~ v0 & (v1 | v2))	19	19	18	L→L
mba_obf_linear:548	0x6 * (~ v0 | v1) - 0x6 * (v1 & v2 & v0) - (v2 & v0) + (v1 | v2)	0x6 * (~ v0 | v1 & ~ v2) - (v2 & v0) + (v1 | v2)	0x7 * (v0 & v2 ^ (v1 | v2)) + 0x6 * ~ (v0 | v1 | v2)	18	16	18	T→W
mba_obf_linear:551	0xb * ~ (v1 | v2) + 0xf * (v2 & v0) - 0x13 * (v1 & v2 & v0) - 0xf * (v0 & ~ v1)	-0xb + 0xf * (v2 & v0) - 0x13 * (v1 & v2 & v0) - 0xf * (v0 & ~ v1) - 0xb * (v1 | v2)	(-0x1) * 0x4 * ~ (~ v0 | v1 ^ v2) + 0xb * ~ (v0 | v1 | v2)	20	20	19	L→L
mba_obf_linear:554	-0x3 * (v0 & v1) + 0x3 * (v0 & v1 & v2)	(-0x3) * (v0 & v1 & ~ v2)	(-0x1) * 0x3 * ~ (~ v0 | ~ v1 | v2)	10	6	11	W→W
mba_obf_linear:556	0x8 * (v0 & v1 & v2) - 0x7 * (v0 & v2) - (~ v2 | v1) + (v0 ^ v1)	0x1 + 0x8 * (v0 & v1 & v2) - 0x7 * (v0 & v2) + (v2 & ~ v1) + (v0 ^ v1)	(-0x1) * 0x1 * ((v0 | ~ v1) & ~ (v0 ^ v1 ^ v2)) - 0x5 * (v0 & ~ v1 & v2)	18	18	24	W→W
mba_obf_linear:557	-~ (v0 & v1) + (v2 & ~ v0)	0x1 + (v0 & v1) + (v2 & ~ v0)	(-0x1) * 0x1 * (v1 ^ ~ (~ v0 & (v1 ^ v2)))	10	9	12	W→W
mba_obf_linear:561	0x6 * (v2 & v0) + 0x7 * v1 - 0x8 * (v2 & v1) - 0x6 * (v2 & v0 & v1) - ~ v2	v2 + 0x1 + 0x6 * (v0 & v2 & ~ v1) + 0x7 * v1 - 0x8 * (v2 & v1)	0x7 * ((v0 | v1) & (v1 ^ v2)) - 0x1 * ~ (~ v0 & ~ v1 & v2)	19	15	21	W→W
mba_obf_linear:565	0xe * (v0 & ~ (v1 | v2)) - 0x7 * ~ (v1 | v2)	0x7 + 0x7 * (v1 | v2) + 0xe * (v0 & ~ (v1 | v2))	(-0x1) * 0x7 * ~ (v0 | v1 ^ v2) + 0x7 * ((v0 ^ v1) & (v0 ^ v2))	13	13	19	W→W
mba_obf_linear:567	-0xc * (v1 & v2) + 0xc * (v0 & v1 & v2)	(-0xc) * (v1 & v2 & ~ v0)	(-0x1) * 0xc * (~ v0 & v1 & v2)	10	6	9	L→W
mba_obf_linear:568	-(v0 & v1 & v2) - (v0 | v1) + (v0 & v2)	(-0x1) * (v0 & ~ v2 | v1)	(-0x1) * 0x1 * (v1 | v0 & ~ v2)	13	7	9	L→W
mba_obf_linear:571	-0x5 * (v0 & ~ (v1 | v2)) - 0x5 * (v1 & v2) - ~ v1	v1 + 0x1 - 0x5 * (v0 & ~ (v1 | v2)) - 0x5 * (v1 & v2)	(-0x1) * 0x1 * ~ v1 - 0x5 * ((v0 | v1) & ~ (v1 ^ v2))	15	14	17	W→W
mba_obf_linear:573	0x4 * (v1 & v2) - 0x4 * (v0 & v1 & v2) - 0x4 * (v0 | v1)	(-0x4) * (v1 & ~ v2 | v0)	(-0x1) * 0x4 * ~ (~ v0 & (~ v1 | v2))	14	7	11	L→W
mba_obf_linear:574	0x15 * (v2 & v0) - 0x1a * (v1 & v2 & v0) - 0x5 * ~ (v1 | v2)	0x5 + 0x5 * (v1 | v2) + 0x15 * (v2 & v0) - 0x1a * (v1 & v2 & v0)	(-0x1) * 0x5 * (v0 & v2 | ~ (v1 | v2)) + 0x1a * (v0 & ~ v1 & v2)	15	15	20	W→W
mba_obf_linear:577	0x5 * (v0 ^ v2) - 0x5 * ~ (v0 & v2 & v1) - 0x5 * (v2 & v1)	0x5 + 0x5 * (v0 ^ v2) - 0x5 * (v1 & v2 & ~ v0)	(-0x1) * 0x5 * ~ (v0 | ~ v1 & v2) - 0x5 * (v0 & v2)	15	12	17	W→W
mba_obf_linear:580	0x3 * (v0 & v2) - 0x3 * (v0 & v2 & v1) - 0x3 * (v0 ^ v1)	0x3 * (v0 & v2 & ~ v1) - 0x3 * (v0 ^ v1)	(-0x1) * 0x3 * (v1 ^ ~ (~ v0 | ~ v1 & v2))	14	11	13	L→W
mba_obf_linear:581	-(v0 & v1) + (v0 & v1 & v2)	(-0x1) * (v0 & v1 & ~ v2)	0x1 * (v2 ^ ~ (v0 & v1)) - 0x1 * (v2 ^ ~ (v0 & v1 & v2))	9	6	20	W→W
mba_obf_linear:589	0x5 * (v2 & ~ v0) + 0x6 * v1 + 0x10 * (v0 & v2 & v1) - 0xa * (v2 & v1) - 0x7 * (v0 & v1) - ~ v0	v0 + 0x1 + 0x5 * (v2 & ~ v0) + 0x6 * v1 + 0x10 * (v0 & v2 & v1) - 0xa * (v2 & v1) - 0x7 * (v0 & v1)	(-0x1) * 0x1 * (v1 ^ (~ v0 | v1 & v2)) + 0x5 * (~ (v0 & ~ v1) & (v0 ^ v1 ^ v2))	24	23	25	W→W
mba_obf_linear:592	0xb * (v1 | v2) - 0xb * ~ (v1 & v2 & v0) - 0xb * (v2 & v0)	(-0xb) * ~ (v2 & ~ v0 | v1)	(-0x1) * 0xb * (v1 ^ ~ (~ v0 & ~ v1 & v2))	15	8	13	L→W
mba_obf_linear:593	0x3 * (v1 & ~ v0) + 0x8 * (v1 & v2) + 0xb * ~ v0 + 0x19 * (v2 & v0) - 0xb * v2 - 0xb * (v1 & v2 & v0)	-0xb + 0x3 * (v1 & ~ v0) + 0x8 * (v1 & v2) + 0x19 * (v2 & v0) - 0xb * v0 - 0xb * v2 - 0xb * (v1 & v2 & v0)	0x3 * ((v0 ^ v1) & ~ (v0 ^ v2)) + 0xb * (v2 ^ ~ (v0 | v1 & v2))	24	24	21	L→L
mba_obf_linear:595	0xc * (v1 & ~ v0) + 0x13 * (v0 & v2 & v1) - 0x13 * (v2 & v1) - 0x7 * (v0 & ~ v2)	0xc * (v1 & ~ v0) - 0x13 * (v1 & v2 & ~ v0) - 0x7 * (v0 & ~ v2)	(-0x1) * 0x7 * (v1 ^ ~ (~ v0 | v1 ^ v2)) + 0x13 * ~ (v0 | ~ v1 | v2)	20	17	22	W→W
mba_obf_linear:596	0xa * (v0 & v1) - 0xa * (v0 & v1 & v2) - ~ (v1 & v2)	0x1 + 0xa * (v0 & v1 & ~ v2) + (v1 & v2)	(-0x1) * 0x1 * (v1 ^ (v0 | ~ v1 | v2)) + 0x9 * ~ (~ v0 | ~ v1 | v2)	15	11	22	W→W
mba_obf_linear:598	0x3 * (v1 & v2) - 0x3 * (v1 & v2 & v0)	0x3 * (v1 & v2 & ~ v0)	0x3 * (~ v0 & v1 & v2)	10	6	8	L→W
mba_obf_linear:601	0x4 * (v2 & ~ v0) - 0x4 * ~ (v0 & v1) - 0x4 * (v2 & v1)	0x4 + 0x4 * (v0 & v1) + 0x4 * (v2 & ~ v0) - 0x4 * (v2 & v1)	(-0x1) * 0x4 * (v0 ^ v1 | ~ (v0 ^ v2))	15	15	11	L→L
mba_obf_linear:603	0x1 + 0x2 * (v0 & v1 & v2) + 0x3 * (v0 & ~ v2) - 0x2 * (v0 & v1)	0x1 + 0x3 * (v0 & ~ v2) - 0x2 * (v0 & v1 & ~ v2)	0x3 * ~ (~ v0 | v1 | v2) - 0x1 * (~ v0 | ~ v1 | v2)	16	13	20	W→W
mba_obf_linear:606	~ (v1 & v2 & v0) - (v1 | v2) + (v1 & v0)	~ (v1 & ~ v0 | v2)	0x1 * (v2 ^ (v0 | ~ v1 | v2))	13	7	10	L→W
mba_obf_linear:607	0x6 * ~ v0 + 0x11 * (v0 & v2) - 0x6 * v2 - 0x5 * (v0 & v2 & v1)	-0x6 - 0x6 * v0 - 0x6 * v2 + 0x11 * (v0 & v2) - 0x5 * (v0 & v2 & v1)	0xb * (v0 & ~ v1 & v2) + 0x6 * (v2 ^ (~ v0 | ~ v1 & v2))	15	15	20	W→W
mba_obf_linear:608	0x6 * ~ (v1 | v0 & v2) + 0x6 * (v1 & v2)	-0x6 + 0x6 * (v1 & v2) - 0x6 * (v1 | v0 & v2)	0x6 * (~ (v0 | v1) | ~ (v1 ^ v2))	12	12	11	L→L
mba_obf_linear:609	-0x1 + 0xa * v1 + 0xb * v0 - 0x15 * (v1 & v0) - 0xb * (v1 & v2) + 0xb * (v1 & v0 & v2)	-0x1 + 0xa * v1 + 0xb * v0 - 0x15 * (v1 & v0) - 0xb * (v1 & v2 & ~ v0)	0x1 * (v0 | ~ v1) + 0xb * (v1 ^ (v0 | v1 & v2))	19	16	16	L→T
mba_obf_linear:613	0x3 * v2 - 0x2 * (v2 & v0) - 0x2 * (v2 & v1) - ~ (v2 & v0 & v1)	0x1 + 0x3 * v2 - 0x2 * (v2 & v0) - 0x2 * (v2 & v1) + (v2 & v0 & v1)	0x2 * (~ v0 & ~ v1 & v2) - 0x1 * (v2 ^ ~ (v0 & v1 & v2))	17	16	21	W→W
mba_obf_linear:614	-0x2 * (v0 & v2) + 0x2 * (v0 & v1 & v2)	(-0x2) * (v0 & v2 & ~ v1)	(-0x1) * 0x2 * (v0 & ~ v1 & v2)	10	6	9	L→W
mba_obf_linear:615	0x4 * (v1 & v2) - 0x4 * (v0 & v1 & v2) - 0x4 * (v0 | v1)	(-0x4) * (v1 & ~ v2 | v0)	(-0x1) * 0x4 * ~ (~ v0 & (~ v1 | v2))	14	7	11	L→W
mba_obf_linear:616	-0x9 * v2 + 0x4 * (v0 & v2) - 0x5 * v1 + 0xe * (v2 & v1) - 0x4 * (v0 & v2 & v1)	0x4 * (v0 & v2 & ~ v1) + 0xe * (v2 & v1) - 0x9 * v2 - 0x5 * v1	(-0x1) * 0x9 * (~ v0 & ~ v1 & v2) - 0x5 * ((v0 | v1) & (v1 ^ v2))	18	15	21	W→W
mba_obf_linear:618	0x2 * v0 - (v1 & v0 & v2) - (v2 & ~ v1) + (v1 & ~ v0)	0x2 * v0 - v2 - (v1 & v0 & v2) + (v1 & v2) + (v1 & ~ v0)	(-0x1) * 0x1 * (v2 | ~ (v0 | ~ v1)) + 0x2 * (v0 | v1)	17	17	16	L→L
mba_obf_linear:622	0x6 * ~ v1 + 0xb * (v1 & v2) + 0x11 * (v2 & v0) + 0x17 * (v1 & v0) - 0x2d * (v1 & v2 & v0) - 0x6 * v0	-0x6 - 0x6 * v1 + 0xb * (v1 & v2) - 0x6 * v0 + 0x17 * (v1 & v0) + 0x11 * (v2 & v0) - 0x2d * (v1 & v2 & v0)	0x6 * (v1 ^ ~ (v0 & ~ v2)) + 0xb * ((v0 | v1) & ~ (v0 ^ v1 ^ v2))	23	23	22	L→L
mba_obf_linear:624	(-0x1) * ~ (v1 & (v0 | v2))	0x1 + (v1 & (v0 | v2))	(-0x1) * 0x1 * (v1 ^ (v0 | ~ v1 | v2))	7	7	11	W→W
mba_obf_linear:626	0xe * (v1 & v2) - 0xe * (v1 & v2 & v0)	0xe * (v1 & v2 & ~ v0)	0xe * (~ v0 & v1 & v2)	10	6	8	L→W
mba_obf_linear:627	0x13 * v0 + 0x29 * (v1 & v2 & v0) - 0x1e * (v1 & v0) - 0x1e * (v2 & v0) - 0xb * ~ (v1 | v2)	0xb + 0xb * (v1 | v2) + 0x13 * v0 + 0x29 * (v1 & v2 & v0) - 0x1e * (v1 & v0) - 0x1e * (v2 & v0)	0x13 * ~ (~ v0 | v1 | v2) - 0xb * (v1 & v2 ^ ~ (~ v0 & (v1 ^ v2)))	21	21	24	W→W
mba_obf_linear:628	0x2 * ~ v0 + 0xa * (v0 & v1 & v2) - 0x5 * v2 - 0x3 * (v0 & v1)	-0x2 - 0x2 * v0 - 0x3 * (v0 & v1) - 0x5 * v2 + 0xa * (v0 & v1 & v2)	0x2 * ~ (v0 & ~ v1) - 0x5 * (v2 ^ v0 & v1)	15	15	16	W→W
mba_obf_linear:632	0x5 * ~ (v0 | v2) + 0x7 * (v0 & v2 & v1) + 0xc * (v1 & ~ v2) - 0x7 * (v0 & v1)	-0x5 + 0xc * (v1 & ~ v2) - 0x7 * (v0 & v1 & ~ v2) - 0x5 * (v0 | v2)	0x5 * (v2 ^ (~ v0 | v1 | v2)) + 0xc * ~ (v0 | ~ v1 | v2)	20	17	20	T→W
mba_obf_linear:635	0x2 * ~ v0 + 0x4 * (v1 & v0) + 0x4 * (v2 & v0) - 0x6 * (v1 & v2 & v0) - 0x2 * (v1 | v2)	0x2 * ~ (v0 ^ v1) + 0x4 * (v2 & v0) - 0x6 * (v1 & v2 & v0) - 0x2 * (v2 & ~ v1)	0x2 * ((v0 | ~ v1) & ~ (v0 ^ v1 ^ v2))	21	20	13	L→L
mba_obf_linear:636	0x4 * ~ v0 + 0x6 * (v1 & v2) - 0x6 * (v1 & ~ v0) - 0x2 * (v0 & v2)	-0x4 + 0x6 * (v1 & v2) - 0x6 * (v1 & ~ v0) - 0x4 * v0 - 0x2 * (v0 & v2)	(-0x1) * 0x2 * ~ (v0 & ~ v2) + 0x6 * (v0 & v1 ^ v0 ^ (~ v1 | v2))	17	17	21	W→W
mba_obf_linear:637	0x2 * ~ (v1 & v2 & v0) - 0x2 * (v1 ^ v2)	-0x2 - 0x2 * (v1 & v2 & v0) - 0x2 * (v1 ^ v2)	0x2 * (~ (v0 & v1) & ~ (v1 ^ v2))	11	11	11	T→T
mba_obf_linear:638	0x3 * ~ (v0 & v1 & v2) + 0x3 * (v0 & v1) - 0x3 * (v0 | v2)	0x3 * ~ (v0 & ~ v1 | v2)	0x3 * (v2 ^ (~ v0 | v1 | v2))	15	8	10	L→W
mba_obf_linear:639	0x5 * ~ (v0 | v2) + 0xa * (v0 & v1) + 0xa * (v2 & v1) - 0x10 * v1 - 0x4 * (v0 & v2 & v1)	-0x5 + 0xa * (v0 & v1) + 0xa * (v2 & v1) - 0x10 * v1 - 0x5 * (v0 | v2) - 0x4 * (v0 & v2 & v1)	(-0x1) * 0xb * (v1 & ~ (v0 & v2)) + 0x5 * (~ (v0 & ~ v1) & ~ (v0 ^ v1 ^ v2))	21	21	24	W→W
mba_obf_linear:640	0x5 * (v0 & v1 & v2) + 0x5 * (v0 | v1) - 0x5 * (v0 & v2)	0x5 * (v0 & ~ v2 | v1)	0x5 * (v1 | v0 & ~ v2)	14	7	8	L→W
mba_obf_linear:641	0x2 * ~ (v0 | v2) + 0x2 * (v2 & v1)	-0x2 + 0x2 * (v2 & v1) - 0x2 * (v0 | v2)	0x2 * (v0 & v2 ^ ~ (v0 ^ ~ v1 & v2))	10	10	13	W→W
mba_obf_linear:643	~ (v0 | v1) + 0x3 * (v0 & v1 & v2) - 0x3 * (v1 & v2)	~ (v0 | v1) - 0x3 * (v1 & v2 & ~ v0)	0x1 * (~ v0 & (~ v1 | v2)) - 0x4 * (~ v0 & v1 & v2)	14	11	19	W→W
mba_obf_linear:648	0x6 * ~ v1 - (v1 & v0 & v2) + (v1 & v2)	-0x6 - 0x6 * v1 + (v1 & v2 & ~ v0)	0x1 * (~ v0 & v1 & v2) + 0x6 * ~ v1	12	9	13	W→W
mba_obf_linear:649	0x3 * (v0 ^ v2) + 0x5 * (v1 & ~ v0) + 0x8 * (v0 & v2 & v1) - 0x8 * (v2 & v1)	0x3 * (v0 ^ v2) + 0x5 * (v1 & ~ v0) - 0x8 * (v1 & v2 & ~ v0)	0x2 * ~ (v0 | ~ v1 | v2) + 0x3 * (v2 ^ (v0 | v1))	19	16	17	L→W
mba_obf_linear:650	0x5 * (v0 ^ v2) - 0x5 * ~ (v0 & v2 & v1) - 0x5 * (v2 & v1)	0x5 + 0x5 * (v0 ^ v2) - 0x5 * (v1 & v2 & ~ v0)	(-0x1) * 0x5 * (v2 ^ ~ (v0 | v1 & v2))	15	12	11	L→L
mba_obf_linear:652	0x6 * (v1 & v2) - 0xb * (v1 & v0 & v2) - 0xb * (v2 & ~ v0) - 0x6 * (v0 & ~ v1) - 0x5 * ~ v1	0x5 + 0x5 * v1 + 0x6 * (v1 & v2) + 0xb * (v0 & v2 & ~ v1) - 0xb * v2 - 0x6 * (v0 & ~ v1)	(-0x1) * 0xb * (v1 ^ (v0 | v1 | v2)) - 0x5 * (v0 & v1 ^ v0 ^ (~ v1 | v2))	23	21	24	W→W
mba_obf_linear:654	(-0x1) * ~ (v1 & (v0 | v2))	0x1 + (v1 & (v0 | v2))	(-0x1) * 0x1 * (v1 ^ (v0 | ~ v1 | v2))	7	7	11	W→W
mba_obf_linear:659	0xe * (v0 & v1) - 0xe * (v0 & v2 & v1) - 0x7 * (v1 & ~ v2) - 0x7 * (v0 | v2)	0xe * (v0 & v1 & ~ v2) - 0x7 * (v1 & ~ v2) - 0x7 * (v0 | v2)	(-0x1) * 0x7 * (v2 | v0 ^ v1)	19	16	8	L→L
mba_obf_linear:661	0x2 * (v2 & ~ (v0 | v1)) - 0x2 * ~ (v0 & v1)	0x2 + 0x2 * (v0 & v1) + 0x2 * (v2 & ~ (v0 | v1))	(-0x1) * 0x2 * (v1 ^ ~ (~ v0 & (v1 | v2)))	13	13	12	L→L
mba_obf_linear:662	0x7 * (v0 & v2) - 0x7 * (v0 & v1 & v2) - 0x7 * (v0 | v1)	(-0x7) * (v0 & ~ v2 | v1)	(-0x1) * 0x7 * (v1 | v0 & ~ v2)	14	7	9	L→W
mba_obf_linear:665	0x2 * (v1 & v2) - v2 - ~ (v1 & v0) - (v1 & v2 & v0)	0x1 + 0x2 * (v1 & v2) - v2 + (v0 & v1 & ~ v2)	0x1 * (v2 ^ (~ v0 | ~ v1 | v2)) - 0x2 * (v1 ^ (v0 | ~ v1 | v2))	17	13	23	W→W
mba_obf_linear:670	0x5 * (v2 & (v0 | v1)) - 0x5 * (v0 ^ v1) - 0x2 * ~ v2	0x2 + 0x2 * v2 + 0x5 * (v2 & (v0 | v1)) - 0x5 * (v0 ^ v1)	(-0x1) * 0x7 * ~ v2 + 0x5 * (v1 ^ ~ (v0 | ~ v1 & v2))	14	14	17	W→W
mba_obf_linear:671	0x2 * (v0 & v2) + 0x2 * (v2 & v1) + 0x3 * (v0 & v2 & v1) + 0x6 * ~ (v0 | v1) - v2	-0x6 + 0x2 * (v0 & v2) + 0x2 * (v2 & v1) + 0x3 * (v0 & v2 & v1) - 0x6 * (v0 | v1) - v2	0x5 * (v1 ^ ~ (v0 & (~ v1 | v2))) + 0x1 * (v2 ^ ~ (v0 | v1))	21	21	20	L→L
mba_obf_linear:672	0xf + 0x4 * (v0 ^ v1) + 0x7 * (v0 & v2) - 0x7 * (v0 & v1 & v2)	0xf + 0x4 * (v0 ^ v1) + 0x7 * (v0 & v2 & ~ v1)	(-0x1) * 0x4 * (v1 ^ (~ v0 | ~ v1 & v2)) - 0xb * ~ (v0 & ~ v1 & v2)	15	12	23	W→W
mba_obf_linear:673	~ (v0 & v2 & v1) - (v0 | v2) + (v0 & v1)	~ (v0 & ~ v1 | v2)	0x1 * (v2 ^ (~ v0 | v1 | v2))	13	7	10	L→W
mba_obf_linear:678	-(v0 & v1) - (v2 & ~ v0) + (v2 & v1)	-v2 + (v2 & v0) + (v2 & v1) - (v0 & v1)	(-0x1) * 0x1 * (~ (v0 ^ v1) & (v0 ^ v2))	13	13	11	L→L
mba_obf_linear:679	0x3 * ~ (v0 ^ v1) + 0x3 * (v0 & v2) - 0x6 * (v0 & v2 & v1)	0x3 * (~ v1 ^ ~ v2 & v0)	0x3 * (v1 ^ ~ (v0 & ~ v2))	15	8	9	L→W
mba_obf_linear:680	0x7 * v2 - 0xd * (v2 & v0) + 0xd * (v2 & v0 & v1)	0x7 * v2 - 0xd * (v0 & v2 & ~ v1)	(-0x1) * 0xd * (v0 & ~ v1 & v2) + 0x7 * v2	12	9	13	W→W
mba_obf_linear:682	0x12 * v1 + 0x14 * (v2 & ~ v1) + 0x16 * (v1 & v0 & v2) - 0x16 * (v0 & v2) - 0x14 * (~ v0 | v1)	0x12 * v1 + 0x14 * (v2 & ~ v1) - 0x16 * (v0 & v2 & ~ v1) - 0x14 * (~ v0 | v1)	(-0x1) * 0x2 * (v1 | ~ (v0 ^ v2)) - 0x12 * ~ (v0 | v1 | v2)	22	19	19	L→T
mba_obf_linear:683	0x2 * (v0 & v2) - 0x2 * (v0 & v1 & v2) - (v0 ^ v1) + (~ v2 | v1)	0x2 * (v0 & v1) - v1 + (~ v0 ^ ~ v1 & v2)	0x1 * ~ (v0 ^ (v1 | v2))	18	14	8	L→L
mba_obf_linear:685	0x5 * (v0 & v1 & v2) + 0x7 * (v2 & ~ v0) - 0x9 * ~ v0 - 0x5 * (v1 & v2)	0x9 + 0x7 * (v2 & ~ v0) + 0x9 * v0 - 0x5 * (v1 & v2 & ~ v0)	(-0x1) * 0x7 * ~ (v0 | ~ v1 & v2) - 0x2 * ~ (v0 | v1 & v2)	18	15	20	W→W
mba_obf_linear:687	-0x5 * ~ (v1 | v0 & v2) - 0x5 * (v1 & v0)	0x5 + 0x5 * (v1 | v0 & v2) - 0x5 * (v1 & v0)	(-0x1) * 0x5 * (v1 ^ ~ (v0 & (v1 | v2)))	12	12	11	L→L
mba_obf_linear:691	0x3 * (v0 & v2) + 0x4 * (v0 & ~ v1) - 0xa * (v0 & v2 & v1) - 0x7 * ~ v1	0x7 + 0x3 * (v0 & v2) + 0x4 * (v0 & ~ v1) + 0x7 * v1 - 0xa * (v0 & v2 & v1)	(-0x1) * 0x3 * (v1 ^ ~ (v0 & v2)) - 0x4 * (v1 ^ ~ (v0 & (~ v1 | v2)))	18	18	22	W→W
mba_obf_linear:692	-~ (v2 & v1) - (v0 & v1) - (v0 & v2 & v1) + (v0 | v2)	0x1 - (v0 & v1) + (v1 & v2 & ~ v0) + (v0 | v2)	0x1 * (v2 ^ v0 & (~ v1 | v2)) - 0x1 * (~ v2 | ~ (v0 ^ v1))	18	14	21	W→W
mba_obf_linear:693	-~ (v0 | v1 & v2) - (v0 & v1)	0x1 - (v0 & v1) + (v0 | v1 & v2)	(-0x1) * 0x1 * (v1 ^ ~ v0 & (~ v1 | v2))	12	11	12	T→W
mba_obf_linear:694	0x9 * (v0 & v2) - 0xa * (v2 & ~ v1) - 0x9 * (v0 & v2 & v1) + (~ v1 | v0)	0x9 * (v0 & v2 & ~ v1) - 0xa * (v2 & ~ v1) + (~ v1 | v0)	(-0x1) * 0x9 * (~ v0 & ~ v1 & v2) + 0x1 * (v0 & v1 | ~ (v1 | v2))	19	16	21	W→W
mba_obf_linear:697	0x5 * (v0 & v1) - 0x4 * v0 - 0x4 * (v2 & v0 & v1) - 0x2 * (v2 & v0) - (~ v2 | v1)	0x1 + 0x5 * (v0 & v1) - 0x4 * v0 - 0x4 * (v2 & v0 & v1) - 0x2 * (v2 & v0) + (v2 & ~ v1)	(-0x1) * 0x1 * (v2 ^ ~ (v0 | v1 & v2)) - 0x5 * (v0 & (~ v1 | v2))	21	21	21	T→T
mba_obf_linear:699	0x2 * ~ (v0 & v1 | v2) + 0x2 * (v1 & v2)	-0x2 + 0x2 * (v1 & v2) - 0x2 * (v0 & v1 | v2)	0x2 * (~ (v0 | ~ v1) | ~ (v1 ^ v2))	12	12	12	T→T
mba_obf_linear:700	0x2 * ~ v1 + 0x3 * (v0 & v1) - 0x3 * (v0 & v1 & v2) - (v0 & ~ v2) + (v1 & v2)	-0x2 + 0x3 * (v0 & v1 & ~ v2) - 0x2 * v1 - (v0 & ~ v2) + (v1 & v2)	0x1 * (v0 | ~ v1 | v2) + 0x1 * (v1 ^ ~ (v0 & ~ v2))	21	18	18	L→T
mba_obf_linear:701	0x2 * (v2 & ~ v1) + 0x2 * (v0 | v1) + 0x4 * (v0 & v1 & v2) - 0x4 * (v0 & v2)	0x2 * (v2 & ~ v1) + 0x2 * (v0 | v1) - 0x4 * (v0 & v2 & ~ v1)	0x2 * (v1 | v0 ^ v2)	19	16	7	L→L
mba_obf_linear:702	0x2 * (v2 & ~ v0) + 0x15 * (v2 & v1) - 0x15 * (v2 & v0 & v1) - 0x2 * ~ (v0 & v1)	0x2 + 0x2 * (v0 & v1) + 0x2 * (v2 & ~ v0) + 0x15 * (v1 & v2 & ~ v0)	0x17 * (~ v0 & v1 & v2) - 0x2 * (v1 ^ ~ (~ v0 & (v1 | v2)))	20	17	21	W→W
mba_obf_linear:708	0x2 * ~ (v0 | v1) - (v2 & ~ v0) + (v1 & v2)	-0x2 - 0x2 * (v0 | v1) - v2 + (v0 & v2) + (v1 & v2)	0x1 * (v2 & ~ (v0 ^ v1)) + 0x2 * ~ (v0 | v1 | v2)	14	14	17	W→W
mba_obf_linear:709	-~ (v2 & v0 & v1) + (v2 & ~ v0)	0x1 + (v2 & v0 & v1) + (v2 & ~ v0)	(-0x1) * 0x1 * (v2 ^ ~ (v0 & ~ v1 & v2))	11	10	12	W→W
mba_obf_linear:715	0x2 * ~ v0 + 0x4 * (v1 ^ v2) + 0x10 * (v1 & v2 & v0) - 0x8 * (v1 & v0) - 0x2 * (v2 & v0)	-0x2 + 0x4 * (v1 ^ v2) + 0x10 * (v1 & v2 & v0) - 0x8 * (v1 & v0) - 0x2 * v0 - 0x2 * (v2 & v0)	0x6 * ~ (v0 & ~ v2) - 0x4 * ~ (v0 ^ v1 ^ v2)	21	21	17	L→L
mba_obf_linear:716	0x3 * ~ (v0 ^ v1) + 0x3 * (v0 & v2) + 0x8 * (v2 & v1) - 0x9 * (v0 & v2 & v1) - 0x5 * v2	-0x3 + 0x3 * (v0 & v2) + 0x8 * (v2 & v1) - 0x9 * (v0 & v2 & v1) - 0x5 * v2 - 0x3 * (v0 ^ v1)	(-0x1) * 0x2 * ~ (v1 | ~ v2) + 0x3 * (~ (v0 & ~ v1) & ~ (v0 ^ v1 ^ v2))	21	21	23	W→W
mba_obf_linear:717	0x2 * v1 + 0x2 * (v0 & v2) - 0x3 * (v0 & v1) - v2 + (v0 & ~ (v1 & v2))	v0 + 0x2 * v1 - 0x3 * (v0 & v1) - v2 + 0x2 * (v0 & v2) - (v0 & v1 & v2)	0x2 * (v0 ^ v1) - 0x1 * (v2 ^ v0 & (~ v1 | v2))	19	19	17	L→L
mba_obf_linear:718	-0x10 * (v2 & v0 & v1) - 0x7 * ~ v2	0x7 + 0x7 * v2 - 0x10 * (v2 & v0 & v1)	(-0x1) * 0x7 * ~ v2 - 0x10 * (v0 & v1 & v2)	9	9	14	W→W
mba_obf_linear:721	0x8 * ~ (v0 & v1) + 0x9 * (v0 & v1 & v2) - 0x7 * (v1 & v2) - (v0 & v2)	-0x8 - 0x8 * (v0 & v1) - (v0 & v2) - 0x7 * (v1 & v2) + 0x9 * (v0 & v1 & v2)	0x7 * (v1 ^ (v0 | ~ v1 | v2)) + 0x1 * ~ (v0 & (v1 ^ v2))	19	19	19	T→T
mba_obf_linear:727	v0 - 0x2 * v1 + (v0 & v1) - 0x4 * (v0 & v2) + 0x4 * (v0 & v1 & v2)	v0 - 0x4 * (v0 & v2 & ~ v1) - 0x2 * v1 + (v0 & v1)	(-0x1) * 0x3 * (v1 ^ v0 & (v1 | v2)) + 0x1 * (v1 ^ ~ (~ v0 | ~ v1 & v2))	16	13	23	W→W
mba_obf_linear:728	0x3 * ~ v2 + 0x6 * (v0 & v2) + 0x6 * (v1 & v2) - 0x9 * (v0 & v1 & v2) - 0x3 * (v0 ^ v1)	-0x3 + 0x6 * (v0 & v2) + 0x6 * (v1 & v2) - 0x9 * (v0 & v1 & v2) - 0x3 * v2 - 0x3 * (v0 ^ v1)	0x3 * (v0 & v1 | ~ (v0 ^ v1 ^ v2))	21	21	12	L→L
mba_obf_linear:729	0x3 * ~ (v1 ^ v2) + 0x3 * (v0 & v1) - 0x6 * (v0 & v1 & v2) - 0x4 * (v0 & ~ v2)	0x3 * (~ v2 ^ ~ v0 & v1) - 0x4 * (v0 & ~ v2)	(-0x1) * 0x1 * (v0 & ~ v2) + 0x3 * ~ (v0 | v1 ^ v2)	20	14	16	L→W
mba_obf_linear:730	0x3 * (v0 & v1 & v2) - 0x2 * (v1 & v2) - (~ v2 | v0) + (v0 ^ v1)	0x1 + 0x3 * (v0 & v1 & v2) - 0x2 * (v1 & v2) + (v2 & ~ v0) + (v0 ^ v1)	(-0x1) * 0x1 * (~ (v0 & ~ v1) & ~ (v0 ^ v1 ^ v2))	18	18	15	L→L
mba_obf_linear:731	-(v0 & v1) + (v0 & v2 & v1) + (v0 ^ v2)	-(v0 & v1 & ~ v2) + (v0 ^ v2)	0x1 * (v2 ^ v0 & (~ v1 | v2))	12	10	10	L→T
mba_obf_linear:732	(-0x1) * ~ v2	0x1 + v2	(-0x1) * 0x1 * ~ v2	3	3	5	W→W
mba_obf_linear:734	0x7 * ~ (v0 & v1) - 0xf * (v0 & v1 & v2)	-0x7 - 0x7 * (v0 & v1) - 0xf * (v0 & v1 & v2)	(-0x1) * 0xf * (v0 & v1 & v2) + 0x7 * ~ (v0 & v1)	11	11	15	W→W
mba_obf_linear:736	0x4 * (v2 & ~ v1) - 0x4 * ~ v0 - 0x3 * (v0 & v2) - 0x3 * (v0 & v2 & v1) + (v0 & v1)	0x4 + 0x4 * v0 + 0x4 * (v2 & ~ v1) - 0x3 * (v0 & v2) - 0x3 * (v0 & v2 & v1) + (v0 & v1)	(-0x1) * 0x5 * (v0 & v2 ^ ~ (v0 ^ ~ v1 & v2)) + 0x1 * (~ (v0 | ~ v1) | ~ (v0 ^ v1 ^ v2))	21	21	29	W→W
mba_obf_linear:739	0x5 * (v0 ^ v1) - 0x5 * ~ (v0 & v1 & v2) - 0x5 * (v1 & v2)	0x5 + 0x5 * (v0 ^ v1) - 0x5 * (v1 & v2 & ~ v0)	(-0x1) * 0x5 * (v1 ^ ~ (v0 | v1 & v2))	15	12	11	L→L
mba_obf_linear:740	0x6 * (v1 & v2) + 0xd * v0 - 0x14 * (v2 & v0) - 0x7 * ~ v2 - 0x7 * (v1 & v0) + (v1 & v2 & v0)	0x7 + 0x7 * v2 + 0x6 * (v1 & v2) + 0xd * v0 - 0x7 * (v1 & v0) - 0x14 * (v2 & v0) + (v1 & v2 & v0)	(-0x1) * 0x7 * (v2 ^ ~ (v0 & (~ v1 | v2))) + 0x6 * (v2 ^ (v0 | ~ v1 & v2))	22	22	23	W→W
mba_obf_linear:742	0x3 * ~ (v0 & v1 & v2) + 0x3 * (v0 & v1) - 0x3 * (v1 | v2)	0x3 * ~ (v1 & ~ v0 | v2)	0x3 * (v2 ^ (v0 | ~ v1 | v2))	15	8	10	L→W
mba_obf_linear:743	-~ (v0 & v1 & v2) + (v2 & ~ v0) + (v0 ^ v1)	0x1 + (v0 & v1 & v2) + (v2 & ~ v0) + (v0 ^ v1)	(-0x1) * 0x1 * (v1 ^ ~ v0 & (~ v1 | v2)) + 0x1 * (v1 & v2 | ~ v0 & (v1 | v2))	14	13	25	W→W
mba_obf_linear:744	0x8 * (v0 & v2) - 0x7 * (v1 & v0) - 0x6 * ~ v1 - 0x5 * (v1 & v2) - 0x2 * (v1 & v0 & v2) - v2	0x6 + 0x6 * v1 - 0x7 * (v1 & v0) - v2 - 0x5 * (v1 & v2) + 0x8 * (v0 & v2) - 0x2 * (v1 & v0 & v2)	(-0x1) * 0x7 * (~ (v0 ^ v1) | v0 ^ v2) + 0x1 * (v1 ^ (v0 | ~ v2))	23	23	20	L→L
mba_obf_linear:745	-0x8 - v1 - 0x7 * (v1 & v2) + 0x7 * (v0 & v1 & v2)	-0x8 - 0x7 * (v1 & v2 & ~ v0) - v1	0x7 * ~ (~ v0 & v1 & v2) + 0x1 * ~ v1	13	10	14	W→W
mba_obf_linear:746	0x3 * (v1 ^ v2) - 0x3 * ~ (v1 & v2 & v0)	0x3 + 0x3 * (v1 & v2 & v0) + 0x3 * (v1 ^ v2)	(-0x1) * 0x3 * (~ (v0 & v1) & ~ (v1 ^ v2))	11	11	12	W→W
mba_obf_linear:751	0x3 * (v0 & v1 & v2) - 0x3 * (v0 & v2) - 0x2 * (~ v2 | v1) + (v0 | v1)	-0x3 * (v0 & v2 & ~ v1) - 0x2 * (~ v2 | v1) + (v0 | v1)	(-0x1) * 0x1 * (v0 & v1 | ~ (v0 ^ v1 ^ v2)) - 0x1 * (v1 ^ ~ (~ v0 & (v1 ^ v2)))	18	15	26	W→W
mba_obf_linear:755	0x2 * (v0 & v2) + 0xc * (v2 & v1) - 0xc * v0 - 0xc * (v0 & v2 & v1) - 0xb * (v1 & ~ v0) - v2	0x2 * (v0 & v2) + 0xc * (v1 & v2 & ~ v0) - 0xc * v0 - 0xb * (v1 & ~ v0) - v2	(-0x1) * 0xb * ~ (~ v0 & (~ v1 | v2)) - 0x1 * (v2 ^ (v0 | v1 & v2))	23	20	22	L→W
mba_obf_linear:757	0x7 * (v0 & ~ v2) + 0xa * (v0 & v1 & v2) + 0xb * ~ v2 + 0xf * (v1 & v2) - 0x4 * v1 - 0x3 * (v0 & v1)	-0xb + 0x7 * (v0 & ~ v2) + 0xa * (v0 & v1 & v2) + 0xf * (v1 & v2) - 0xb * v2 - 0x4 * v1 - 0x3 * (v0 & v1)	0x7 * ((v0 | v1) & (v0 ^ v1 ^ v2)) + 0xb * (v0 & v1 | ~ (v1 ^ v2))	24	24	22	L→L
mba_obf_linear:758	0x6 * (v2 & v0) + 0x6 * (v2 & v1) + 0x8 * (v0 & v1) - 0x16 * (v2 & v0 & v1) - 0x2 * ~ v2	0x2 + 0x2 * v2 + 0x6 * (v2 & v0) + 0x6 * (v2 & v1) + 0x8 * (v0 & v1) - 0x16 * (v2 & v0 & v1)	0x6 * ((v0 | v1) & ~ (v0 ^ v1 ^ v2)) - 0x2 * (v2 ^ ~ (v0 & v1))	21	21	22	W→W
mba_obf_linear:760	-0x2 * v1 - 0xd * v2 + 0x4 * (v1 & v2) - 0xb * (v1 & v0) + 0xb * (v2 & v0) + 0xb * (v1 & v2 & v0)	0x4 * (v1 & v2) + 0xb * (v2 & v0) - 0xd * v2 - 0xb * (v0 & v1 & ~ v2) - 0x2 * v1	(-0x1) * 0xb * (v2 ^ v0 & (v1 | v2)) - 0x2 * (v1 ^ v2)	22	19	17	L→L
mba_obf_linear:761	0x3 * (v1 & ~ v0) - 0x3 * ~ (v0 & v2) - 0x3 * (v1 & v2)	0x3 + 0x3 * (v0 & v2) + 0x3 * (v1 & ~ v0) - 0x3 * (v1 & v2)	(-0x1) * 0x3 * (~ (v0 ^ v1) | v0 ^ v2)	15	15	11	L→L
mba_obf_linear:766	0x1 + 0x2 * (v0 & v1) - (v0 & v1 & v2) - (v0 & v2) - (v1 & ~ v2)	0x1 - v1 + 0x2 * (v0 & v1) - (v0 & v2) + (v1 & v2) - (v0 & v1 & v2)	(-0x1) * 0x1 * (v2 | v0 ^ v1) - 0x1 * (v2 ^ (~ v0 | v1 & v2))	20	20	20	T→T
mba_obf_linear:769	0x3 * ~ (v0 & v1) + 0x33 * (v0 & v2) + 0x33 * (v2 & v1) - 0x36 * v2 - 0x30 * (v0 & v2 & v1)	-0x3 - 0x36 * v2 + 0x33 * (v0 & v2) - 0x3 * (v0 & v1) + 0x33 * (v2 & v1) - 0x30 * (v0 & v2 & v1)	(-0x1) * 0x36 * (~ v0 & ~ v1 & v2) + 0x3 * (v1 & v2 ^ ~ (v0 & (v1 ^ v2)))	21	21	23	W→W
mba_obf_linear:771	-~ (v0 | v1) - (v0 & v1 & v2)	0x1 - (v0 & v1 & v2) + (v0 | v1)	(-0x1) * 0x1 * (v1 ^ ~ (v0 & (~ v1 | v2)))	11	10	12	W→W
mba_obf_linear:778	-(v0 & v1) - (v2 & ~ v1)	-v2 + (v2 & v1) - (v0 & v1)	(-0x1) * 0x1 * (v0 & v1 | ~ (v1 | ~ v2))	10	10	12	W→W
mba_obf_linear:779	0x6 * ~ (v1 & v2) + 0xb * (v0 & v1 & v2) - 0x5 * (v0 & v2) - (v0 & v1)	-0x6 - (v0 & v1) - 0x5 * (v0 & v2) - 0x6 * (v1 & v2) + 0xb * (v0 & v1 & v2)	0x1 * (v1 ^ (v0 | ~ v1 | v2)) + 0x5 * (~ v2 | ~ (v0 ^ v1))	19	19	20	W→W
mba_obf_linear:780	0x5 * ~ v1 + 0x18 * (v2 & v1) - 0x13 * (v0 & v2 & v1) - 0x5 * (v2 & ~ v0)	-0x5 + 0x18 * (v2 & v1) - 0x13 * (v0 & v2 & v1) - 0x5 * v1 - 0x5 * (v2 & ~ v0)	0xe * (~ v0 & v1 & v2) + 0x5 * (v0 & ~ v1 | ~ (v1 ^ v2))	18	18	20	W→W
mba_obf_linear:783	0x22 * (v2 & ~ v0) + 0x23 * (v0 | v1) - 0x23 * (v2 & v1) - 0x22 * ~ (v2 & v0 & v1)	0x22 + 0x22 * (v2 & v0 & v1) + 0x22 * (v2 & ~ v0) + 0x23 * (v0 | v1) - 0x23 * (v2 & v1)	(-0x1) * 0x23 * ~ (v0 | v1 | v2) + 0x1 * (v2 ^ ~ (v0 & ~ v1 & v2))	20	20	21	W→W
mba_obf_linear:784	0x7 * ~ (v1 & v2) + 0x7 * (v0 & v1 & v2)	0x7 * ~ (v1 & v2 & ~ v0)	0x7 * (v0 ^ v1 ^ v2) + 0x7 * ((v0 | ~ v1) & ~ (v0 ^ v1 ^ v2))	11	7	21	W→W
mba_obf_linear:786	0x3 * ~ (v1 & v0) + 0x3 * (v1 ^ v2) + 0x6 * (v0 & ~ v2) + 0x9 * (v1 & v2 & v0)	-0x3 + 0x3 * (v1 ^ v2) + 0x6 * (v0 & ~ v2) + 0x9 * (v1 & v2 & v0) - 0x3 * (v1 & v0)	0x6 * (v0 | v1 ^ v2) + 0x3 * (v0 & v1 | ~ (v1 ^ v2))	20	20	18	L→L
mba_obf_linear:789	0x3 + 0x7 * (v0 & v1 & v2) + 0x7 * (v1 & ~ v2) + 0x7 * (v0 | v2) - 0x4 * (v0 & v1)	0x3 + 0x7 * v0 + 0x7 * (v2 & ~ v0 | v1) - 0x4 * (v0 & v1)	0x7 * (v0 | v1 | v2) - 0x3 * ~ (v0 & v1)	20	15	15	L→T
mba_obf_linear:794	-~ (v1 | v0 & v2) - (v1 & v2)	0x1 - (v1 & v2) + (v1 | v0 & v2)	(-0x1) * 0x1 * (~ (v0 | v1) | ~ (v1 ^ v2))	12	11	12	T→W
mba_obf_linear:797	-0x12 * (v0 & v2) + 0x12 * (v0 & v1 & v2)	(-0x12) * (v0 & v2 & ~ v1)	(-0x1) * 0x12 * (v0 & ~ v1 & v2)	10	6	9	L→W
mba_obf_linear:798	0x7 * (v0 ^ v2) + 0x8 * (v2 & v1) - 0xf * (v1 & ~ v0) - 0x8 * (v0 & v2 & v1)	0x7 * (v0 ^ v2) + 0x8 * (v1 & v2 & ~ v0) - 0xf * (v1 & ~ v0)	(-0x1) * 0xf * ~ (v0 | ~ v1 | v2) + 0x7 * (v2 ^ (v0 | v1 & v2))	19	16	20	W→W
mba_obf_linear:801	0x2 * v2 + 0x6 * (v2 & v1) - 0xa * (v2 & v0) - 0x5 * ~ v0 - 0x3 * (v1 & ~ v0) - (v2 & v0 & v1)	0x5 + 0x2 * v2 + 0x5 * v0 + 0x6 * (v2 & v1) - 0xa * (v2 & v0) - 0x3 * (v1 & ~ v0) - (v2 & v0 & v1)	(-0x1) * 0x5 * (v2 ^ (~ v0 | v1 & v2)) - 0x3 * (v2 ^ ~ (v0 | ~ v1))	24	24	22	L→L
mba_obf_linear:802	0x2 * v0 + 0xf * (v0 & v2) - 0x11 * (v2 & ~ v1) - 0xf * (v0 & v2 & v1)	0x2 * v0 + 0xf * (v0 & v2 & ~ v1) - 0x11 * (v2 & ~ v1)	(-0x1) * 0x11 * (~ v0 & ~ v1 & v2) + 0x2 * ~ (~ v0 | ~ v1 & v2)	17	14	21	W→W
mba_obf_linear:804	-0x2 * (v0 & v2) + 0x2 * (v0 & v1 & v2)	(-0x2) * (v0 & v2 & ~ v1)	(-0x1) * 0x2 * (v0 & ~ v1 & v2)	10	6	9	L→W
mba_obf_linear:805	0x5 * (~ v2 | v1) + 0xa * (v0 & v2) - 0xa * (v0 & v1 & v2) - 0x5 * (v0 | v1)	0x5 * (~ v0 ^ ~ v1 & v2) - 0x5 * (v1 & ~ v0)	0x5 * (~ v1 & ~ (v0 ^ v2))	19	14	9	L→L
mba_obf_linear:809	-0x14 * v1 + 0x12 * (v0 & v1) - 0x2 * v2 + 0x16 * (v1 & v2) - 0x12 * (v0 & v1 & v2)	0x12 * (v0 & v1 & ~ v2) + 0x16 * (v1 & v2) - 0x14 * v1 - 0x2 * v2	(-0x1) * 0x14 * ~ (v0 | ~ v1 | v2) - 0x2 * ((v0 | ~ v1) & (v1 ^ v2))	18	15	22	W→W
mba_obf_linear:811	0x5 * ~ (v0 & v1) + 0x5 * (v0 & v1 & v2)	0x5 * ~ (v0 & v1 & ~ v2)	0x5 * (~ v0 | ~ v1 | v2)	11	7	9	L→W
mba_obf_linear:813	0x7 * ~ v1 + 0xe * (v0 & v1) - 0x2 * (v0 & v2 & v1) - 0x2 * (v0 & ~ v2)	-0x7 + 0xe * (v0 & v1) - 0x7 * v1 - 0x2 * (v0 & v2 & v1) - 0x2 * (v0 & ~ v2)	0x7 * (v1 ^ (~ v0 | ~ v1 & v2)) + 0x5 * ~ (~ v0 | ~ v1 & v2)	18	18	22	W→W
mba_obf_linear:814	0x4 * (v0 & ~ v2) - 0x4 * ~ (v0 & v1 & v2)	0x4 + 0x4 * (v0 & v1 & v2) + 0x4 * (v0 & ~ v2)	(-0x1) * 0x4 * (~ v0 | ~ v1 & v2)	12	12	10	L→L
mba_obf_linear:815	0xb * ~ (v0 & v2) + 0xb * (v1 & v2) - 0xb * (v1 & ~ v0)	-0xb + 0xb * (v1 & v2) - 0xb * (v0 & v2) - 0xb * (v1 & ~ v0)	0xb * (~ (v0 ^ v1) | v0 ^ v2)	15	15	10	L→L
mba_obf_linear:817	0x16 * (v1 & v2) - 0x16 * (v1 & v2 & v0)	0x16 * (v1 & v2 & ~ v0)	0x16 * (~ v0 & v1 & v2)	10	6	8	L→W
mba_obf_linear:823	0x3 * ~ v0 + 0x5 * (v1 & v0) + 0x7 * (v2 & v0) - 0x9 * (v1 & v2 & v0) - 0x3 * (v2 & ~ v1) - 0x2 * v1	-0x3 + 0x5 * (v1 & v0) + 0x7 * (v2 & v0) - 0x9 * (v1 & v2 & v0) - 0x3 * v0 - 0x3 * (v2 & ~ v1) - 0x2 * v1	0x3 * ((v0 | ~ v1) & ~ (v0 ^ v1 ^ v2)) + 0x1 * (v1 ^ v0 & (v1 ^ v2))	24	24	23	L→L
mba_obf_linear:825	0xd * ~ (v0 | v2) + 0xd * (v0 & v1) + 0xd * (v1 & v2) - 0xf * v1 - 0xb * (v0 & v1 & v2)	-0xd + 0xd * (v0 & v1) + 0xd * (v1 & v2) - 0xf * v1 - 0xd * (v0 | v2) - 0xb * (v0 & v1 & v2)	(-0x1) * 0x2 * (v1 & ~ (v0 & v2)) + 0xd * ~ (v0 | v1 | v2)	21	21	18	L→L
mba_obf_linear:826	0x2 * (v2 & ~ v1) + 0x2 * (v0 | v1) - 0x4 * (v0 & v2) - 0x2 * ~ (v0 & v1 & v2)	0x2 + 0x2 * v0 + 0x2 * (v1 & ~ v0 | v2) - 0x4 * (v0 & v2)	(-0x1) * 0x2 * (v2 ^ ~ v0 & (~ v1 | v2))	20	15	12	L→L
mba_obf_linear:827	-0x8 * ~ (v1 | v2) - (v2 & v0)	0x8 + 0x8 * (v1 | v2) - (v2 & v0)	(-0x1) * 0x7 * ~ (v1 | v2) - 0x1 * (v0 & v2 | ~ (v1 | v2))	10	10	19	W→W
mba_obf_linear:829	0x6 * (v0 & v2) - 0x7 * v2 - ~ v0 + (v2 & v1)	0x1 + v0 - 0x7 * v2 + 0x6 * (v0 & v2) + (v2 & v1)	(-0x1) * 0x7 * ~ (v0 | ~ v2) - 0x1 * (v0 & v2 ^ ~ (v0 ^ v1 & v2))	13	12	22	W→W
mba_obf_linear:830	0xb * (v0 & v2) - 0xb * (v0 & v2 & v1) - 0xb * (v2 | v1)	(-0xb) * (v2 & ~ v0 | v1)	(-0x1) * 0xb * (v1 | ~ (v0 | ~ v2))	14	7	10	L→W
mba_obf_linear:834	-0xe * (v1 & v2) + 0xe * (v0 & v1 & v2)	(-0xe) * (v1 & v2 & ~ v0)	(-0x1) * 0xe * (~ v0 & v1 & v2)	10	6	9	L→W
mba_obf_linear:836	0x2 * (v0 & v1) + 0x6 * ~ v1 - 0x2 * (v0 & v1 & v2) - v0 + (v1 & v2)	-0x6 + 0x2 * (v0 & v1 & ~ v2) - 0x6 * v1 - v0 + (v1 & v2)	0x1 * (v0 ^ (~ v1 | v2)) + 0x5 * ~ v1	18	15	13	L→L
mba_obf_linear:837	0x4 * (v1 & v2) + 0x5 * ~ (v1 | v0) + 0x5 * (v2 & v0) - 0xa * (v1 & v2 & v0)	-0x5 + 0x4 * (v1 & v2) + 0x5 * (v2 & v0) - 0xa * (v1 & v2 & v0) - 0x5 * (v1 | v0)	0x5 * (v1 & ~ v2 ^ (~ v0 | v1 ^ v2)) - 0x1 * (v1 & v2)	19	19	20	W→W
mba_obf_linear:838	0x8 * (v0 & v2 & v1) - 0x4 * ~ (v0 ^ v2) - 0x4 * (v0 & v1)	(-0x4) * (~ v2 ^ ~ v1 & v0)	(-0x1) * 0x4 * (v2 ^ ~ (v0 & ~ v1))	15	8	10	L→W
mba_obf_linear:840	0x8 * (v0 & v2) - 0x9 * (v0 & ~ v1) - 0x8 * (v0 & v2 & v1) - (v2 & v1)	0x8 * (v0 & v2 & ~ v1) - 0x9 * (v0 & ~ v1) - (v2 & v1)	(-0x1) * 0x1 * (v0 & v1 ^ v0 ^ v1 & v2) - 0x8 * ~ (~ v0 | v1 | v2)	19	16	23	W→W
mba_obf_linear:844	0x19 * (v1 & v2) - 0x19 * (v0 & v1 & v2) - 0x14 * (v1 & ~ v0) - 0x5 * ~ v0	0x5 + 0x5 * v0 + 0x19 * (v1 & v2 & ~ v0) - 0x14 * (v1 & ~ v0)	(-0x1) * 0x19 * ~ (v0 | ~ v1 | v2) - 0x5 * ~ (v0 | v1)	18	15	18	T→W
mba_obf_linear:846	0x5 * (v1 & v2 & v0) + 0x5 * (v1 | v2) - 0x5 * (v1 & v0)	0x5 * (v1 & ~ v0 | v2)	0x5 * (v2 | ~ (v0 | ~ v1))	14	7	9	L→W
mba_obf_linear:847	0x7 * (v2 & v1) - 0xb * (v1 & ~ v0) - 0xb * (v2 & v0 & v1) - 0x7 * (v0 & ~ v2) - 0x4 * ~ v2	0x4 + 0x4 * v2 + 0x7 * (v2 & v1) + 0xb * (v0 & v1 & ~ v2) - 0xb * v1 - 0x7 * (v0 & ~ v2)	(-0x1) * 0x4 * (v0 & v2 ^ ~ (v0 ^ ~ v1 & v2)) - 0xb * (v2 ^ (v0 | v1 | v2))	23	21	25	W→W
mba_obf_linear:848	0x7 * (v2 & ~ v0) + 0xe * v0 + 0xe * (v1 & v2 & v0) - 0x15 * (v1 & v0) - 0x7 * ~ v1	0x7 + 0x7 * v1 + 0x7 * (v2 & ~ v0) + 0xe * v0 + 0xe * (v1 & v2 & v0) - 0x15 * (v1 & v0)	0x7 * (v1 ^ ~ (~ v0 | v1 & v2)) - 0x7 * (v2 ^ (~ v0 | v1 | v2))	20	20	23	W→W
mba_obf_linear:850	0x2 * (v0 | v2) - 0x2 * ~ (v0 & v2 & v1) - 0x2 * (v2 & v1)	(-0x2) * ~ (v2 & ~ v1 | v0)	(-0x1) * 0x2 * ~ (v0 | ~ v1 & v2)	15	8	10	L→W
mba_obf_linear:852	0x7 * (v1 & ~ v0) + 0x28 * v2 + 0x2f * (v1 & v2 & v0) - 0x2f * (v1 & v2) - 0x21 * (v2 & v0)	0x7 * (v1 & ~ v0) + 0x28 * v2 - 0x2f * (v1 & v2 & ~ v0) - 0x21 * (v2 & v0)	0x7 * (v2 ^ ~ (v0 | ~ v1)) + 0x21 * (~ v0 & ~ v1 & v2)	21	18	19	L→W
mba_obf_linear:853	0x9 * (v0 & v1) - 0x8 * (v2 & v0 & v1) - 0x4 * v1 - 0x4 * (v0 & ~ v2) - (~ v2 | v1)	0x1 + 0x9 * (v0 & v1) - 0x8 * (v2 & v0 & v1) - 0x4 * v1 - 0x4 * (v0 & ~ v2) + (v2 & ~ v1)	(-0x1) * 0x1 * (v0 & v1 ^ (v1 | ~ v2)) - 0x4 * (v1 ^ v0 & ~ v2)	22	22	21	L→L
mba_obf_linear:854	0x16 * (v1 & v2) - 0x16 * (v0 & v1 & v2) - 0xb * (v2 & ~ v0) - 0xb * (v0 | v1)	0x16 * (v1 & v2 & ~ v0) - 0xb * (v2 & ~ v0) - 0xb * (v0 | v1)	(-0x1) * 0xb * (v0 | v1 ^ v2)	19	16	8	L→L
mba_obf_linear:855	-0x3 + 0x4 * (v1 & v2) + 0x7 * (v0 & v2) - 0x7 * (v0 & v1 & v2) - 0x5 * v2 - 0x2 * (v0 | v1)	-0x3 + 0x4 * (v1 & v2) + 0x7 * (v0 & v2 & ~ v1) - 0x5 * v2 - 0x2 * (v0 | v1)	0x3 * (v2 ^ ~ (v0 & ~ v1 & v2)) - 0x2 * (v2 ^ (v0 | v1))	21	18	20	L→W
mba_obf_linear:857	0x6 * ~ (v0 & v2) - 0x6 * (v1 & ~ (v0 | v2))	-0x6 - 0x6 * (v0 & v2) - 0x6 * (v1 & ~ (v0 | v2))	0x6 * (v2 ^ ~ (~ v0 & (v1 | v2)))	13	13	11	L→L
mba_obf_linear:858	0x4 * (v0 & v1 & v2) + 0x5 * (v1 & v2) - 0x7 * (v0 & v2) - 0x5 * ~ v0 - 0x2 * v1	0x5 + 0x5 * v0 - 0x2 * v1 - 0x7 * (v0 & v2) + 0x5 * (v1 & v2) + 0x4 * (v0 & v1 & v2)	(-0x1) * 0x5 * (v0 & v2 ^ ~ (v0 ^ v1 & v2)) - 0x2 * (v1 ^ v0 & v2)	19	19	22	W→W
mba_obf_linear:859	0x2 * (v1 & v2) + 0x7 * (v0 & ~ (v1 & v2)) - 0x9 * (v0 & v2) - 0x7 * ~ v2 - 0x2 * (v1 & ~ v0)	0x7 + 0x2 * (v1 & v2) + 0x7 * v2 + 0x7 * (v0 & ~ (v1 & v2)) - 0x9 * (v0 & v2) - 0x2 * (v1 & ~ v0)	(-0x1) * 0x2 * ((v0 ^ v1) & ~ (v0 ^ v2)) - 0x7 * (v2 ^ (~ v0 | ~ v1 & v2))	24	24	24	T→T
mba_obf_linear:862	0x2 * (v0 & v1) + 0xb * v1 + 0xd * (v0 & v1 & v2) - 0x18 * (v1 & v2) - 0xd * ~ v2 - 0x2 * (v0 & v2)	0xd + 0xb * v1 + 0x2 * (v0 & v1) + 0xd * v2 - 0x2 * (v0 & v2) - 0x18 * (v1 & v2) + 0xd * (v0 & v1 & v2)	(-0x1) * 0x2 * (v1 ^ ~ (~ v0 & (v1 | v2))) - 0xb * (~ (v0 & v1) & ~ (v1 ^ v2))	23	23	25	W→W
mba_obf_linear:865	0x1e * (v0 & v2) - 0x1f * (v0 & v1 & v2) - ~ (v0 | v1)	0x1 + 0x1e * (v0 & v2) - 0x1f * (v0 & v1 & v2) + (v0 | v1)	(-0x1) * 0x1 * (v1 ^ (~ v0 | v1 ^ v2)) + 0x1f * (v0 & ~ v1 & v2)	15	14	20	W→W
mba_obf_linear:866	-0x24 * (v0 & v1) + 0x24 * (v0 & v1 & v2)	(-0x24) * (v0 & v1 & ~ v2)	(-0x1) * 0x24 * ~ (~ v0 | ~ v1 | v2)	10	6	11	W→W
mba_obf_linear:867	0x5 * ~ (v2 ^ v0) + 0x5 * (v1 & v2) - 0xa * (v1 & v2 & v0)	0x5 * (~ v0 ^ ~ v1 & v2)	0x5 * ~ (v0 ^ ~ v1 & v2)	15	8	9	L→W
mba_obf_linear:868	0xc * (v0 & ~ v2) - ~ v2 - (v1 & (v2 ^ v0))	v2 + 0x1 + 0xc * (v0 & ~ v2) - (v1 & (v2 ^ v0))	0xb * (v0 & ~ v2) - 0x1 * (v1 & ~ v2 | ~ (v0 | ~ v1 & v2))	15	14	22	W→W
mba_obf_linear:869	0xb * (v0 ^ v2) + 0xd * (v2 & v1) - 0xd * (v0 & v2 & v1)	0xb * (v0 ^ v2) + 0xd * (v1 & v2 & ~ v0)	0xb * (v2 ^ (v0 | v1 & v2)) + 0x18 * (~ v0 & v1 & v2)	14	11	18	W→W
mba_obf_linear:870	~ (v0 & v1 & v2) - (v0 ^ v1) + (v1 & v2)	~ (v0 ^ v1) + (v1 & v2 & ~ v0)	0x1 * (v1 ^ ~ (v0 | v1 & v2))	13	10	10	L→T
mba_obf_linear:874	0x3 * (v2 & v0) - 0x4 * (v0 | v1) - ~ (v2 & v0 & v1) + (v2 & ~ v1)	0x1 + 0x3 * (v2 & v0) - 0x4 * (v0 | v1) + (v2 & v0 & v1) + (v2 & ~ v1)	(-0x1) * 0x1 * ~ (~ v0 & ~ v1 & v2) - 0x4 * (v1 ^ ~ (~ v0 | v1 ^ v2))	19	18	24	W→W
mba_obf_linear:875	0x3 * ~ (v0 & v2) + 0x3 * (v0 & v1 & v2)	0x3 * ~ (v0 & v2 & ~ v1)	0x3 * ~ (v0 & ~ v1 & v2)	11	7	9	L→W
mba_obf_linear:877	~ (v0 & v2 & v1) - (v0 | v2) + (v0 & v1)	~ (v0 & ~ v1 | v2)	0x1 * (v2 ^ (~ v0 | v1 | v2))	13	7	10	L→W
mba_obf_linear:878	0x6 * (v0 | v2) + 0x7 * ~ v1 - 0x8 * (v0 & v2 & v1) + (v0 & v1) + (v2 & v1)	-0x7 + 0x6 * (v0 | v2) - 0x8 * (v0 & v2 & v1) - 0x7 * v1 + (v0 & v1) + (v2 & v1)	0x6 * (v1 ^ (v0 | v1 | v2)) + 0x7 * (~ v1 | v0 ^ v2)	19	19	18	L→L
mba_obf_linear:879	-0x3 * ~ (v0 | v2) - 0x3 * (v0 & v1)	0x3 + 0x3 * (v0 | v2) - 0x3 * (v0 & v1)	(-0x1) * 0x3 * (v1 ^ ~ (v0 | v1 ^ v2))	10	10	11	W→W
mba_obf_linear:883	0x13 * (v2 & ~ v1) + 0x13 * (v0 | v1) - 0x13 * ~ (v0 & v1 & v2) - 0x12 * (v0 & v2)	0x13 + 0x13 * v0 + 0x13 * (v1 & ~ v0 | v2) - 0x12 * (v0 & v2)	(-0x1) * 0x13 * ~ (v0 | v1 | v2) + 0x1 * (v0 & v2)	20	15	15	L→T
mba_obf_linear:886	-0x7 * ~ (v0 | v2) - 0x7 * (v2 & v1)	0x7 + 0x7 * (v0 | v2) - 0x7 * (v2 & v1)	(-0x1) * 0x7 * (v0 & v2 ^ ~ (v0 ^ ~ v1 & v2))	10	10	14	W→W
mba_obf_linear:887	0x8 * (v0 & v1 & v2) + 0x10 * (v2 & ~ v1) - 0x8 * (v0 & v2) - 0x8 * (v0 & ~ v1)	0x10 * (v2 & ~ v1) - 0x8 * (v0 & v2 & ~ v1) - 0x8 * (v0 & ~ v1)	0x10 * (~ v0 & ~ v1 & v2) - 0x8 * ~ (~ v0 | v1 | v2)	20	17	20	T→W
mba_obf_linear:891	0x2 * ~ (v2 ^ v0) + 0x2 * (v1 & v2) + 0x5 * (v1 & v0) - 0x6 * (v1 & v2 & v0) - 0x3 * v1	-0x2 + 0x2 * (v1 & v2) + 0x5 * (v1 & v0) - 0x6 * (v1 & v2 & v0) - 0x3 * v1 - 0x2 * (v2 ^ v0)	(-0x1) * 0x1 * ~ (v0 | ~ v1) + 0x2 * ((v0 | ~ v1) & ~ (v0 ^ v1 ^ v2))	21	21	22	W→W
mba_obf_linear:892	v0 + 0x2 * ~ (v0 & v1) + 0x4 * (v0 & v1 & v2) - v1 - v2	-0x2 + v0 - v1 - 0x2 * (v0 & v1) - v2 + 0x4 * (v0 & v1 & v2)	0x2 * (v0 & v2 | ~ (v1 | v2)) + 0x1 * (v0 ^ v1 ^ v2)	16	16	18	W→W
mba_obf_linear:893	-~ (v1 & v0) + (v2 & ~ v1)	0x1 + (v1 & v0) + (v2 & ~ v1)	(-0x1) * 0x1 * (v0 & v1 ^ (v1 | ~ v2))	10	9	11	W→W
mba_obf_linear:895	0x2 * (v0 ^ v2) + 0x4 * (v0 & v2 & v1) - 0x9 * v1 - 0x4 * (v2 & v1) - 0x2 * (v0 & v1)	0x2 * (v0 ^ v2) - 0x9 * v1 - 0x4 * (v1 & v2 & ~ v0) - 0x2 * (v0 & v1)	0x2 * (v2 ^ (v0 | v1)) - 0xb * v1	20	17	12	L→L
mba_obf_linear:896	0x2 * (v1 & v2) - 0x3 * (v0 & v1 & v2) - 0x2 * (v2 & ~ v0) - ~ (v0 | v1)	0x1 + 0x2 * (v1 & v2) - 0x3 * (v0 & v1 & v2) - 0x2 * (v2 & ~ v0) + (v0 | v1)	(-0x1) * 0x3 * (~ v0 & ~ v1 & v2) - 0x1 * (~ (v0 ^ v1) & ~ (v0 ^ v2))	20	19	23	W→W
mba_obf_linear:898	0x2 * (v0 & v1 & v2) - 0x2 * (v0 & v1) - (v2 & ~ v1) - (~ v0 | v2)	0x1 - 0x2 * (v0 & v1 & ~ v2) - v2 + (v0 & ~ v2) + (v1 & v2)	(-0x1) * 0x1 * (v0 & v1 | ~ (v1 | ~ v2)) - 0x1 * (~ v0 | v1 ^ v2)	20	17	22	W→W
mba_obf_linear:899	0x22 * (v1 & v2) + 0x24 * (v2 & v0) - 0x23 * v2 - 0x23 * (v1 & v2 & v0) - (v0 & ~ v1)	-0x23 * v2 + 0x22 * (v1 & v2) - v0 + (v1 & v0) + 0x24 * (v2 & v0) - 0x23 * (v1 & v2 & v0)	(-0x1) * 0x23 * (~ v0 & ~ v1 & v2) - 0x1 * ((v0 ^ v1) & (v0 ^ v2))	21	21	21	T→T
mba_obf_linear:901	0x2 * ~ (v1 & v2 & v0) + 0x2 * (v1 & v2) + 0x5 * (v1 | v0) - 0x7 * v2 - 0x5 * (v2 & v0)	-0x2 + 0x2 * (v1 & v2 & ~ v0) + 0x5 * (v1 | v0) - 0x7 * v2 - 0x5 * (v2 & v0)	0x7 * (v2 ^ ~ (~ v0 & v1 & v2)) - 0x5 * (v2 | ~ (v0 | v1))	21	18	21	T→W
mba_obf_linear:905	0x2 * (v0 & v1 & v2) - 0x2 * (v0 & v2) - (~ v2 | v1) + (v0 | v1)	-(~ v0 ^ ~ v1 & v2) + (v1 & ~ v0)	(-0x1) * 0x1 * (~ v1 & ~ (v0 ^ v2))	18	13	10	L→L
mba_obf_linear:907	0x5 * ~ (v0 & v1) + 0x30 * (v0 & v1 & v2) - 0x5 * (v0 & v2)	-0x5 - 0x5 * (v0 & v1) - 0x5 * (v0 & v2) + 0x30 * (v0 & v1 & v2)	0x26 * (v0 & v1 & v2) + 0x5 * ~ (v0 & (v1 ^ v2))	15	15	16	W→W
mba_obf_linear:908	0x2 * (v1 & v0 & v2) - 0x3 * (v1 & v0) - 0x2 * (v1 & v2) - ~ v1 + (v0 & v2)	v1 + 0x1 - 0x3 * (v1 & v0) - 0x2 * (v1 & v2 & ~ v0) + (v0 & v2)	(-0x1) * 0x2 * (v1 & (v0 | v2)) - 0x1 * (v1 ^ ~ (v0 & (v1 ^ v2)))	20	16	20	T→W
mba_obf_linear:910	0x3 * ~ v0 + 0x4 * (v0 & v1) - 0x3 * (v2 & v0 & v1) + (v2 & ~ v0)	-0x3 + 0x4 * (v0 & v1) - 0x3 * v0 - 0x3 * (v2 & v0 & v1) + (v2 & ~ v0)	0x1 * (v1 ^ ~ v0 & (v1 ^ v2)) + 0x3 * ~ (v0 & (~ v1 | v2))	17	17	20	W→W
mba_obf_linear:912	(-0x1) * ~ (v1 ^ v0 & v2)	0x1 + (v1 ^ v0 & v2)	(-0x1) * 0x1 * (v1 ^ ~ (v0 & v2))	7	7	9	W→W
mba_obf_linear:917	0x2 * (v0 & v1) + 0x4 * ~ v2 + 0x7 * (v0 & v2) - 0x3 * v0 - 0x3 * (v1 & ~ v2) - 0x2 * (v0 & v1 & v2)	-0x4 + 0x2 * (v0 & v1 & ~ v2) + 0x7 * (v0 & v2) - 0x4 * v2 - 0x3 * v0 - 0x3 * (v1 & ~ v2)	0x3 * (v2 ^ ~ v0 & (~ v1 | v2)) + 0x1 * (v2 ^ ~ (v0 & (v1 | v2)))	24	21	22	L→W
mba_obf_linear:920	0x6 * (v2 & ~ v1) + 0x6 * (v0 | v1) + 0xc * (v0 & v1 & v2) - 0xc * (v0 & v2)	0x6 * (v2 & ~ v1) + 0x6 * (v0 | v1) - 0xc * (v0 & v2 & ~ v1)	0x6 * (v1 | v0 ^ v2)	19	16	7	L→L
mba_obf_linear:921	0xa * (v0 & ~ (v1 | v2)) - 0x5 * ~ v1	0x5 + 0x5 * v1 + 0xa * (v0 & ~ (v1 | v2))	0x5 * ((v0 | v1) & ~ (v1 ^ v2)) - 0x5 * (v2 | ~ (v0 | v1))	11	11	20	W→W
mba_obf_linear:922	0x5 * ~ v0 + 0x8 * (v1 & v0) + 0x8 * (v2 & v0) - 0x9 * (v1 & v2 & v0) - 0x3 * (v1 ^ v2)	-0x5 + 0x8 * (v1 & v0) + 0x8 * (v2 & v0) - 0x9 * (v1 & v2 & v0) - 0x5 * v0 - 0x3 * (v1 ^ v2)	0x5 * (v0 & v1 | ~ (v0 ^ v1 ^ v2)) + 0x2 * (~ (v0 & ~ v1) & (v0 ^ v1 ^ v2))	21	21	26	W→W
mba_obf_linear:923	0x4 * (v1 | v2) + 0x7 * (v0 & v1 & v2) - 0x7 * (v0 & v1) - 0x3 * (~ v0 | v2)	0x4 * (v1 | v2) - 0x7 * (v0 & v1 & ~ v2) - 0x3 * (~ v0 | v2)	(-0x1) * 0x4 * (~ v2 & ~ (v0 ^ v1)) + 0x1 * (~ v0 | v1 | v2)	19	16	19	T→W
mba_obf_linear:928	-(v1 & v0) + (v1 & v2 & v0) + (v1 ^ v2)	-(v0 & v1 & ~ v2) + (v1 ^ v2)	0x1 * (~ (v0 & v1) & (v1 ^ v2))	12	10	10	L→T
mba_obf_linear:930	0x3 + 0x2 * (v2 & ~ (v0 & v1))	0x3 + 0x2 * v2 - 0x2 * (v2 & v0 & v1)	(-0x1) * 0x3 * (v2 ^ ~ (v0 & v1 & v2)) - 0x1 * (v2 & ~ (v0 & v1))	9	9	21	W→W
mba_obf_linear:936	v0 - 0x2 * (v0 & v2) - (v1 & ~ v2) + (v0 & v2 & v1)	v0 - 0x2 * (v0 & v2) - v1 + (v2 & v1) + (v0 & v2 & v1)	(-0x1) * 0x1 * (v2 ^ ~ (v0 | v1 & v2)) + 0x1 * ~ (v1 ^ v2)	15	15	18	W→W
mba_obf_linear:937	0x3 * v0 + 0x3 * v2 + 0x9 * (v1 & v0 & v2) - 0x7 * (v0 & v2) - 0x6 * (v1 & v0) - 0x5 * (v1 & v2) - 0x2 * ~ v1	~ v1 + 0x3 * v2 + 0x9 * (v1 & v0 & v2) - 0x7 * (v0 & v2) - 0x5 * (v1 & v2) - 0x3 * ~ (v0 ^ v1)	(-0x1) * 0x3 * (v0 & v1 | ~ (v0 ^ v1 ^ v2)) + 0x1 * (v0 & v2 ^ ~ (v1 & ~ v2))	25	23	25	T→W
mba_obf_linear:938	0x2 * (v0 & v2) - v0 - (v1 & v0 & v2) - (~ v1 | v2)	0x1 + 0x2 * (v0 & v2) - v0 - (v1 & v0 & v2) + (v1 & ~ v2)	(-0x1) * 0x1 * ~ (~ v0 | v1 ^ v2) - 0x1 * (v2 ^ ~ (~ v0 & (v1 | v2)))	17	17	23	W→W
mba_obf_linear:949	0x3 * (v0 ^ v2) - 0x3 * ~ (v0 & v2 & v1) - 0x3 * (v0 & v1)	0x3 + 0x3 * (v0 ^ v2) - 0x3 * (v0 & v1 & ~ v2)	(-0x1) * 0x3 * (v2 ^ ~ (v0 & (~ v1 | v2)))	15	12	12	L→T
mba_obf_linear:955	0x9 * (v0 & v1 & v2) - 0x3 * ~ (v0 ^ v1) - 0x3 * (v0 & v2) - 0x3 * (v1 & v2)	0x3 + 0x3 * (v0 ^ v1) + 0x9 * (v0 & v1 & v2) - 0x3 * (v0 & v2) - 0x3 * (v1 & v2)	(-0x1) * 0x3 * (~ (v0 | v1) | ~ (v0 ^ v1 ^ v2))	19	19	14	L→L
mba_obf_linear:959	0xa * v1 + 0xa * v2 - 0x11 * (v1 & v2) - 0x7 * ~ (v0 & v1 & v2) - 0x3 * (v0 & v1)	0x7 + 0xa * v1 - 0x3 * (v0 & v1) + 0xa * v2 - 0x11 * (v1 & v2) + 0x7 * (v0 & v1 & v2)	(-0x1) * 0x7 * (~ (v0 & v1) & ~ (v1 ^ v2)) + 0x3 * (v0 & v1 ^ (v1 | v2))	19	19	22	W→W
mba_obf_linear:960	0x2 * (~ v2 | v0) + 0x4 * (v1 & v2) - 0x4 * (v0 & v1 & v2) - 0x2 * (v0 | v1)	0x2 * (~ v1 ^ ~ v0 & v2) - 0x2 * (v0 & ~ v1)	0x2 * ~ (v0 | v1 ^ v2)	19	14	8	L→L
mba_obf_linear:963	0x48 * (v0 & v2 & v1) + 0x4a * (v1 & ~ v0) - 0x4a * (v2 & v1) - 0x2 * ~ (v0 & v2)	0x2 + 0x2 * (v0 & v2) + 0x48 * (v0 & v2 & v1) + 0x4a * (v1 & ~ v0) - 0x4a * (v2 & v1)	0x48 * ~ (v0 | ~ v1 | v2) - 0x2 * (~ (v0 ^ v1) | v0 ^ v2)	20	20	21	W→W
mba_obf_linear:965	~ (v0 & v1 & v2) - (v0 | v1) + (v0 & v2)	~ (v0 & ~ v2 | v1)	0x1 * (v1 ^ (~ v0 | v1 | v2))	13	7	10	L→W
mba_obf_linear:967	-(v1 & v2) + (v0 & v1 & v2) + (v0 ^ v1)	-(v1 & v2 & ~ v0) + (v0 ^ v1)	0x1 * (v1 ^ (v0 | v1 & v2))	12	10	9	L→L
mba_obf_linear:968	0x4 * (v0 & ~ v2) + 0x7 * (v0 & v1) + 0xb * v2 - 0x12 * (v0 & v1 & v2) - 0x4 * ~ v1	0x4 + 0x4 * v1 + 0x4 * (v0 & ~ v2) + 0x7 * (v0 & v1) + 0xb * v2 - 0x12 * (v0 & v1 & v2)	0xb * (v2 ^ v0 & v1) - 0x4 * (v1 ^ (~ v0 | v1 | v2))	20	20	19	L→L
mba_obf_linear:969	-~ (v0 & v2) - (v0 & v1 & v2)	0x1 + (v0 & v2 & ~ v1)	(-0x1) * 0x1 * ~ (v0 & ~ v1 & v2)	11	7	10	L→W
mba_obf_linear:971	0x2 + 0xd * (v1 & v2) - 0xd * (v0 & v1 & v2) - 0xb * (v0 & v2) - 0xb * (v1 & ~ v0)	0x2 + 0xd * (v1 & v2 & ~ v0) - 0xb * (v0 & v2) - 0xb * (v1 & ~ v0)	(-0x1) * 0x2 * ~ (~ v0 & v1 & v2) - 0xb * (v2 ^ ~ v0 & (v1 | v2))	20	17	22	W→W
mba_obf_linear:974	0x2 * (v1 & ~ v0) + 0x6 * ~ (v2 ^ v0) + 0x6 * (v1 & v2) - 0xa * (v1 & v2 & v0)	-0x6 + 0x2 * (v1 & ~ v0) + 0x6 * (v1 & v2) - 0xa * (v1 & v2 & v0) - 0x6 * (v2 ^ v0)	0x6 * ~ (v0 ^ ~ v1 & v2) + 0x2 * (v1 & ~ (v0 & ~ v2))	20	20	19	L→L
mba_obf_linear:976	-v1 - ~ (v0 | v1 & v2)	0x1 - v1 + (v0 | v1 & v2)	(-0x1) * 0x1 * (v1 | ~ (v0 | ~ v2)) - 0x1 * ~ (v0 | v2)	10	9	18	W→W
mba_obf_linear:977	-~ (v0 | v2) - (v1 & (v0 ^ v2))	0x1 - (v1 & (v0 ^ v2)) + (v0 | v2)	(-0x1) * 0x1 * (v1 & ~ v2 | ~ (v0 | ~ v1 & v2))	12	11	15	W→W
mba_obf_linear:978	0x2 * (v2 & ~ v1) + 0x6 * (v0 ^ v1) + 0xc * (v2 & v0 & v1) - 0xc * (v2 & v0)	0x2 * (v2 & ~ v1) + 0x6 * (v0 ^ v1) - 0xc * (v0 & v2 & ~ v1)	0x6 * (v0 ^ (v1 | v2)) - 0x4 * ~ (v1 | ~ v2)	19	16	16	L→T
mba_obf_linear:984	0x3 * ~ (v2 & v1) + 0x3 * (v0 ^ v2) + 0xc * (v0 & v2 & v1) - 0x6 * (v0 & v1)	-0x3 + 0x3 * (v0 ^ v2) + 0xc * (v0 & v2 & v1) - 0x6 * (v0 & v1) - 0x3 * (v2 & v1)	0x6 * (~ v0 | ~ v1 | v2) - 0x3 * ~ (v0 ^ ~ v1 & v2)	19	19	20	W→W
mba_obf_linear:986	0x7 * (v1 & ~ v0) + 0xc * (v0 & v1 & v2) - 0x7 * (v1 & v2) - ~ v0	v0 + 0x1 + 0x7 * (v1 & ~ v0) + 0xc * (v0 & v1 & v2) - 0x7 * (v1 & v2)	0x6 * (v1 & ~ (v0 ^ v2)) - 0x1 * (v0 & v1 ^ v0 ^ (~ v1 | v2))	18	17	22	W→W
mba_obf_linear:988	0x1e * (v0 & v2) - 0x1e * (v0 & v2 & v1)	0x1e * (v0 & v2 & ~ v1)	0x1e * (v0 & ~ v1 & v2)	10	6	8	L→W
mba_obf_linear:990	0x3c * v2 + 0x3f * (v0 & v2 & v1) - 0x3f * (v0 & v2) - 0x39 * (v2 & v1) - 0x3 * (~ v0 | v1)	0x3c * v2 - 0x3f * (v0 & v2 & ~ v1) - 0x39 * (v2 & v1) - 0x3 * (~ v0 | v1)	(-0x1) * 0x3 * (~ (v0 | v1) | v1 ^ v2) + 0x3c * (~ v0 & ~ v1 & v2)	21	18	21	T→W
mba_obf_linear:1000	(-0x1) * ~ (v0 & v1)	0x1 + (v0 & v1)	(-0x1) * 0x1 * ~ (v0 & v1)	5	5	7	W→W
mba_obf_nonlinear:5	0x4 * ~ v0 + 0x9 * (v0 & v1) - 0x4 * v1	-0x4 - 0x4 * v0 - 0x4 * v1 + 0x9 * (v0 & v1)	0x5 * (v0 & v1) + 0x4 * ~ (v0 | v1)	10	10	12	W→W
mba_obf_nonlinear:18	0x8 * (v0 & ~ v1) - 0x7 * ~ v1	0x7 + 0x7 * v1 + 0x8 * (v0 & ~ v1)	(-0x1) * 0x7 * ~ v1 + 0x8 * (v0 & ~ v1)	9	9	12	W→W
mba_obf_nonlinear:25	0x7 * (v1 & v0) - 0x4 * ~ v1	0x4 + 0x4 * v1 + 0x7 * (v1 & v0)	(-0x1) * 0x4 * (v0 | ~ v1) + 0xb * (v0 & v1)	8	8	13	W→W
mba_obf_nonlinear:36	-0x7 * (v0 & v1) - ~ v0	0x1 + v0 - 0x7 * (v0 & v1)	(-0x1) * 0x6 * (v0 & v1) - 0x1 * ~ (v0 & ~ v1)	8	7	15	W→W
mba_obf_nonlinear:42	0xd * v1 - 0x19 * (v0 & v1) - 0xd * ~ v0	0xd + 0xd * v0 + 0xd * v1 - 0x19 * (v0 & v1)	(-0x1) * 0xd * ~ (v0 | v1) - 0xc * (v0 & v1)	10	10	14	W→W
mba_obf_nonlinear:43	0x7 * ~ v1 - 0x6 * (v1 & v0)	-0x7 - 0x7 * v1 - 0x6 * (v1 & v0)	(-0x1) * 0xd * (v0 & v1) + 0x7 * (v0 | ~ v1)	8	8	13	W→W
mba_obf_nonlinear:44	0x2 * ~ v0 + 0x3 * (v1 & ~ v0)	-0x2 + 0x3 * (v1 & ~ v0) - 0x2 * v0	0x5 * ~ (v0 | ~ v1) + 0x2 * ~ (v0 | v1)	9	9	14	W→W
mba_obf_nonlinear:46	0x9 * (v1 & ~ v0) - 0x7 * ~ v0	0x7 + 0x7 * v0 + 0x9 * (v1 & ~ v0)	(-0x1) * 0x9 * ~ (v0 | v1) + 0x2 * ~ v0	9	9	12	W→W
mba_obf_nonlinear:47	(-0x1) * ~ v1	0x1 + v1	(-0x1) * 0x1 * (v0 & ~ v1) - 0x1 * ~ (v0 | v1)	3	3	15	W→W
mba_obf_nonlinear:57	0x3 * ~ v0 - 0x2 * (v1 & ~ v0)	-0x3 - 0x3 * v0 - 0x2 * (v1 & ~ v0)	(-0x1) * 0x2 * ~ (v0 | ~ v1) + 0x3 * ~ v0	9	9	13	W→W
mba_obf_nonlinear:58	0x2 * ~ v0 - 0x3 * (v1 & ~ v0)	-0x2 - 0x3 * (v1 & ~ v0) - 0x2 * v0	0x2 * ~ v0 - 0x3 * ~ (v0 | ~ v1)	9	9	13	W→W
mba_obf_nonlinear:60	(-0x1) * ~ (v0 | v1)	0x1 + (v0 | v1)	(-0x1) * 0x1 * ~ (v0 | v1)	5	5	7	W→W
mba_obf_nonlinear:76	0x2 * v1 - 0x3 * (v0 & v1) - ~ v0	0x1 + v0 + 0x2 * v1 - 0x3 * (v0 & v1)	0x1 * (v0 ^ v1) - 0x1 * (v0 | ~ v1)	10	9	13	W→W
mba_obf_nonlinear:80	-0x2 - (v1 & ~ v0)	-0x2 - v1 + (v1 & v0)	0x2 * (v0 | ~ v1) + 0x1 * ~ (v0 | ~ v1)	7	7	14	W→W
mba_obf_nonlinear:81	0x6 * (v0 & v1) - 0x8 * v1 - 0x2 * ~ v0	0x2 + 0x2 * v0 - 0x8 * v1 + 0x6 * (v0 & v1)	(-0x1) * 0xa * ~ (v0 | ~ v1) - 0x2 * ~ (v0 ^ v1)	10	10	16	W→W
mba_obf_nonlinear:84	0x1 - (v1 & ~ v0)	0x1 - v1 + (v1 & v0)	(-0x1) * 0x1 * (v0 | v1) - 0x1 * ~ v0	7	7	12	W→W
mba_obf_nonlinear:87	0x3 * ~ v0 - 0x8 * (v1 & ~ v0)	-0x3 - 0x8 * (v1 & ~ v0) - 0x3 * v0	(-0x1) * 0x5 * ~ v0 + 0x8 * ~ (v0 | v1)	9	9	12	W→W
mba_obf_nonlinear:91	(-0x1) * ~ (v0 | v1)	0x1 + (v0 | v1)	(-0x1) * 0x1 * ~ (v0 | v1)	5	5	7	W→W
mba_obf_nonlinear:94	0xb * v1 - 0xd * (v0 & v1) - 0xb * ~ v0	0xb + 0xb * v0 + 0xb * v1 - 0xd * (v0 & v1)	0x9 * (v0 & v1) - 0xb * ~ (v0 ^ v1)	10	10	13	W→W
mba_obf_nonlinear:97	-0x4 * ~ v1 + (v1 & v0)	0x4 + 0x4 * v1 + (v1 & v0)	(-0x1) * 0x4 * (v0 | ~ v1) + 0x5 * (v0 & v1)	7	7	13	W→W
mba_obf_nonlinear:102	0xd * ~ v1 - 0x2 * (v0 & ~ v1)	-0xd - 0xd * v1 - 0x2 * (v0 & ~ v1)	0xb * (v0 & ~ v1) + 0xd * ~ (v0 | v1)	9	9	13	W→W
mba_obf_nonlinear:110	-0x2 * (v0 & ~ v1) - ~ v1	v1 + 0x1 - 0x2 * (v0 & ~ v1)	(-0x1) * 0x1 * ~ (v0 | v1) - 0x3 * (v0 & ~ v1)	9	8	15	W→W
mba_obf_nonlinear:114	-0x4 * (v0 & ~ v1) - ~ v1	v1 + 0x1 - 0x4 * (v0 & ~ v1)	(-0x1) * 0x5 * (v0 & ~ v1) - 0x1 * ~ (v0 | v1)	9	8	15	W→W
mba_obf_nonlinear:121	(-0x1) * ~ (v0 | v1)	0x1 + (v0 | v1)	(-0x1) * 0x1 * ~ (v0 | v1)	5	5	7	W→W
mba_obf_nonlinear:123	(-0x1) * ~ v0	0x1 + v0	(-0x1) * 0x1 * ~ v0	3	3	5	W→W
mba_obf_nonlinear:128	0x2 * v0 + 0x7 * (v0 & v1) + 0x9 * ~ v1	-0x9 + 0x2 * v0 - 0x9 * v1 + 0x7 * (v0 & v1)	0xb * (v0 | ~ v1) - 0x2 * ~ (v0 ^ v1)	10	10	14	W→W
mba_obf_nonlinear:132	0x5 * ~ v1 + 0xe * (v0 & v1) - 0x7 * v0	0x7 * ~ (v0 ^ v1) - 0x2 * ~ v1	0x7 * ~ (v0 ^ v1) - 0x2 * ~ v1	10	9	12	W→W
mba_obf_nonlinear:135	0x14 * ~ v0 - 0x19 * (v1 & ~ v0)	-0x14 - 0x19 * (v1 & ~ v0) - 0x14 * v0	0x19 * ~ (v0 | v1) - 0x5 * ~ v0	9	9	12	W→W
mba_obf_nonlinear:137	0x6 * ~ v0 + 0x16 * (v0 & v1) - 0x10 * v1	-0x6 - 0x6 * v0 - 0x10 * v1 + 0x16 * (v0 & v1)	(-0x1) * 0x10 * ~ (v0 | ~ v1) + 0x6 * ~ (v0 & ~ v1)	10	10	16	W→W
mba_obf_nonlinear:139	-0x14 * (v1 & v0) - 0x5 * ~ v1	0x5 + 0x5 * v1 - 0x14 * (v1 & v0)	(-0x1) * 0x5 * (v0 | ~ v1) - 0xf * (v0 & v1)	8	8	14	W→W
mba_obf_nonlinear:154	0xd * (v0 & ~ v1) - 0x4 * ~ v1	0x4 + 0x4 * v1 + 0xd * (v0 & ~ v1)	0x9 * (v0 & ~ v1) - 0x4 * ~ (v0 | v1)	9	9	14	W→W
mba_obf_nonlinear:158	v1 - 0xd * (v0 & v1) - ~ v0	0x1 + v0 + v1 - 0xd * (v0 & v1)	(-0x1) * 0x1 * ~ (v0 ^ v1) - 0xb * (v0 & v1)	9	8	14	W→W
mba_obf_nonlinear:160	-0x7 * ~ v0 - 0x3 * (v1 & ~ v0)	0x7 + 0x7 * v0 - 0x3 * (v1 & ~ v0)	(-0x1) * 0xa * ~ (v0 | ~ v1) - 0x7 * ~ (v0 | v1)	9	9	16	W→W
mba_obf_nonlinear:166	0x3 * ~ v0 - 0x3 * v1	-0x3 - 0x3 * v0 - 0x3 * v1	0x3 * ~ v1 - 0x3 * v0	6	6	9	W→W
mba_obf_nonlinear:170	0x2 * ~ v0 - 0xb * (v0 & v1) - 0x2 * v1	-0x2 - 0x2 * v0 - 0x2 * v1 - 0xb * (v0 & v1)	(-0x1) * 0xf * (v0 & v1) + 0x2 * ~ (v0 ^ v1)	10	10	13	W→W
mba_obf_nonlinear:172	v0 - 0xa * (v0 & v1) - 0x5 * ~ v1	0x5 + v0 + 0x5 * v1 - 0xa * (v0 & v1)	(-0x1) * 0x4 * v0 - 0x5 * ~ (v0 ^ v1)	9	9	12	W→W
mba_obf_nonlinear:174	0x4 * (v0 & v1) - 0x5 * ~ v0	0x5 + 0x5 * v0 + 0x4 * (v0 & v1)	(-0x1) * 0x5 * ~ (v0 & ~ v1) + 0x9 * (v0 & v1)	8	8	14	W→W
mba_obf_nonlinear:175	0x7 * (v1 & v0) - ~ v1	0x1 + v1 + 0x7 * (v1 & v0)	0x8 * (v0 & v1) - 0x1 * (v0 | ~ v1)	8	7	13	W→W
mba_obf_nonlinear:177	-0x2 * ~ v1 - v0 - (v1 & v0)	0x2 + 0x2 * v1 - v0 - (v1 & v0)	(-0x1) * 0x2 * (v0 | ~ v1) - 0x1 * (v0 & ~ v1)	10	10	15	W→W
mba_obf_nonlinear:188	0x2 * v0 - ~ v1	0x1 + v1 + 0x2 * v0	0x2 * v0 - 0x1 * ~ v1	6	5	9	W→W
mba_obf_nonlinear:189	0x4 * v0 - 0x8 * (v0 & v1) - 0x6 * ~ v1	-0x4 * ~ (v0 ^ v1) - 0x2 * ~ v1	(-0x1) * 0x2 * ~ v1 - 0x4 * ~ (v0 ^ v1)	10	9	13	W→W
mba_obf_nonlinear:197	0x2 * ~ v0 - 0xc * (v1 & ~ v0)	-0x2 - 0xc * (v1 & ~ v0) - 0x2 * v0	0x2 * ~ v0 - 0xc * ~ (v0 | ~ v1)	9	9	13	W→W
mba_obf_nonlinear:219	(-0x1) * ~ (v0 ^ v1)	0x1 + (v0 ^ v1)	(-0x1) * 0x1 * ~ (v0 ^ v1)	5	5	7	W→W
mba_obf_nonlinear:225	-0x3 * ~ v0 - (v0 & v1)	0x3 + 0x3 * v0 - (v0 & v1)	(-0x1) * 0x2 * ~ v0 - 0x1 * ~ (v0 & ~ v1)	8	8	14	W→W
mba_obf_nonlinear:242	0xd * v0 - 0x14 * (v1 & v0) - 0x7 * ~ v1	0x7 + 0x7 * v1 + 0xd * v0 - 0x14 * (v1 & v0)	0xd * (v0 & ~ v1) - 0x7 * (v0 | ~ v1)	10	10	14	W→W
mba_obf_nonlinear:248	0x6 * ~ v0 + 0x10 * (v0 & v1) - 0xa * v1	-0x6 - 0x6 * v0 - 0xa * v1 + 0x10 * (v0 & v1)	(-0x1) * 0x4 * ~ (v0 | ~ v1) + 0x6 * ~ (v0 ^ v1)	10	10	15	W→W
mba_obf_nonlinear:249	0x2 * ~ v0 - 0x9 * (v1 & ~ v0)	-0x2 - 0x9 * (v1 & ~ v0) - 0x2 * v0	(-0x1) * 0x9 * ~ (v0 | ~ v1) + 0x2 * ~ v0	9	9	13	W→W
mba_obf_nonlinear:256	-0x4 * ~ v0 - 0x4 * (v1 & ~ v0)	0x4 + 0x4 * v0 - 0x4 * (v1 & ~ v0)	(-0x1) * 0x8 * ~ (v0 | ~ v1) - 0x4 * ~ (v0 | v1)	9	9	16	W→W
mba_obf_nonlinear:257	0x11 * (v0 & ~ v1) - ~ v1	v1 + 0x1 + 0x11 * (v0 & ~ v1)	(-0x1) * 0x1 * ~ (v0 | v1) + 0x10 * (v0 & ~ v1)	9	8	14	W→W
mba_obf_nonlinear:261	-0xc * (v0 & v1) - 0x2 * ~ v0	0x2 + 0x2 * v0 - 0xc * (v0 & v1)	(-0x1) * 0x2 * ~ v0 - 0xc * (v0 & v1)	8	8	12	W→W
mba_obf_nonlinear:266	-0xc * v1 - (v0 & ~ v1)	-0xc * v1 - v0 + (v1 & v0)	(-0x1) * 0x1 * (v0 | v1) - 0xb * v1	8	8	11	W→W
mba_obf_nonlinear:280	0xb * (v1 & ~ v0) - 0x3 * ~ v0	0x3 + 0x3 * v0 + 0xb * (v1 & ~ v0)	0x8 * ~ (v0 | ~ v1) - 0x3 * ~ (v0 | v1)	9	9	15	W→W
mba_obf_nonlinear:284	0x2 * ~ v1 - 0x6 * (v0 & ~ v1)	-0x2 - 0x6 * (v0 & ~ v1) - 0x2 * v1	0x2 * ~ (v0 | v1) - 0x4 * (v0 & ~ v1)	9	9	14	W→W
mba_obf_nonlinear:286	0x5 * ~ v1 - 0x2 * (v0 & ~ v1)	-0x5 - 0x5 * v1 - 0x2 * (v0 & ~ v1)	0x5 * ~ (v0 | v1) + 0x3 * (v0 & ~ v1)	9	9	13	W→W
mba_obf_nonlinear:292	0x4 * ~ v0 + 0xf * (v0 & v1) - 0x4 * v1	-0x4 - 0x4 * v0 - 0x4 * v1 + 0xf * (v0 & v1)	0xb * ~ (v0 ^ v1) - 0x7 * ~ (v0 | v1)	10	10	14	W→W
mba_obf_nonlinear:318	-0x7 * (v1 & v0) - 0x4 * ~ v1	0x4 + 0x4 * v1 - 0x7 * (v1 & v0)	(-0x1) * 0x4 * ~ v1 - 0x7 * (v0 & v1)	8	8	12	W→W
mba_obf_nonlinear:339	0x2 * (v0 & v1) + 0x3 * ~ v1	-0x3 - 0x3 * v1 + 0x2 * (v0 & v1)	0x2 * (v0 | ~ v1) + 0x1 * ~ v1	8	8	11	W→W
mba_obf_nonlinear:362	0xb * v1 - 0x7 * ~ v0	0x7 + 0x7 * v0 + 0xb * v1	0xb * v1 - 0x7 * ~ v0	6	6	9	W→W
mba_obf_nonlinear:367	0x1 - (v1 & ~ v0)	0x1 - v1 + (v1 & v0)	(-0x1) * 0x1 * ~ (v0 & ~ v1) - 0x1 * (v0 ^ v1)	7	7	15	W→W
mba_obf_nonlinear:371	-0x6 * (v1 & v0) - ~ v1	0x1 + v1 - 0x6 * (v1 & v0)	(-0x1) * 0x5 * (v0 & v1) - 0x1 * (v0 | ~ v1)	8	7	14	W→W
mba_obf_nonlinear:377	0x9 * v1 - 0x16 * (v0 & v1) - 0x9 * ~ v0	0x9 + 0x9 * v0 + 0x9 * v1 - 0x16 * (v0 & v1)	(-0x1) * 0xd * (v0 & v1) - 0x9 * ~ (v0 | v1)	10	10	14	W→W
mba_obf_nonlinear:379	0xa * (v0 & v1) + 0xb * ~ v1 - 0x5 * v0	0x5 * ~ (v0 ^ v1) + 0x6 * ~ v1	0x6 * ~ v1 + 0x5 * ~ (v0 ^ v1)	10	9	11	W→W
mba_obf_nonlinear:385	-0x7 * (v1 & v0) - 0x2 * ~ v1	0x2 + 0x2 * v1 - 0x7 * (v1 & v0)	(-0x1) * 0x2 * (v0 | ~ v1) - 0x5 * (v0 & v1)	8	8	14	W→W
mba_obf_nonlinear:387	v1 + 0x6 * ~ v0	-0x6 + v1 - 0x6 * v0	0x1 * v1 + 0x6 * ~ v0	5	5	8	W→W
mba_obf_nonlinear:392	(-0x1) * ~ v1	0x1 + v1	(-0x1) * 0x1 * ~ v1	3	3	5	W→W
mba_obf_nonlinear:393	-0x2 - 0x3 * v0 - (v1 & ~ v0)	-0x2 - 0x3 * v0 - v1 + (v0 & v1)	0x2 * ~ v0 - 0x1 * (v0 | v1)	9	9	11	W→W
mba_obf_nonlinear:408	0x4 * (v1 & ~ v0) - 0x3 * ~ v0	0x3 + 0x3 * v0 + 0x4 * (v1 & ~ v0)	0x1 * ~ v0 - 0x4 * ~ (v0 | v1)	9	9	12	W→W
mba_obf_nonlinear:409	0xa * ~ v1 + 0xd * (v0 & v1) - 0x3 * v0	-0xa - 0x3 * v0 - 0xa * v1 + 0xd * (v0 & v1)	0x7 * (v0 | ~ v1) + 0x3 * ~ (v0 ^ v1)	10	10	13	W→W
mba_obf_nonlinear:416	0xb * (v0 & ~ v1) - 0xc * ~ v1	0xc + 0xb * (v0 & ~ v1) + 0xc * v1	(-0x1) * 0x1 * ~ v1 - 0xb * ~ (v0 | v1)	9	9	13	W→W
mba_obf_nonlinear:418	0x2 * (v0 & v1) + 0x3 * ~ v0 - v1	~ (v1 ^ v0) + 0x2 * ~ v0	0x2 * ~ v0 + 0x1 * ~ (v0 ^ v1)	10	8	11	W→W
mba_obf_nonlinear:422	0x16 * ~ v0 + 0x24 * (v0 & v1) - 0x16 * v1	-0x16 - 0x16 * v0 - 0x16 * v1 + 0x24 * (v0 & v1)	0xe * (v0 & v1) + 0x16 * ~ (v0 | v1)	10	10	12	W→W
mba_obf_nonlinear:430	v1 + 0x4 * (v0 & v1) - ~ v0	0x1 + v0 + v1 + 0x4 * (v0 & v1)	(-0x1) * 0x6 * ~ (v0 | v1) + 0x5 * ~ (v0 ^ v1)	9	8	14	W→W
mba_obf_nonlinear:437	-0x5 * ~ v0 - 0x4 * (v0 & v1)	0x5 + 0x5 * v0 - 0x4 * (v0 & v1)	(-0x1) * 0x5 * ~ (v0 & ~ v1) + 0x1 * (v0 & v1)	8	8	14	W→W
mba_obf_nonlinear:442	0x6 * v0 - ~ (v0 & v1)	0x1 + 0x6 * v0 + (v0 & v1)	(-0x1) * 0x1 * ~ (v0 & v1) + 0x6 * v0	8	7	11	W→W
mba_obf_nonlinear:476	(-0x1) * ~ (v0 ^ v1)	0x1 + (v0 ^ v1)	(-0x1) * 0x1 * ~ (v0 ^ v1)	5	5	7	W→W
mba_obf_nonlinear:505	0x4 * ~ v0 + 0x9 * (v0 & v1) - 0x4 * v1	-0x4 - 0x4 * v0 - 0x4 * v1 + 0x9 * (v0 & v1)	0x5 * (v0 & v1) + 0x4 * ~ (v0 | v1)	10	10	12	W→W
mba_obf_nonlinear:518	0x8 * (v0 & ~ v1) - 0x7 * ~ v1	0x7 + 0x7 * v1 + 0x8 * (v0 & ~ v1)	(-0x1) * 0x7 * ~ v1 + 0x8 * (v0 & ~ v1)	9	9	12	W→W
mba_obf_nonlinear:525	0x7 * (v1 & v0) - 0x4 * ~ v1	0x4 + 0x4 * v1 + 0x7 * (v1 & v0)	(-0x1) * 0x4 * (v0 | ~ v1) + 0xb * (v0 & v1)	8	8	13	W→W
mba_obf_nonlinear:536	-0x7 * (v0 & v1) - ~ v0	0x1 + v0 - 0x7 * (v0 & v1)	(-0x1) * 0x6 * (v0 & v1) - 0x1 * ~ (v0 & ~ v1)	8	7	15	W→W
mba_obf_nonlinear:542	0xd * v1 - 0x19 * (v0 & v1) - 0xd * ~ v0	0xd + 0xd * v0 + 0xd * v1 - 0x19 * (v0 & v1)	(-0x1) * 0xd * ~ (v0 | v1) - 0xc * (v0 & v1)	10	10	14	W→W
mba_obf_nonlinear:543	0x7 * ~ v1 - 0x6 * (v1 & v0)	-0x7 - 0x7 * v1 - 0x6 * (v1 & v0)	(-0x1) * 0xd * (v0 & v1) + 0x7 * (v0 | ~ v1)	8	8	13	W→W
mba_obf_nonlinear:544	0x2 * ~ v0 + 0x3 * (v1 & ~ v0)	-0x2 + 0x3 * (v1 & ~ v0) - 0x2 * v0	0x5 * ~ (v0 | ~ v1) + 0x2 * ~ (v0 | v1)	9	9	14	W→W
mba_obf_nonlinear:546	0x9 * (v1 & ~ v0) - 0x7 * ~ v0	0x7 + 0x7 * v0 + 0x9 * (v1 & ~ v0)	(-0x1) * 0x9 * ~ (v0 | v1) + 0x2 * ~ v0	9	9	12	W→W
mba_obf_nonlinear:547	(-0x1) * ~ v1	0x1 + v1	(-0x1) * 0x1 * (v0 & ~ v1) - 0x1 * ~ (v0 | v1)	3	3	15	W→W
mba_obf_nonlinear:557	0x3 * ~ v0 - 0x2 * (v1 & ~ v0)	-0x3 - 0x3 * v0 - 0x2 * (v1 & ~ v0)	(-0x1) * 0x2 * ~ (v0 | ~ v1) + 0x3 * ~ v0	9	9	13	W→W
mba_obf_nonlinear:558	0x2 * ~ v0 - 0x3 * (v1 & ~ v0)	-0x2 - 0x3 * (v1 & ~ v0) - 0x2 * v0	0x2 * ~ v0 - 0x3 * ~ (v0 | ~ v1)	9	9	13	W→W
mba_obf_nonlinear:560	(-0x1) * ~ (v0 | v1)	0x1 + (v0 | v1)	(-0x1) * 0x1 * ~ (v0 | v1)	5	5	7	W→W
mba_obf_nonlinear:576	0x2 * v1 - 0x3 * (v0 & v1) - ~ v0	0x1 + v0 + 0x2 * v1 - 0x3 * (v0 & v1)	0x1 * (v0 ^ v1) - 0x1 * (v0 | ~ v1)	10	9	13	W→W
mba_obf_nonlinear:580	-0x2 - (v1 & ~ v0)	-0x2 - v1 + (v1 & v0)	0x2 * (v0 | ~ v1) + 0x1 * ~ (v0 | ~ v1)	7	7	14	W→W
mba_obf_nonlinear:581	0x6 * (v0 & v1) - 0x8 * v1 - 0x2 * ~ v0	0x2 + 0x2 * v0 - 0x8 * v1 + 0x6 * (v0 & v1)	(-0x1) * 0xa * ~ (v0 | ~ v1) - 0x2 * ~ (v0 ^ v1)	10	10	16	W→W
mba_obf_nonlinear:584	0x1 - (v1 & ~ v0)	0x1 - v1 + (v1 & v0)	(-0x1) * 0x1 * (v0 | v1) - 0x1 * ~ v0	7	7	12	W→W
mba_obf_nonlinear:587	0x3 * ~ v0 - 0x8 * (v1 & ~ v0)	-0x3 - 0x8 * (v1 & ~ v0) - 0x3 * v0	(-0x1) * 0x5 * ~ v0 + 0x8 * ~ (v0 | v1)	9	9	12	W→W
mba_obf_nonlinear:591	(-0x1) * ~ (v0 | v1)	0x1 + (v0 | v1)	(-0x1) * 0x1 * ~ (v0 | v1)	5	5	7	W→W
mba_obf_nonlinear:594	0xb * v1 - 0xd * (v0 & v1) - 0xb * ~ v0	0xb + 0xb * v0 + 0xb * v1 - 0xd * (v0 & v1)	0x9 * (v0 & v1) - 0xb * ~ (v0 ^ v1)	10	10	13	W→W
mba_obf_nonlinear:597	-0x4 * ~ v1 + (v1 & v0)	0x4 + 0x4 * v1 + (v1 & v0)	(-0x1) * 0x4 * (v0 | ~ v1) + 0x5 * (v0 & v1)	7	7	13	W→W
mba_obf_nonlinear:602	0xd * ~ v1 - 0x2 * (v0 & ~ v1)	-0xd - 0xd * v1 - 0x2 * (v0 & ~ v1)	0xb * (v0 & ~ v1) + 0xd * ~ (v0 | v1)	9	9	13	W→W
mba_obf_nonlinear:610	-0x2 * (v0 & ~ v1) - ~ v1	v1 + 0x1 - 0x2 * (v0 & ~ v1)	(-0x1) * 0x1 * ~ (v0 | v1) - 0x3 * (v0 & ~ v1)	9	8	15	W→W
mba_obf_nonlinear:614	-0x4 * (v0 & ~ v1) - ~ v1	v1 + 0x1 - 0x4 * (v0 & ~ v1)	(-0x1) * 0x5 * (v0 & ~ v1) - 0x1 * ~ (v0 | v1)	9	8	15	W→W
mba_obf_nonlinear:621	(-0x1) * ~ (v0 | v1)	0x1 + (v0 | v1)	(-0x1) * 0x1 * ~ (v0 | v1)	5	5	7	W→W
mba_obf_nonlinear:623	(-0x1) * ~ v0	0x1 + v0	(-0x1) * 0x1 * ~ v0	3	3	5	W→W
mba_obf_nonlinear:628	0x2 * v0 + 0x7 * (v0 & v1) + 0x9 * ~ v1	-0x9 + 0x2 * v0 - 0x9 * v1 + 0x7 * (v0 & v1)	0xb * (v0 | ~ v1) - 0x2 * ~ (v0 ^ v1)	10	10	14	W→W
mba_obf_nonlinear:632	0x5 * ~ v1 + 0xe * (v0 & v1) - 0x7 * v0	0x7 * ~ (v0 ^ v1) - 0x2 * ~ v1	0x7 * ~ (v0 ^ v1) - 0x2 * ~ v1	10	9	12	W→W
mba_obf_nonlinear:635	0x14 * ~ v0 - 0x19 * (v1 & ~ v0)	-0x14 - 0x19 * (v1 & ~ v0) - 0x14 * v0	0x19 * ~ (v0 | v1) - 0x5 * ~ v0	9	9	12	W→W
mba_obf_nonlinear:637	0x6 * ~ v0 + 0x16 * (v0 & v1) - 0x10 * v1	-0x6 - 0x6 * v0 - 0x10 * v1 + 0x16 * (v0 & v1)	(-0x1) * 0x10 * ~ (v0 | ~ v1) + 0x6 * ~ (v0 & ~ v1)	10	10	16	W→W
mba_obf_nonlinear:639	-0x14 * (v1 & v0) - 0x5 * ~ v1	0x5 + 0x5 * v1 - 0x14 * (v1 & v0)	(-0x1) * 0x5 * (v0 | ~ v1) - 0xf * (v0 & v1)	8	8	14	W→W
mba_obf_nonlinear:654	0xd * (v0 & ~ v1) - 0x4 * ~ v1	0x4 + 0x4 * v1 + 0xd * (v0 & ~ v1)	0x9 * (v0 & ~ v1) - 0x4 * ~ (v0 | v1)	9	9	14	W→W
mba_obf_nonlinear:658	v1 - 0xd * (v0 & v1) - ~ v0	0x1 + v0 + v1 - 0xd * (v0 & v1)	(-0x1) * 0x1 * ~ (v0 ^ v1) - 0xb * (v0 & v1)	9	8	14	W→W
mba_obf_nonlinear:660	-0x7 * ~ v0 - 0x3 * (v1 & ~ v0)	0x7 + 0x7 * v0 - 0x3 * (v1 & ~ v0)	(-0x1) * 0xa * ~ (v0 | ~ v1) - 0x7 * ~ (v0 | v1)	9	9	16	W→W
mba_obf_nonlinear:666	0x3 * ~ v0 - 0x3 * v1	-0x3 - 0x3 * v0 - 0x3 * v1	0x3 * ~ v1 - 0x3 * v0	6	6	9	W→W
mba_obf_nonlinear:670	0x2 * ~ v0 - 0xb * (v0 & v1) - 0x2 * v1	-0x2 - 0x2 * v0 - 0x2 * v1 - 0xb * (v0 & v1)	(-0x1) * 0xf * (v0 & v1) + 0x2 * ~ (v0 ^ v1)	10	10	13	W→W
mba_obf_nonlinear:672	v0 - 0xa * (v0 & v1) - 0x5 * ~ v1	0x5 + v0 + 0x5 * v1 - 0xa * (v0 & v1)	(-0x1) * 0x4 * v0 - 0x5 * ~ (v0 ^ v1)	9	9	12	W→W
mba_obf_nonlinear:674	0x4 * (v0 & v1) - 0x5 * ~ v0	0x5 + 0x5 * v0 + 0x4 * (v0 & v1)	(-0x1) * 0x5 * ~ (v0 & ~ v1) + 0x9 * (v0 & v1)	8	8	14	W→W
mba_obf_nonlinear:675	0x7 * (v1 & v0) - ~ v1	0x1 + v1 + 0x7 * (v1 & v0)	0x8 * (v0 & v1) - 0x1 * (v0 | ~ v1)	8	7	13	W→W
mba_obf_nonlinear:677	-0x2 * ~ v1 - v0 - (v1 & v0)	0x2 + 0x2 * v1 - v0 - (v1 & v0)	(-0x1) * 0x2 * (v0 | ~ v1) - 0x1 * (v0 & ~ v1)	10	10	15	W→W
mba_obf_nonlinear:688	0x2 * v0 - ~ v1	0x1 + v1 + 0x2 * v0	0x2 * v0 - 0x1 * ~ v1	6	5	9	W→W
mba_obf_nonlinear:689	0x4 * v0 - 0x8 * (v0 & v1) - 0x6 * ~ v1	-0x4 * ~ (v0 ^ v1) - 0x2 * ~ v1	(-0x1) * 0x2 * ~ v1 - 0x4 * ~ (v0 ^ v1)	10	9	13	W→W
mba_obf_nonlinear:697	0x2 * ~ v0 - 0xc * (v1 & ~ v0)	-0x2 - 0xc * (v1 & ~ v0) - 0x2 * v0	0x2 * ~ v0 - 0xc * ~ (v0 | ~ v1)	9	9	13	W→W
mba_obf_nonlinear:719	(-0x1) * ~ (v0 ^ v1)	0x1 + (v0 ^ v1)	(-0x1) * 0x1 * ~ (v0 ^ v1)	5	5	7	W→W
mba_obf_nonlinear:725	-0x3 * ~ v0 - (v0 & v1)	0x3 + 0x3 * v0 - (v0 & v1)	(-0x1) * 0x2 * ~ v0 - 0x1 * ~ (v0 & ~ v1)	8	8	14	W→W
mba_obf_nonlinear:742	0xd * v0 - 0x14 * (v1 & v0) - 0x7 * ~ v1	0x7 + 0x7 * v1 + 0xd * v0 - 0x14 * (v1 & v0)	0xd * (v0 & ~ v1) - 0x7 * (v0 | ~ v1)	10	10	14	W→W
mba_obf_nonlinear:748	0x6 * ~ v0 + 0x10 * (v0 & v1) - 0xa * v1	-0x6 - 0x6 * v0 - 0xa * v1 + 0x10 * (v0 & v1)	(-0x1) * 0x4 * ~ (v0 | ~ v1) + 0x6 * ~ (v0 ^ v1)	10	10	15	W→W
mba_obf_nonlinear:749	0x2 * ~ v0 - 0x9 * (v1 & ~ v0)	-0x2 - 0x9 * (v1 & ~ v0) - 0x2 * v0	(-0x1) * 0x9 * ~ (v0 | ~ v1) + 0x2 * ~ v0	9	9	13	W→W
mba_obf_nonlinear:756	-0x4 * ~ v0 - 0x4 * (v1 & ~ v0)	0x4 + 0x4 * v0 - 0x4 * (v1 & ~ v0)	(-0x1) * 0x8 * ~ (v0 | ~ v1) - 0x4 * ~ (v0 | v1)	9	9	16	W→W
mba_obf_nonlinear:757	0x11 * (v0 & ~ v1) - ~ v1	v1 + 0x1 + 0x11 * (v0 & ~ v1)	(-0x1) * 0x1 * ~ (v0 | v1) + 0x10 * (v0 & ~ v1)	9	8	14	W→W
mba_obf_nonlinear:761	-0xc * (v0 & v1) - 0x2 * ~ v0	0x2 + 0x2 * v0 - 0xc * (v0 & v1)	(-0x1) * 0x2 * ~ v0 - 0xc * (v0 & v1)	8	8	12	W→W
mba_obf_nonlinear:766	-0xc * v1 - (v0 & ~ v1)	-0xc * v1 - v0 + (v1 & v0)	(-0x1) * 0x1 * (v0 | v1) - 0xb * v1	8	8	11	W→W
mba_obf_nonlinear:780	0xb * (v1 & ~ v0) - 0x3 * ~ v0	0x3 + 0x3 * v0 + 0xb * (v1 & ~ v0)	0x8 * ~ (v0 | ~ v1) - 0x3 * ~ (v0 | v1)	9	9	15	W→W
mba_obf_nonlinear:784	0x2 * ~ v1 - 0x6 * (v0 & ~ v1)	-0x2 - 0x6 * (v0 & ~ v1) - 0x2 * v1	0x2 * ~ (v0 | v1) - 0x4 * (v0 & ~ v1)	9	9	14	W→W
mba_obf_nonlinear:786	0x5 * ~ v1 - 0x2 * (v0 & ~ v1)	-0x5 - 0x5 * v1 - 0x2 * (v0 & ~ v1)	0x5 * ~ (v0 | v1) + 0x3 * (v0 & ~ v1)	9	9	13	W→W
mba_obf_nonlinear:792	0x4 * ~ v0 + 0xf * (v0 & v1) - 0x4 * v1	-0x4 - 0x4 * v0 - 0x4 * v1 + 0xf * (v0 & v1)	0xb * ~ (v0 ^ v1) - 0x7 * ~ (v0 | v1)	10	10	14	W→W
mba_obf_nonlinear:818	-0x7 * (v1 & v0) - 0x4 * ~ v1	0x4 + 0x4 * v1 - 0x7 * (v1 & v0)	(-0x1) * 0x4 * ~ v1 - 0x7 * (v0 & v1)	8	8	12	W→W
mba_obf_nonlinear:839	0x2 * (v0 & v1) + 0x3 * ~ v1	-0x3 - 0x3 * v1 + 0x2 * (v0 & v1)	0x2 * (v0 | ~ v1) + 0x1 * ~ v1	8	8	11	W→W
mba_obf_nonlinear:862	0xb * v1 - 0x7 * ~ v0	0x7 + 0x7 * v0 + 0xb * v1	0xb * v1 - 0x7 * ~ v0	6	6	9	W→W
mba_obf_nonlinear:867	0x1 - (v1 & ~ v0)	0x1 - v1 + (v1 & v0)	(-0x1) * 0x1 * ~ (v0 & ~ v1) - 0x1 * (v0 ^ v1)	7	7	15	W→W
mba_obf_nonlinear:871	-0x6 * (v1 & v0) - ~ v1	0x1 + v1 - 0x6 * (v1 & v0)	(-0x1) * 0x5 * (v0 & v1) - 0x1 * (v0 | ~ v1)	8	7	14	W→W
mba_obf_nonlinear:877	0x9 * v1 - 0x16 * (v0 & v1) - 0x9 * ~ v0	0x9 + 0x9 * v0 + 0x9 * v1 - 0x16 * (v0 & v1)	(-0x1) * 0xd * (v0 & v1) - 0x9 * ~ (v0 | v1)	10	10	14	W→W
mba_obf_nonlinear:879	0xa * (v0 & v1) + 0xb * ~ v1 - 0x5 * v0	0x5 * ~ (v0 ^ v1) + 0x6 * ~ v1	0x6 * ~ v1 + 0x5 * ~ (v0 ^ v1)	10	9	11	W→W
mba_obf_nonlinear:885	-0x7 * (v1 & v0) - 0x2 * ~ v1	0x2 + 0x2 * v1 - 0x7 * (v1 & v0)	(-0x1) * 0x2 * (v0 | ~ v1) - 0x5 * (v0 & v1)	8	8	14	W→W
mba_obf_nonlinear:887	v1 + 0x6 * ~ v0	-0x6 + v1 - 0x6 * v0	0x1 * v1 + 0x6 * ~ v0	5	5	8	W→W
mba_obf_nonlinear:892	(-0x1) * ~ v1	0x1 + v1	(-0x1) * 0x1 * ~ v1	3	3	5	W→W
mba_obf_nonlinear:893	-0x2 - 0x3 * v0 - (v1 & ~ v0)	-0x2 - 0x3 * v0 - v1 + (v0 & v1)	0x2 * ~ v0 - 0x1 * (v0 | v1)	9	9	11	W→W
mba_obf_nonlinear:908	0x4 * (v1 & ~ v0) - 0x3 * ~ v0	0x3 + 0x3 * v0 + 0x4 * (v1 & ~ v0)	0x1 * ~ v0 - 0x4 * ~ (v0 | v1)	9	9	12	W→W
mba_obf_nonlinear:909	0xa * ~ v1 + 0xd * (v0 & v1) - 0x3 * v0	-0xa - 0x3 * v0 - 0xa * v1 + 0xd * (v0 & v1)	0x7 * (v0 | ~ v1) + 0x3 * ~ (v0 ^ v1)	10	10	13	W→W
mba_obf_nonlinear:916	0xb * (v0 & ~ v1) - 0xc * ~ v1	0xc + 0xb * (v0 & ~ v1) + 0xc * v1	(-0x1) * 0x1 * ~ v1 - 0xb * ~ (v0 | v1)	9	9	13	W→W
mba_obf_nonlinear:918	0x2 * (v0 & v1) + 0x3 * ~ v0 - v1	~ (v1 ^ v0) + 0x2 * ~ v0	0x2 * ~ v0 + 0x1 * ~ (v0 ^ v1)	10	8	11	W→W
mba_obf_nonlinear:922	0x16 * ~ v0 + 0x24 * (v0 & v1) - 0x16 * v1	-0x16 - 0x16 * v0 - 0x16 * v1 + 0x24 * (v0 & v1)	0xe * (v0 & v1) + 0x16 * ~ (v0 | v1)	10	10	12	W→W
mba_obf_nonlinear:930	v1 + 0x4 * (v0 & v1) - ~ v0	0x1 + v0 + v1 + 0x4 * (v0 & v1)	(-0x1) * 0x6 * ~ (v0 | v1) + 0x5 * ~ (v0 ^ v1)	9	8	14	W→W
mba_obf_nonlinear:937	-0x5 * ~ v0 - 0x4 * (v0 & v1)	0x5 + 0x5 * v0 - 0x4 * (v0 & v1)	(-0x1) * 0x5 * ~ (v0 & ~ v1) + 0x1 * (v0 & v1)	8	8	14	W→W
mba_obf_nonlinear:942	0x6 * v0 - ~ (v0 & v1)	0x1 + 0x6 * v0 + (v0 & v1)	(-0x1) * 0x1 * ~ (v0 & v1) + 0x6 * v0	8	7	11	W→W
mba_obf_nonlinear:976	(-0x1) * ~ (v0 ^ v1)	0x1 + (v0 ^ v1)	(-0x1) * 0x1 * ~ (v0 ^ v1)	5	5	7	W→W
neureduce:8	-0x6 * (v0 & (v1 ^ v2)) - 0x2 * ~ (v1 ^ v2) + (v3 & v4)	0x2 + 0x2 * (v1 ^ v2) - 0x6 * (v0 & (v1 ^ v2)) + (v3 & v4)	0x2 * (~ v0 & (v1 ^ v2)) - 0x4 * (v0 & (v1 ^ v2)) + (v3 & v4) + 0x2	15	15	21	W→W
neureduce:28	-0x2 * ~ (v0 & (v1 ^ v2)) - (v1 ^ v2) + (v3 & v4)	0x2 + 0x2 * (v0 & (v1 ^ v2)) - (v1 ^ v2) + (v3 & v4)	-(~ v0 & (v1 ^ v2)) + (v0 & (v1 ^ v2)) + (v3 & v4) + 0x2	15	15	17	W→W
neureduce:42	v3 + 0x5 * ~ (v0 | v1)	v3 - 0x5 - 0x5 * (v0 | v1)	0x5 * (~ v0 & ~ v1) + v3	7	7	9	W→W
neureduce:84	0x2 * (v0 & v2 & v1) - ~ (v0 ^ v2) - (v2 & v1)	(-0x1) * (~ v0 ^ ~ v1 & v2)	(-0x1) * (~ v0 ^ ~ v1 & v2)	15	8	8	L→T
neureduce:86	(-0x1) * ~ (v1 ^ v2)	0x1 + (v1 ^ v2)	(~ v0 & (v1 ^ v2)) + (v0 & (v1 ^ v2)) + 0x1	5	5	13	W→W
neureduce:102	(-0x1) * ~ v0	0x1 + v0	(-0x1) * ~ v0	3	3	3	T→T
neureduce:109	(-0x1) * ~ v1	0x1 + v1	v1 + 0x1	3	3	3	T→T
neureduce:110	0x2 * (v0 | v1) - ~ (v3 | v4)	0x1 + 0x2 * (v0 | v1) + (v3 | v4)	(-0x1) * 0x2 * (~ v0 & ~ v1) + (v3 | v4) - 0x1	10	9	14	W→W
neureduce:119	0x2 * (v1 & v2) - v2 - ~ (v3 | v4) - (v0 & v1) - (v1 ^ v0 & v2)	0x1 + 0x2 * (v1 & v2) - v2 - (v0 & v1) - (v1 ^ v0 & v2) + (v3 | v4)	-(~ v0 & (v1 ^ v2)) - 0x2 * (v0 & (v1 ^ v2)) + (v3 | v4) + 0x1	22	21	20	L→L
neureduce:143	-0x4 * (v0 & (v1 ^ v2)) - ~ (v1 ^ v2)	0x1 - 0x4 * (v0 & (v1 ^ v2)) + (v1 ^ v2)	(~ v0 & (v1 ^ v2)) - 0x3 * (v0 & (v1 ^ v2)) + 0x1	12	11	16	W→W
neureduce:144	(-0x1) * ~ v1	0x1 + v1	(-0x1) * ~ v1	3	3	3	T→T
neureduce:179	-0x3 * (v2 | v0 | v1) - ~ (v3 & v4)	0x1 - 0x3 * (v2 | v0 | v1) + (v3 & v4)	(-0x1) * 0x3 * (v0 | v1 | v2) + (v3 & v4) + 0x1	11	10	12	W→W
neureduce:191	v3 + 0x4 * ~ (v0 | v1)	v3 - 0x4 - 0x4 * (v0 | v1)	0x4 * (~ v0 & ~ v1) + v3	7	7	9	W→W
neureduce:192	0x7 * (v0 & v1) + 0xf * ~ v0	-0xf - 0xf * v0 + 0x7 * (v0 & v1)	0x8 * ~ v0 + 0x7 * ~ (v0 & ~ v1)	8	8	12	W→W
neureduce:193	-0x2 * (v1 ^ v2) - ~ (v3 | v4) - (v0 & (v1 ^ v2))	0x1 - 0x2 * (v1 ^ v2) - (v0 & (v1 ^ v2)) + (v3 | v4)	(-0x1) * 0x2 * (~ v0 & (v1 ^ v2)) - 0x3 * (v0 & (v1 ^ v2)) + (v3 | v4) + 0x1	16	15	22	W→W
neureduce:212	0x8 * (v0 & v1) + 0x9 * ~ v1 - 0x4 * v0	0x4 * ~ (v0 ^ v1) + 0x5 * ~ v1	0x4 * ~ (v0 ^ v1) + 0x5 * ~ v1	10	9	11	W→W
neureduce:219	-0x7 - 0x5 * v0 - (v1 & ~ v0)	-0x7 - 0x5 * v0 - v1 + (v0 & v1)	(v0 | ~ v1) + 0x5 * ~ v0 - 0x1	9	9	11	W→W
neureduce:241	(-0x1) * ~ v0	0x1 + v0	(-0x1) * ~ v0	3	3	3	T→T
neureduce:266	v3 + 0x2 * ~ (v0 & (v1 ^ v2)) + (v1 ^ v2)	v3 - 0x2 - 0x2 * (v0 & (v1 ^ v2)) + (v1 ^ v2)	(~ v0 & (v1 ^ v2)) - (v0 & (v1 ^ v2)) + v3 - 0x2	12	12	16	W→W
neureduce:281	(-0x1) * ~ (v0 | v1)	0x1 + (v0 | v1)	-(v0 | ~ v1) - ~ v0 - 0x1	5	5	11	W→W
neureduce:288	0x3 * ~ v1 + 0x4 * (v0 & v1) - 0x2 * v0	~ v1 + 0x2 * ~ (v0 ^ v1)	0x2 * ~ (v0 ^ v1) + ~ v1	10	8	9	L→W
neureduce:289	(-0x1) * ~ (v0 | v1)	0x1 + (v0 | v1)	(-0x1) * ~ (v0 | v1)	5	5	5	T→T
neureduce:296	v3 - 0x2 * ~ (v0 | v1)	v3 + 0x2 + 0x2 * (v0 | v1)	(-0x1) * 0x2 * (~ v0 & ~ v1) + v3	7	7	10	W→W
neureduce:302	(-0x1) * ~ v0	0x1 + v0	v0 + 0x1	3	3	3	T→T
neureduce:305	(-0x1) * ~ (v0 | v1)	0x1 + (v0 | v1)	(-0x1) * (~ v0 & ~ v1)	5	5	6	W→W
neureduce:324	v3 + 0x3 * (v1 ^ v2) - 0x2 * ~ (v0 & (v1 ^ v2))	v3 + 0x2 + 0x2 * (v0 & (v1 ^ v2)) + 0x3 * (v1 ^ v2)	0x3 * (~ v0 & (v1 ^ v2)) + 0x5 * (v0 & (v1 ^ v2)) + v3 + 0x2	13	13	18	W→W
neureduce:325	-0x4 * (v1 ^ v2) - ~ (v3 & v4)	0x1 - 0x4 * (v1 ^ v2) + (v3 & v4)	(-0x1) * 0x4 * (~ v0 & (v1 ^ v2)) - 0x4 * (v0 & (v1 ^ v2)) + (v3 & v4) + 0x1	10	9	22	W→W
neureduce:339	(-0x1) * ~ v0	0x1 + v0	v0 + 0x1	3	3	3	T→T
neureduce:345	-0x3 * v1 - ~ v0	0x1 + v0 - 0x3 * v1	v0 - 0x3 * v1 + 0x1	6	5	7	W→W
neureduce:372	(-0x1) * ~ (v0 | v1)	0x1 + (v0 | v1)	(-0x1) * (~ v0 & ~ v1)	5	5	6	W→W
neureduce:389	(-0x1) * ~ v0	0x1 + v0	v0 + 0x1	3	3	3	T→T
neureduce:391	0x2 * ~ (v0 & (v1 ^ v2)) + (v1 ^ v2)	-0x2 - 0x2 * (v0 & (v1 ^ v2)) + (v1 ^ v2)	(~ v0 & (v1 ^ v2)) - (v0 & (v1 ^ v2)) - 0x2	11	11	15	W→W
neureduce:402	-~ (v0 | v1) + (v3 | v4)	0x1 + (v0 | v1) + (v3 | v4)	-(~ v0 & ~ v1) + (v3 | v4)	9	8	10	W→W
neureduce:416	-0x5 * (v0 & (v1 ^ v2)) - ~ (v1 ^ v2)	0x1 - 0x5 * (v0 & (v1 ^ v2)) + (v1 ^ v2)	(~ v0 & (v1 ^ v2)) - 0x4 * (v0 & (v1 ^ v2)) + 0x1	12	11	16	W→W
neureduce:417	0x1 - v0 - v1 + (v0 & v1) - v2 + (v0 & v2) + (v1 & v2) - (v0 & v1 & v2) - v3 - v4 + (v3 & v4)	0x1 - (v2 | v0 | v1) - (v3 | v4)	-(v0 | v1 | v2) - (v3 | v4) + 0x1	29	11	11	L→T
neureduce:430	0x2 * ~ (v0 & (v1 ^ v2)) + (v1 ^ v2)	-0x2 - 0x2 * (v0 & (v1 ^ v2)) + (v1 ^ v2)	(~ v0 & (v1 ^ v2)) - (v0 & (v1 ^ v2)) - 0x2	11	11	15	W→W
neureduce:431	-0x2 * ~ (v0 | v1) - (v3 & v4)	0x2 + 0x2 * (v0 | v1) - (v3 & v4)	(-0x1) * 0x2 * (~ v0 & ~ v1) - (v3 & v4)	10	10	13	W→W
neureduce:433	0x2 * ~ (v0 & (v1 ^ v2)) - 0x5 * (v1 ^ v2) + (v3 & v4)	-0x2 - 0x5 * (v1 ^ v2) - 0x2 * (v0 & (v1 ^ v2)) + (v3 & v4)	(-0x1) * 0x5 * (~ v0 & (v1 ^ v2)) - 0x7 * (v0 & (v1 ^ v2)) + (v3 & v4) - 0x2	15	15	23	W→W
neureduce:440	-0x2 * (v1 ^ v2) - ~ (v3 | v4)	0x1 - 0x2 * (v1 ^ v2) + (v3 | v4)	(-0x1) * 0x2 * (~ v0 & (v1 ^ v2)) - 0x2 * (v0 & (v1 ^ v2)) + (v3 | v4) + 0x1	10	9	22	W→W
neureduce:454	0x4 * ~ v0 + 0x8 * (v0 & v1)	-0x4 - 0x4 * v0 + 0x8 * (v0 & v1)	0x4 * (v0 & v1) + 0x4 * ~ (v0 & ~ v1)	8	8	13	W→W
neureduce:455	0x8 * (v0 & v1) + 0x9 * ~ v1 - 0x4 * v0	0x4 * ~ (v0 ^ v1) + 0x5 * ~ v1	0x4 * ~ (v0 ^ v1) + 0x5 * ~ v1	10	9	11	W→W
neureduce:461	0x6 * (v0 & v1) - 0x7 * v1 - ~ v0	0x1 + v0 - 0x7 * v1 + 0x6 * (v0 & v1)	(v0 & ~ v1) - 0x7 * (~ v0 & v1) + 0x1	10	9	13	W→W
neureduce:482	-0x7 * v0 - 0x3 * ~ v1	0x3 + 0x3 * v1 - 0x7 * v0	(-0x1) * 0x7 * v0 - 0x3 * ~ v1	6	6	10	W→W
neureduce:489	-0x2 * ~ (v0 ^ v1) + (v3 & v4)	0x2 + 0x2 * (v0 ^ v1) + (v3 & v4)	(-0x1) * 0x2 * (v0 ^ ~ v1) + (v3 & v4)	9	9	11	W→W
neureduce:498	0x2 * (v0 & v2 & v1) - ~ (v0 ^ v2) - (v2 & v1)	(-0x1) * (~ v0 ^ ~ v1 & v2)	(-0x1) * (~ v0 ^ ~ v1 & v2)	15	8	8	L→T
neureduce:533	0xa * ~ v0 + 0x15 * (v0 & v1) - 0xa * v1	-0xa - 0xa * v0 - 0xa * v1 + 0x15 * (v0 & v1)	0x1 * (v0 & v1) + 0xa * ~ (v0 ^ v1)	10	10	12	W→W
neureduce:560	0x2 * ~ (v2 ^ v0) + 0x2 * (v1 & v2) - 0x4 * (v1 & v2 & v0)	0x2 * (~ v0 ^ ~ v1 & v2)	0x2 * (~ v0 ^ ~ v1 & v2)	15	8	9	L→W
neureduce:562	0x6 * ~ v0 - (v1 & ~ v0)	-0x6 - 0x6 * v0 - v1 + (v0 & v1)	(v0 | ~ v1) + 0x6 * ~ v0 + 0x1	9	9	10	W→W
neureduce:565	(-0x1) * ~ (v0 | v1)	0x1 + (v0 | v1)	(-0x1) * (~ v0 & ~ v1)	5	5	6	W→W
neureduce:573	0x2 * ((v1 ^ v2) & ~ v0) - ~ (v3 & v4)	0x1 + 0x2 * ((v1 ^ v2) & ~ v0) + (v3 & v4)	0x2 * (~ v0 & (v1 ^ v2)) + (v3 & v4) + 0x1	13	12	13	T→W
neureduce:599	-0xd * (v0 & (v1 ^ v2)) - 0x2 * ~ (v1 ^ v2) - v3	0x2 + 0x2 * (v1 ^ v2) - 0xd * (v0 & (v1 ^ v2)) - v3	0x2 * (~ v0 & (v1 ^ v2)) - 0xb * (v0 & (v1 ^ v2)) - v3 + 0x2	14	14	20	W→W
neureduce:610	-0x2 * ~ (v0 | v1) + (v3 | v4)	0x2 + 0x2 * (v0 | v1) + (v3 | v4)	(-0x1) * 0x2 * (~ v0 & ~ v1) + (v3 | v4)	9	9	12	W→W
neureduce:612	0x2 * (v1 ^ v2) - 0x3 * (v0 & (v1 ^ v2)) - ~ v3	v3 + 0x1 + 0x2 * (v1 ^ v2) - 0x3 * (v0 & (v1 ^ v2))	0x2 * (~ v0 & (v1 ^ v2)) - (v0 & (v1 ^ v2)) + v3 + 0x1	14	13	17	W→W
neureduce:637	(-0x1) * ~ (v0 | v1)	0x1 + (v0 | v1)	(-0x1) * (~ v0 & ~ v1)	5	5	6	W→W
neureduce:688	0x3 * ~ v0 + 0x4 * (v0 & v1) - 0x3 * v1	-0x3 - 0x3 * v0 - 0x3 * v1 + 0x4 * (v0 & v1)	-(v0 ^ v1) + 0x2 * ~ (v0 | v1) - 0x1	10	10	13	W→W
neureduce:721	-0x7 * (v0 & (v1 ^ v2)) - ~ (v1 ^ v2) - (v3 | v4)	0x1 - 0x7 * (v0 & (v1 ^ v2)) - (v3 | v4) + (v1 ^ v2)	(~ v0 & (v1 ^ v2)) - 0x6 * (v0 & (v1 ^ v2)) - (v3 | v4) + 0x1	16	15	20	W→W
neureduce:722	-0x3 * ~ v0 - 0x2 * (v0 & v1)	0x3 + 0x3 * v0 - 0x2 * (v0 & v1)	(-0x1) * 0x3 * (~ v0 | v1) - ~ (v0 & v1) - 0x1	8	8	15	W→W
neureduce:726	-0x2 * v0 - 0x2 * v1 - ~ (v0 & v1)	0x1 - 0x2 * v0 - 0x2 * v1 + (v0 & v1)	-(v0 & v1) - 0x2 * (v0 | v1) + 0x1	10	9	12	W→W
neureduce:727	0x3 * ~ v1 + 0x6 * (v0 & v1) - 0x2 * v0	-0x3 - 0x2 * v0 - 0x3 * v1 + 0x6 * (v0 & v1)	0x3 * ~ (v0 ^ v1) + 0x1 * v0	10	10	10	T→T
neureduce:732	0x2 * (~ v1 | v0) - v0	~ v1 + ~ (v0 ^ v1)	0x2 * (v0 | ~ v1) + ~ v0 + 0x1	8	7	10	W→W
neureduce:803	(-0x1) * ~ (v0 | v1)	0x1 + (v0 | v1)	(-0x1) * (~ v0 & ~ v1)	5	5	6	W→W
neureduce:820	(-0x1) * ~ (v0 | v1)	0x1 + (v0 | v1)	(-0x1) * (~ v0 & ~ v1)	5	5	6	W→W
neureduce:824	0x3 * (v0 & (v1 ^ v2)) - 0x2 * (v1 ^ v2) - ~ (v3 | v4)	0x1 + 0x3 * (v0 & (v1 ^ v2)) - 0x2 * (v1 ^ v2) + (v3 | v4)	(-0x1) * 0x2 * (~ v0 & (v1 ^ v2)) + (v0 & (v1 ^ v2)) + (v3 | v4) + 0x1	16	15	19	W→W
neureduce:864	-0x5 * ~ (v0 | v1) + (v3 & v4)	0x5 + 0x5 * (v0 | v1) + (v3 & v4)	(-0x1) * 0x5 * (~ v0 & ~ v1) + (v3 & v4)	9	9	12	W→W
neureduce:873	0x2 * (v0 & v2 & v1) - ~ (v0 ^ v2) - (v2 & v1)	(-0x1) * (~ v0 ^ ~ v1 & v2)	(-0x1) * (~ v0 ^ ~ v1 & v2)	15	8	8	L→T
neureduce:877	0x2 * (v1 & v0) - 0x3 * v0 - ~ v1	0x1 + v1 - 0x3 * v0 + 0x2 * (v1 & v0)	(-0x1) * 0x3 * (v0 & ~ v1) + (~ v0 & v1) + 0x1	10	9	13	W→W
neureduce:886	v0 + 0x2 * ~ v1 - 0x2 * (v0 & v1)	-0x2 + v0 - 0x2 * v1 - 0x2 * (v0 & v1)	-~ (v0 ^ v1) + 0x3 * ~ v1	9	9	10	W→W
neureduce:910	0x3 * v1 - 0x9 * (v1 & v0) - 0x6 * ~ v0	0x6 + 0x3 * v1 + 0x6 * v0 - 0x9 * (v1 & v0)	(-0x1) * 0x3 * ~ (v0 ^ v1) - 0x3 * ~ (v0 & ~ v1)	10	10	16	W→W
neureduce:912	-0x9 - (v1 & ~ v0)	-0x9 - v1 + (v1 & v0)	0x8 * ~ (v0 & ~ v0) + 0x1 * (v0 | ~ v1)	7	7	14	W→W
neureduce:942	0x4 * ~ v0 + 0x5 * (v0 & v1) - 0x4 * v1	-0x4 - 0x4 * v0 - 0x4 * v1 + 0x5 * (v0 & v1)	-(v0 ^ v1) + 0x3 * ~ (v0 | v1) - 0x1	10	10	13	W→W
neureduce:947	(-0x1) * ~ (v0 | v1)	0x1 + (v0 | v1)	(-0x1) * (~ v0 & ~ v1)	5	5	6	W→W
neureduce:958	0x7 * v0 - 0xa * (v1 & v0) - 0x3 * ~ v1	0x3 + 0x3 * v1 + 0x7 * v0 - 0xa * (v1 & v0)	(-0x1) * 0x7 * ~ (v0 ^ v1) + 0x4 * (v0 | ~ v1)	10	10	14	W→W
neureduce:992	0x3 * v0 + 0x3 * ~ v1 - 0x6 * (v0 & v1)	0x6 * ~ v1 - 0x3 * ~ (v0 ^ v1)	(-0x1) * 0x3 * ~ (v0 ^ v1) + 0x6 * ~ v1	10	9	12	W→W
neureduce:1007	-0x9 - 0x8 * v0 - (v1 & ~ v0)	-0x9 - 0x8 * v0 - v1 + (v0 & v1)	(v0 | ~ v1) + 0x8 * ~ v0	9	9	9	T→T
neureduce:1023	0x3 * v0 - ~ v1	0x1 + v1 + 0x3 * v0	0x3 * v0 + v1 + 0x1	6	5	6	T→W
neureduce:1025	-0x2 * (v2 | v0 | v1) - ~ (v3 & v4)	0x1 - 0x2 * (v2 | v0 | v1) + (v3 & v4)	(-0x1) * 0x2 * (v0 | v1 | v2) + (v3 & v4) + 0x1	11	10	12	W→W
neureduce:1031	-0x3 * (v0 & (v1 ^ v2)) - ~ v3 + (v1 ^ v2)	v3 + 0x1 - 0x3 * (v0 & (v1 ^ v2)) + (v1 ^ v2)	(~ v0 & (v1 ^ v2)) - 0x2 * (v0 & (v1 ^ v2)) + v3 + 0x1	13	12	17	W→W
neureduce:1039	0x4 * (v0 & v2 & v1) - 0x2 * ~ (v0 ^ v2) - 0x2 * (v2 & v1)	(-0x2) * (~ v0 ^ ~ v1 & v2)	(-0x1) * 0x2 * (~ v0 ^ ~ v1 & v2)	15	8	10	L→W
neureduce:1050	(-0x1) * ~ (v0 & v1)	0x1 + (v0 & v1)	(-0x1) * ~ (v0 & v1)	5	5	5	T→T
neureduce:1083	v3 + 0x2 * ~ (v1 ^ v2) - (v0 & (v1 ^ v2))	v3 - 0x2 - 0x2 * (v1 ^ v2) - (v0 & (v1 ^ v2))	(-0x1) * 0x2 * (~ v0 & (v1 ^ v2)) - 0x3 * (v0 & (v1 ^ v2)) + v3 - 0x2	13	13	21	W→W
neureduce:1084	0x2 * ~ (v0 & (v1 ^ v2)) + 0x3 * (v1 ^ v2) + (v3 | v4)	-0x2 + 0x3 * (v1 ^ v2) - 0x2 * (v0 & (v1 ^ v2)) + (v3 | v4)	0x3 * (~ v0 & (v1 ^ v2)) + (v0 & (v1 ^ v2)) + (v3 | v4) - 0x2	15	15	19	W→W
neureduce:1091	(-0x1) * ~ (v0 | v1)	0x1 + (v0 | v1)	(-0x1) * (~ v0 & ~ v1)	5	5	6	W→W
neureduce:1114	0x1 - (v1 & ~ v0)	0x1 - v1 + (v1 & v0)	-(~ v0 & v1) + 0x1	7	7	7	T→T
neureduce:1117	-0x5 * ~ (v0 ^ v1) - (v3 | v4)	0x5 + 0x5 * (v0 ^ v1) - (v3 | v4)	(-0x1) * 0x5 * (v0 ^ ~ v1) - (v3 | v4)	10	10	12	W→W
neureduce:1139	v1 - 0x2 * ~ (v1 & v0) - v0	0x2 + v1 - v0 + 0x2 * (v1 & v0)	~ (v0 ^ v1) - 0x2 * ~ v1 + 0x1	9	9	11	W→W
neureduce:1148	-0x4 * ~ (v0 | v1) - (v3 & v4)	0x4 + 0x4 * (v0 | v1) - (v3 & v4)	(-0x1) * 0x4 * (~ v0 & ~ v1) - (v3 & v4)	10	10	13	W→W
neureduce:1158	-v3 - ~ (v1 ^ v2)	0x1 - v3 + (v1 ^ v2)	(~ v0 & (v1 ^ v2)) + (v0 & (v1 ^ v2)) - v3 + 0x1	8	7	15	W→W
neureduce:1162	(-0x1) * ~ (v0 | v1)	0x1 + (v0 | v1)	(-0x1) * (~ v0 & ~ v1)	5	5	6	W→W
neureduce:1179	(-0x1) * ~ (v0 & v1)	0x1 + (v0 & v1)	(-0x1) * ~ (v0 & v1)	5	5	5	T→T
neureduce:1187	0x8 * ~ (v0 | v1) + (v3 | v4)	-0x8 - 0x8 * (v0 | v1) + (v3 | v4)	0x8 * (~ v0 & ~ v1) + (v3 | v4)	9	9	11	W→W
neureduce:1190	0x2 * (v0 & (v1 ^ v2)) - ~ (v3 | v4) - (v1 ^ v2)	0x1 + 0x2 * (v0 & (v1 ^ v2)) - (v1 ^ v2) + (v3 | v4)	-(~ v0 & (v1 ^ v2)) + (v0 & (v1 ^ v2)) + (v3 | v4) + 0x1	16	15	17	W→W
neureduce:1192	-0x2 * (v0 & (v1 ^ v2)) - ~ (v1 ^ v2)	0x1 - 0x2 * (v0 & (v1 ^ v2)) + (v1 ^ v2)	(~ v0 & (v1 ^ v2)) - (v0 & (v1 ^ v2)) + 0x1	12	11	14	W→W
neureduce:1225	0x2 * ((v1 ^ v2) & ~ v0) - ~ (v3 | v4)	0x1 + 0x2 * ((v1 ^ v2) & ~ v0) + (v3 | v4)	0x2 * (~ v0 & (v1 ^ v2)) + (v3 | v4) + 0x1	13	12	13	T→W
neureduce:1233	0x3 * ~ v0 + (v1 & ~ v0)	-0x3 - 0x3 * v0 + (v1 & ~ v0)	-(v0 | ~ v1) + 0x3 * ~ v0 - 0x1	8	8	12	W→W
neureduce:1246	-0x2 * (v0 & (v1 ^ v2)) - ~ v3 + (v1 ^ v2)	v3 + 0x1 - 0x2 * (v0 & (v1 ^ v2)) + (v1 ^ v2)	(~ v0 & (v1 ^ v2)) - (v0 & (v1 ^ v2)) + v3 + 0x1	13	12	15	W→W
neureduce:1266	0x5 * ~ v0 + 0xa * (v0 & v1) - 0x6 * v1	-0x5 - 0x5 * v0 - 0x6 * v1 + 0xa * (v0 & v1)	0x5 * ~ (v0 ^ v1) + ~ v1 + 0x1	10	10	10	T→T
neureduce:1272	0x2 * ~ (v0 & (v1 ^ v2)) - (v1 ^ v2)	-0x2 - 0x2 * (v0 & (v1 ^ v2)) - (v1 ^ v2)	-(~ v0 & (v1 ^ v2)) - 0x3 * (v0 & (v1 ^ v2)) - 0x2	12	12	18	W→W
neureduce:1288	(-0x1) * ~ v1	0x1 + v1	v1 + 0x1	3	3	3	T→T
neureduce:1294	v3 - 0x2 * ~ (v1 ^ v2) - (v0 & (v1 ^ v2))	v3 + 0x2 + 0x2 * (v1 ^ v2) - (v0 & (v1 ^ v2))	0x2 * (~ v0 & (v1 ^ v2)) + (v0 & (v1 ^ v2)) + v3 + 0x2	13	13	16	W→W
neureduce:1343	0x7 * (v0 & ~ v1) - ~ v1	v1 + 0x1 + 0x7 * (v0 & ~ v1)	(-0x1) * 0x7 * ~ (v0 | v1) + 0x6 * ~ v1	9	8	12	W→W
neureduce:1394	(-0x1) * ~ (v0 | v1)	0x1 + (v0 | v1)	(-0x1) * (~ v0 & ~ v1)	5	5	6	W→W
neureduce:1402	0x2 * ~ (v1 ^ v2) + 0x4 * (v0 & (v1 ^ v2)) - (v3 & v4)	-0x2 + 0x4 * (v0 & (v1 ^ v2)) - 0x2 * (v1 ^ v2) - (v3 & v4)	(-0x1) * 0x2 * (~ v0 & (v1 ^ v2)) + 0x2 * (v0 & (v1 ^ v2)) - (v3 & v4) - 0x2	16	16	23	W→W
neureduce:1405	0x2 * v1 + 0x2 * v2 - 0x4 * (v1 & (v0 ^ v2)) - 0x4 * (v2 & v0) - ~ (v3 | v4)	0x1 + 0x2 * v1 + 0x2 * v2 - 0x4 * (v1 & (v0 ^ v2)) - 0x4 * (v2 & v0) + (v3 | v4)	0x2 * (~ v0 & (v1 ^ v2)) - 0x2 * (v0 & (v1 ^ v2)) + (v3 | v4) + 0x1	20	19	21	W→W
neureduce:1410	(-0x1) * ~ (v0 | v1)	0x1 + (v0 | v1)	(-0x1) * (~ v0 & ~ v1)	5	5	6	W→W
neureduce:1431	(-0x1) * ~ (v0 | v1)	0x1 + (v0 | v1)	(-0x1) * (~ v0 & ~ v1)	5	5	6	W→W
neureduce:1441	(-0x1) * ~ v1	0x1 + v1	v1 + 0x1	3	3	3	T→T
neureduce:1447	-0x7 * ((v1 ^ v2) & ~ v0) - ~ v3	v3 + 0x1 - 0x7 * ((v1 ^ v2) & ~ v0)	(-0x1) * 0x7 * (~ v0 & (v1 ^ v2)) + v3 + 0x1	11	10	12	W→W
neureduce:1456	-0x6 * ~ v0 - (v1 & ~ v0)	0x6 + 0x6 * v0 - v1 + (v0 & v1)	(v0 | ~ v1) - 0x6 * ~ v0 + 0x1	9	9	11	W→W
neureduce:1467	0x5 * ~ v0 - (v1 & ~ v0)	-0x5 - 0x5 * v0 - v1 + (v0 & v1)	(v0 | ~ v1) + 0x5 * ~ v0 + 0x1	9	9	10	W→W
neureduce:1487	-0x8 * (v1 ^ v2) - ~ (v0 & (v1 ^ v2))	0x1 - 0x8 * (v1 ^ v2) + (v0 & (v1 ^ v2))	(-0x1) * 0x8 * (~ v0 & (v1 ^ v2)) - 0x7 * (v0 & (v1 ^ v2)) + 0x1	12	11	19	W→W
neureduce:1489	(-0x1) * ~ (v0 ^ v1)	0x1 + (v0 ^ v1)	(-0x1) * ~ (v0 ^ v1)	5	5	5	T→T
neureduce:1507	0x2 * (v0 & v2 & v1) - ~ (v0 ^ v2) - (v2 & v1)	(-0x1) * (~ v0 ^ ~ v1 & v2)	(-0x1) * (~ v0 ^ ~ v1 & v2)	15	8	8	L→T
neureduce:1520	-0x2 * (v1 ^ v2) - v3 - ~ (v0 & (v1 ^ v2))	0x1 - 0x2 * (v1 ^ v2) - v3 + (v0 & (v1 ^ v2))	(-0x1) * 0x2 * (~ v0 & (v1 ^ v2)) - (v0 & (v1 ^ v2)) - v3 + 0x1	14	13	19	W→W
neureduce:1533	v3 + 0x2 * ~ (v0 | v1)	v3 - 0x2 - 0x2 * (v0 | v1)	0x2 * (~ v0 & ~ v1) + v3	7	7	9	W→W
neureduce:1550	-0x3 * (v0 & (v1 ^ v2)) - 0x2 * (v1 ^ v2) - ~ (v3 & v4)	0x1 - 0x3 * (v0 & (v1 ^ v2)) - 0x2 * (v1 ^ v2) + (v3 & v4)	(-0x1) * 0x2 * (~ v0 & (v1 ^ v2)) - 0x5 * (v0 & (v1 ^ v2)) + (v3 & v4) + 0x1	16	15	22	W→W
neureduce:1552	(-0x1) * ~ v0	0x1 + v0	v0 + 0x1	3	3	3	T→T
neureduce:1554	0x4 * ~ v1 + 0xa * (v0 & v1) - 0x5 * v0	0x5 * ~ (v0 ^ v1) - ~ v1	0x5 * ~ (v0 ^ v1) - ~ v1	10	9	10	T→W
neureduce:1555	(-0x1) * ~ (v0 & v1)	0x1 + (v0 & v1)	(-0x1) * ~ (v0 & v1)	5	5	5	T→T
neureduce:1562	0x6 + 0x7 * v0 - (v1 & ~ v0)	0x6 + 0x7 * v0 - v1 + (v0 & v1)	(v0 | ~ v1) - 0x7 * ~ v0	9	9	10	W→W
neureduce:1583	-0x3 * (v0 & (v1 ^ v2)) - ~ v3 + (v1 ^ v2)	v3 + 0x1 - 0x3 * (v0 & (v1 ^ v2)) + (v1 ^ v2)	(~ v0 & (v1 ^ v2)) - 0x2 * (v0 & (v1 ^ v2)) + v3 + 0x1	13	12	17	W→W
neureduce:1624	0x3 * ~ v0 + 0x4 * (v0 & v1) - 0x3 * v1	-0x3 - 0x3 * v0 - 0x3 * v1 + 0x4 * (v0 & v1)	-(v0 ^ v1) + 0x2 * ~ (v0 | v1) - 0x1	10	10	13	W→W
neureduce:1634	0x2 * (v0 & v1) - 0x3 * ~ v1 - v0	~ (v0 ^ v1) - 0x4 * ~ v1	~ (v0 ^ v1) - 0x4 * ~ v1	10	8	10	T→W
neureduce:1677	0x2 * ~ (v0 | v1) - (v3 | v4)	-0x2 - 0x2 * (v0 | v1) - (v3 | v4)	0x2 * (~ v0 & ~ v1) - (v3 | v4)	10	10	12	W→W
neureduce:1715	-0x2 * (v1 ^ v2) - ~ (v0 & (v1 ^ v2)) - (v3 | v4)	0x1 - 0x2 * (v1 ^ v2) - (v3 | v4) + (v0 & (v1 ^ v2))	(-0x1) * 0x2 * (~ v0 & (v1 ^ v2)) - (v0 & (v1 ^ v2)) - (v3 | v4) + 0x1	16	15	21	W→W
neureduce:1722	-0x5 * ~ (v0 | v1) - (v3 | v4)	0x5 + 0x5 * (v0 | v1) - (v3 | v4)	(-0x1) * 0x5 * (~ v0 & ~ v1) - (v3 | v4)	10	10	13	W→W
neureduce:1742	v0 - (v1 & ~ v0)	v0 - v1 + (v0 & v1)	(v0 | ~ v1) - ~ v0	7	7	8	W→W
neureduce:1752	(-0x1) * ~ (v0 | v1)	0x1 + (v0 | v1)	(-0x1) * (~ v0 & ~ v1)	5	5	6	W→W
neureduce:1759	(-0x1) * ~ v1	0x1 + v1	v1 + 0x1	3	3	3	T→T
neureduce:1760	(-0x1) * ~ (v0 | v1)	0x1 + (v0 | v1)	(-0x1) * (~ v0 & ~ v1)	5	5	6	W→W
neureduce:1770	0x2 - 0x4 * v0 - 0x4 * v1 + 0x4 * (v0 & v1) - 0x4 * v2 + 0x4 * (v0 & v2) + 0x4 * (v1 & v2) - 0x4 * (v0 & v1 & v2) - v3 - v4 + (v3 & v4)	0x2 - 0x4 * (v2 | v0 | v1) - (v3 | v4)	(-0x1) * 0x4 * (v0 | v1 | v2) - (v3 | v4) + 0x2	32	11	13	L→W
neureduce:1771	0x2 * (v0 & v1) + 0x7 * v1 - 0x7 * ~ v0	0x7 + 0x7 * v0 + 0x7 * v1 + 0x2 * (v0 & v1)	(-0x1) * 0x7 * ~ (v0 | v1) + 0x9 * (v0 & v1)	10	10	13	W→W
neureduce:1777	-0x4 - 0x3 * v0 - (v1 & ~ v0)	-0x4 - 0x3 * v0 - v1 + (v0 & v1)	(v0 | ~ v1) + 0x3 * ~ v0	9	9	9	T→T
neureduce:1796	-~ (v3 & v4) + (v1 ^ v2)	0x1 + (v3 & v4) + (v1 ^ v2)	(~ v0 & (v1 ^ v2)) + (v0 & (v1 ^ v2)) + (v3 & v4) + 0x1	9	8	16	W→W
neureduce:1799	0x9 - 0xa * v0 - (v1 & ~ v0)	0x9 - 0xa * v0 - v1 + (v0 & v1)	(-0x1) * 0x9 * (v0 | ~ v1) - 0xa * (v0 | v1)	9	9	14	W→W
neureduce:1821	(-0x1) * ~ v0	0x1 + v0	v0 + 0x1	3	3	3	T→T
neureduce:1835	-0x2 * (v2 | v0 | v1) - ~ (v3 & v4)	0x1 - 0x2 * (v2 | v0 | v1) + (v3 & v4)	(-0x1) * 0x2 * (v0 | v1 | v2) + (v3 & v4) + 0x1	11	10	12	W→W
neureduce:1857	(-0x1) * ~ (v0 | v1)	0x1 + (v0 | v1)	(-0x1) * (~ v0 & ~ v1)	5	5	6	W→W
neureduce:1872	0x2 * ~ (v1 ^ v2) + 0x3 * (v0 & (v1 ^ v2)) - (v3 | v4)	-0x2 + 0x3 * (v0 & (v1 ^ v2)) - 0x2 * (v1 ^ v2) - (v3 | v4)	(-0x1) * 0x2 * (~ v0 & (v1 ^ v2)) + (v0 & (v1 ^ v2)) - (v3 | v4) - 0x2	16	16	21	W→W
neureduce:1882	(-0x1) * ~ (v0 | v1)	0x1 + (v0 | v1)	(-0x1) * (~ v0 & ~ v1)	5	5	6	W→W
neureduce:1916	-0xa * (v0 & v1) - 0x5 * ~ v0	0x5 + 0x5 * v0 - 0xa * (v0 & v1)	(-0x1) * 0x5 * ~ (v0 & ~ v1) - 0x5 * (v0 & v1)	8	8	15	W→W
neureduce:1944	-0x4 * (v0 & (v1 ^ v2)) - ~ (v1 ^ v2)	0x1 - 0x4 * (v0 & (v1 ^ v2)) + (v1 ^ v2)	(~ v0 & (v1 ^ v2)) - 0x3 * (v0 & (v1 ^ v2)) + 0x1	12	11	16	W→W
neureduce:1969	(-0x1) * ~ (v0 | v1)	0x1 + (v0 | v1)	(-0x1) * (~ v0 & ~ v1)	5	5	6	W→W
neureduce:1978	0x8 * (v0 & (v1 ^ v2)) - 0x2 * ~ (v1 ^ v2) - (v3 & v4)	0x2 + 0x2 * (v1 ^ v2) + 0x8 * (v0 & (v1 ^ v2)) - (v3 & v4)	0x2 * (~ v0 & (v1 ^ v2)) + 0xa * (v0 & (v1 ^ v2)) - (v3 & v4) + 0x2	16	16	21	W→W
neureduce:1998	-0x4 * (v1 ^ v2) - ~ (v3 & v4)	0x1 - 0x4 * (v1 ^ v2) + (v3 & v4)	(-0x1) * 0x4 * (~ v0 & (v1 ^ v2)) - 0x4 * (v0 & (v1 ^ v2)) + (v3 & v4) + 0x1	10	9	22	W→W
neureduce:2010	0xa * ~ v1 - 0xa * (v1 & v0)	-0xa - 0xa * v1 - 0xa * (v1 & v0)	(-0x1) * 0xa * v1 + 0xa * ~ (v0 & v1)	8	8	11	W→W
neureduce:2036	0x2 * v0 - 0xb * (v0 & v1) - 0x9 * ~ v1	0x9 + 0x2 * v0 + 0x9 * v1 - 0xb * (v0 & v1)	(-0x1) * 0x9 * (v0 | ~ v1) + 0x2 * (v0 & ~ v1)	10	10	14	W→W
neureduce:2056	0x5 * (v0 & v1) + 0x6 * ~ v0 - 0x6 * v1	-0x6 - 0x6 * v0 - 0x6 * v1 + 0x5 * (v0 & v1)	(v0 ^ v1) + 0x7 * ~ (v0 | v1) + 0x1	10	10	11	W→W
neureduce:2063	(-0x1) * ~ v1	0x1 + v1	(-0x1) * ~ v1	3	3	3	T→T
neureduce:2078	0x2 * ~ (v0 & (v1 ^ v2)) - (v3 & v4) - (v1 ^ v2)	-0x2 - 0x2 * (v0 & (v1 ^ v2)) - (v3 & v4) - (v1 ^ v2)	-(~ v0 & (v1 ^ v2)) - 0x3 * (v0 & (v1 ^ v2)) - (v3 & v4) - 0x2	16	16	22	W→W
neureduce:2088	v1 - ~ v0	0x1 + v0 + v1	v0 + v1 + 0x1	5	4	4	L→T
neureduce:2132	0x5 * v0 - 0xa * (v1 & v0) - 0x4 * ~ v1	~ v1 - 0x5 * ~ (v0 ^ v1)	(-0x1) * 0x5 * ~ (v0 ^ v1) + 0x1 * ~ v1	10	8	12	W→W
neureduce:2139	-0x6 * v1 - ~ v0	0x1 + v0 - 0x6 * v1	v0 - 0x6 * v1 + 0x1	6	5	7	W→W
neureduce:2140	0x3 * (v0 & (v1 ^ v2)) - ~ (v1 ^ v2)	0x1 + 0x3 * (v0 & (v1 ^ v2)) + (v1 ^ v2)	(~ v0 & (v1 ^ v2)) + 0x4 * (v0 & (v1 ^ v2)) + 0x1	12	11	15	W→W
neureduce:2152	-0x2 * (v1 ^ v2) - ~ (v3 | v4)	0x1 - 0x2 * (v1 ^ v2) + (v3 | v4)	(-0x1) * 0x2 * (~ v0 & (v1 ^ v2)) - 0x2 * (v0 & (v1 ^ v2)) + (v3 | v4) + 0x1	10	9	22	W→W
neureduce:2217	(-0x1) * ~ (v0 | v1)	0x1 + (v0 | v1)	(-0x1) * (~ v0 & ~ v1)	5	5	6	W→W
neureduce:2223	0x1 - (v0 & ~ v1)	0x1 - v0 + (v0 & v1)	-(v0 & ~ v1) + 0x1	7	7	7	T→T
neureduce:2278	(-0x1) * ~ v0	0x1 + v0	(-0x1) * ~ v0	3	3	3	T→T
neureduce:2286	v3 - 0x6 * (v1 ^ v2) - 0x2 * ~ (v0 & (v1 ^ v2))	v3 + 0x2 + 0x2 * (v0 & (v1 ^ v2)) - 0x6 * (v1 ^ v2)	(-0x1) * 0x6 * (~ v0 & (v1 ^ v2)) - 0x4 * (v0 & (v1 ^ v2)) + v3 + 0x2	13	13	20	W→W
neureduce:2326	-0x3 * ~ v0 + (v1 & ~ v0)	0x3 + 0x3 * v0 + (v1 & ~ v0)	-(v0 | ~ v1) - 0x3 * ~ v0 - 0x1	8	8	13	W→W
neureduce:2335	0x3 * (v1 & ~ v0) - 0x6 * ~ v0	0x6 + 0x3 * (v1 & ~ v0) + 0x6 * v0	(-0x1) * 0x3 * ~ (v0 | v1) - 0x3 * ~ v0	9	9	13	W→W
neureduce:2368	(-0x1) * ~ v0	0x1 + v0	v0 + 0x1	3	3	3	T→T
neureduce:2372	0x1 - (v0 & ~ v1)	0x1 - v0 + (v0 & v1)	-(v0 & ~ v1) + 0x1	7	7	7	T→T
neureduce:2387	0x6 * ~ v0 - (v1 & ~ v0)	-0x6 - 0x6 * v0 - v1 + (v0 & v1)	(v0 | ~ v1) + 0x6 * ~ v0 + 0x1	9	9	10	W→W
neureduce:2398	-0x2 * v0 - 0x2 * v1 - ~ (v0 & v1)	0x1 - 0x2 * v0 - 0x2 * v1 + (v0 & v1)	-(v0 & v1) - 0x2 * (v0 | v1) + 0x1	10	9	12	W→W
neureduce:2408	0xc * (v0 & v2 & v1) - 0x6 * ~ (v0 ^ v2) - 0x6 * (v2 & v1)	(-0x6) * (~ v0 ^ ~ v1 & v2)	(-0x1) * 0x6 * (~ v0 ^ ~ v1 & v2)	15	8	10	L→W
neureduce:2431	(-0x1) * ~ (v0 | v1)	0x1 + (v0 | v1)	(-0x1) * (~ v0 & ~ v1)	5	5	6	W→W
neureduce:2436	-0x7 - 0x6 * v0 - (v1 & ~ v0)	-0x7 - 0x6 * v0 - v1 + (v0 & v1)	(v0 | ~ v1) + 0x6 * ~ v0	9	9	9	T→T
neureduce:2446	-0x4 * (v1 ^ v2) - 0x2 * ~ (v0 & (v1 ^ v2))	0x2 + 0x2 * (v0 & (v1 ^ v2)) - 0x4 * (v1 ^ v2)	(-0x1) * 0x4 * (~ v0 & (v1 ^ v2)) - 0x2 * (v0 & (v1 ^ v2)) + 0x2	12	12	19	W→W
neureduce:2585	0x4 * ((v1 ^ v2) & ~ v0) - ~ v3	v3 + 0x1 + 0x4 * ((v1 ^ v2) & ~ v0)	0x4 * (~ v0 & (v1 ^ v2)) + v3 + 0x1	11	10	11	T→W
neureduce:2603	(-0x1) * ~ v1	0x1 + v1	v1 + 0x1	3	3	3	T→T
neureduce:2611	(-0x1) * ~ (v0 | v1)	0x1 + (v0 | v1)	(-0x1) * (~ v0 & ~ v1)	5	5	6	W→W
neureduce:2653	0x2 * ~ (v1 ^ v2) + 0x4 * (v0 & (v1 ^ v2))	-0x2 + 0x4 * (v0 & (v1 ^ v2)) - 0x2 * (v1 ^ v2)	(-0x1) * 0x2 * (~ v0 & (v1 ^ v2)) + 0x2 * (v0 & (v1 ^ v2)) - 0x2	12	12	19	W→W
neureduce:2669	0xd * (v0 & (v1 ^ v2)) - 0xb * (v1 ^ v2) - ~ v3	v3 + 0x1 + 0xd * (v0 & (v1 ^ v2)) - 0xb * (v1 ^ v2)	(-0x1) * 0xb * (~ v0 & (v1 ^ v2)) + 0x2 * (v0 & (v1 ^ v2)) + v3 + 0x1	14	13	19	W→W
neureduce:2687	0x2 * ~ (v1 ^ v2) + 0x3 * (v0 & (v1 ^ v2)) + (v3 | v4)	-0x2 + 0x3 * (v0 & (v1 ^ v2)) - 0x2 * (v1 ^ v2) + (v3 | v4)	(-0x1) * 0x2 * (~ v0 & (v1 ^ v2)) + (v0 & (v1 ^ v2)) + (v3 | v4) - 0x2	15	15	20	W→W
neureduce:2723	0x6 * (v1 ^ v2) - 0x9 * (v0 & (v1 ^ v2)) - ~ (v3 | v4)	0x1 + 0x6 * (v1 ^ v2) - 0x9 * (v0 & (v1 ^ v2)) + (v3 | v4)	0x6 * (~ v0 & (v1 ^ v2)) - 0x3 * (v0 & (v1 ^ v2)) + (v3 | v4) + 0x1	16	15	21	W→W
neureduce:2742	0x2 * ~ (v1 ^ v2) - 0x3 * (v0 & (v1 ^ v2))	-0x2 - 0x3 * (v0 & (v1 ^ v2)) - 0x2 * (v1 ^ v2)	(-0x1) * 0x2 * (~ v0 & (v1 ^ v2)) - 0x5 * (v0 & (v1 ^ v2)) - 0x2	12	12	20	W→W
neureduce:2774	v3 - 0x11 * ~ (v0 | v1)	v3 + 0x11 + 0x11 * (v0 | v1)	(-0x1) * 0x11 * (~ v0 & ~ v1) + v3	7	7	10	W→W
neureduce:2824	0x2 * (v1 ^ v2) - 0x3 * (v0 & (v1 ^ v2)) - ~ (v3 | v4)	0x1 + 0x2 * (v1 ^ v2) - 0x3 * (v0 & (v1 ^ v2)) + (v3 | v4)	0x2 * (~ v0 & (v1 ^ v2)) - (v0 & (v1 ^ v2)) + (v3 | v4) + 0x1	16	15	19	W→W
neureduce:2835	0x2 + 0x3 * v0 - (v1 & ~ v0)	0x2 + 0x3 * v0 - v1 + (v0 & v1)	(v0 | ~ v1) - 0x3 * ~ v0	9	9	10	W→W
neureduce:2897	-0x4 * ~ v0 - (v1 & ~ v0)	0x4 + 0x4 * v0 - v1 + (v0 & v1)	(v0 | ~ v1) - 0x4 * ~ v0 + 0x1	9	9	11	W→W
neureduce:2907	0x2 * ~ v1 + 0x8 * (v0 & v1) - 0x4 * v0	0x4 * ~ (v0 ^ v1) - 0x2 * ~ v1	0x4 * ~ (v0 ^ v1) - 0x2 * ~ v1	10	9	12	W→W
neureduce:2908	-0xe * (v0 & (v1 ^ v2)) - 0x2 * ~ (v1 ^ v2) - (v3 & v4)	0x2 + 0x2 * (v1 ^ v2) - 0xe * (v0 & (v1 ^ v2)) - (v3 & v4)	0x2 * (~ v0 & (v1 ^ v2)) - 0xc * (v0 & (v1 ^ v2)) - (v3 & v4) + 0x2	16	16	22	W→W
neureduce:2909	0x2 * ~ v0 - 0x6 * (v1 & ~ v0)	-0x2 - 0x6 * (v1 & ~ v0) - 0x2 * v0	0x2 * ~ (v0 | v1) - 0x4 * ~ (v0 | ~ v1)	9	9	15	W→W
neureduce:2924	(-0x1) * ~ (v0 | v1)	0x1 + (v0 | v1)	(-0x1) * (~ v0 & ~ v1)	5	5	6	W→W
neureduce:2938	0x3 * (v0 | v1) - ~ (v3 | v4)	0x1 + 0x3 * (v0 | v1) + (v3 | v4)	(-0x1) * 0x3 * (~ v0 & ~ v1) + (v3 | v4) - 0x2	10	9	14	W→W
neureduce:2955	-0x3 * ~ v0 - 0x2 * (v0 & v1)	0x3 + 0x3 * v0 - 0x2 * (v0 & v1)	(-0x1) * 0x3 * (~ v0 | v1) - ~ (v0 & v1) - 0x1	8	8	15	W→W
neureduce:2974	0x8 * v1 - 0x10 * (v1 & v0) - 0xa * ~ v0	-0x8 * ~ (v1 ^ v0) - 0x2 * ~ v0	(-0x1) * 0x8 * ~ (v0 ^ v1) - 0x2 * ~ v0	10	9	13	W→W
neureduce:2980	0x3 * ~ (v0 | v1) - (v3 | v4)	-0x3 - 0x3 * (v0 | v1) - (v3 | v4)	0x3 * (~ v0 & ~ v1) - (v3 | v4)	10	10	12	W→W
neureduce:2995	(-0x1) * ~ v1	0x1 + v1	v1 + 0x1	3	3	3	T→T
neureduce:2996	(-0x1) * ~ (v0 | v1)	0x1 + (v0 | v1)	(-0x1) * (~ v0 & ~ v1)	5	5	6	W→W
neureduce:3013	0x4 * (v2 | v0 | v1) - ~ v3	v3 + 0x1 + 0x4 * (v2 | v0 | v1)	0x4 * (v0 | v1 | v2) + v3 + 0x1	9	8	9	T→W
neureduce:3027	-0x9 - 0x8 * v0 - (v1 & ~ v0)	-0x9 - 0x8 * v0 - v1 + (v0 & v1)	(v0 | ~ v1) + 0x8 * ~ v0	9	9	9	T→T
neureduce:3029	-~ v3 + (v0 | v1)	v3 + 0x1 + (v0 | v1)	-(~ v0 & ~ v1) + v3	7	6	8	W→W
neureduce:3068	0x2 * ~ v1 + 0xa * (v0 & v1) - 0x5 * v0	0x5 * ~ (v0 ^ v1) - 0x3 * ~ v1	0x5 * ~ (v0 ^ v1) - 0x3 * ~ v1	10	9	12	W→W
neureduce:3088	(-0x1) * ~ (v0 | v1)	0x1 + (v0 | v1)	(-0x1) * (~ v0 & ~ v1)	5	5	6	W→W
neureduce:3136	(-0x1) * ~ (v0 & v1)	0x1 + (v0 & v1)	(-0x1) * ~ (v0 & v1)	5	5	5	T→T
neureduce:3149	0x6 * ~ (v0 | v1) - v3	-0x6 - 0x6 * (v0 | v1) - v3	0x6 * (~ v0 & ~ v1) - v3	8	8	10	W→W
neureduce:3183	0x2 * ~ v0 + 0x3 * (v0 & v1) - 0x2 * v1	-0x2 - 0x2 * v0 - 0x2 * v1 + 0x3 * (v0 & v1)	-(v0 ^ v1) + ~ (v0 | v1) - 0x1	10	10	11	W→W
neureduce:3187	(-0x1) * ~ v0	0x1 + v0	-(~ v0 | v1) - ~ (v0 & v1) - 0x1	3	3	13	W→W
neureduce:3195	-0x8 * (v0 & ~ v1) - ~ v1	v1 + 0x1 - 0x8 * (v0 & ~ v1)	(-0x1) * 0x9 * (v0 & ~ v1) - ~ (v0 | v1)	9	8	13	W→W
neureduce:3197	0x4 * ((v1 ^ v2) & ~ v0) - ~ (v3 | v4)	0x1 + 0x4 * ((v1 ^ v2) & ~ v0) + (v3 | v4)	0x4 * (~ v0 & (v1 ^ v2)) + (v3 | v4) + 0x1	13	12	13	T→W
neureduce:3216	0x2 * (v0 & v1) + 0x6 * ~ v1 - v0	~ (v0 ^ v1) + 0x5 * ~ v1	~ (v0 ^ v1) + 0x5 * ~ v1	10	8	9	L→W
neureduce:3217	0x2 * ~ (v1 ^ v2) - 0x3 * (v0 & (v1 ^ v2)) - (v3 | v4)	-0x2 - 0x3 * (v0 & (v1 ^ v2)) - 0x2 * (v1 ^ v2) - (v3 | v4)	(-0x1) * 0x2 * (~ v0 & (v1 ^ v2)) - 0x5 * (v0 & (v1 ^ v2)) - (v3 | v4) - 0x2	16	16	24	W→W
neureduce:3227	(-0x1) * ~ (v1 ^ v2)	0x1 + (v1 ^ v2)	(~ v0 & (v1 ^ v2)) + (v0 & (v1 ^ v2)) + 0x1	5	5	13	W→W
neureduce:3230	(-0x1) * ~ (v0 | v1)	0x1 + (v0 | v1)	(-0x1) * (~ v0 & ~ v1)	5	5	6	W→W
neureduce:3232	-0x4 * ~ v0 + (v1 & ~ v0)	0x4 + 0x4 * v0 + (v1 & ~ v0)	-(v0 | ~ v1) - 0x4 * ~ v0 - 0x1	8	8	13	W→W
neureduce:3245	0x2 * (v0 & (v1 ^ v2)) - ~ (v3 & v4) - (v1 ^ v2)	0x1 + 0x2 * (v0 & (v1 ^ v2)) - (v1 ^ v2) + (v3 & v4)	-(~ v0 & (v1 ^ v2)) + (v0 & (v1 ^ v2)) + (v3 & v4) + 0x1	16	15	17	W→W
neureduce:3253	0x4 * ~ (v0 | v1) - v3	-0x4 - 0x4 * (v0 | v1) - v3	0x4 * (~ v0 & ~ v1) - v3	8	8	10	W→W
neureduce:3266	0x6 * ~ v1 + 0xa * (v0 & v1) - 0x4 * v0	-0x6 - 0x4 * v0 - 0x6 * v1 + 0xa * (v0 & v1)	0x6 * ~ (v0 ^ v1) + 0x2 * (v0 & ~ v1)	10	10	13	W→W
neureduce:3271	0x4 * ~ (v2 ^ v0) + 0x4 * (v1 & v2) - 0x8 * (v1 & v2 & v0)	0x4 * (~ v0 ^ ~ v1 & v2)	0x4 * (~ v0 ^ ~ v1 & v2)	15	8	9	L→W
neureduce:3283	0x8 * (v0 & v2 & v1) - 0x4 * ~ (v0 ^ v2) - 0x4 * (v2 & v1)	(-0x4) * (~ v0 ^ ~ v1 & v2)	(-0x1) * 0x4 * (~ v0 ^ ~ v1 & v2)	15	8	10	L→W
neureduce:3287	0x3 * ~ v1 + 0x4 * (v0 & v1) - 0x2 * v0	~ v1 + 0x2 * ~ (v0 ^ v1)	0x2 * ~ (v0 ^ v1) + ~ v1	10	8	9	L→W
neureduce:3299	0x4 * (v0 & v1) + 0x6 * ~ v1 - 0x2 * v0	0x2 * ~ (v0 ^ v1) + 0x4 * ~ v1	0x2 * ~ (v0 ^ v1) + 0x4 * ~ v1	10	9	11	W→W
neureduce:3310	0x9 * (v0 & (v1 ^ v2)) - 0x6 * (v1 ^ v2) - ~ v3	v3 + 0x1 + 0x9 * (v0 & (v1 ^ v2)) - 0x6 * (v1 ^ v2)	(-0x1) * 0x6 * (~ v0 & (v1 ^ v2)) + 0x3 * (v0 & (v1 ^ v2)) + v3 + 0x1	14	13	19	W→W
neureduce:3331	0x2 - (v2 & ~ v0) - (v3 | v4)	0x2 - v2 - (v3 | v4) + (v2 & v0)	-(~ v0 & v2) - (v3 | v4) + 0x2	11	11	11	T→T
neureduce:3342	0xb * (v0 & (v1 ^ v2)) - v3 - ~ (v1 ^ v2)	0x1 + 0xb * (v0 & (v1 ^ v2)) - v3 + (v1 ^ v2)	(~ v0 & (v1 ^ v2)) + 0xc * (v0 & (v1 ^ v2)) - v3 + 0x1	14	13	17	W→W
neureduce:3346	0xc * (v1 & ~ v0) - 0x6 * ~ v0	0x6 + 0x6 * v0 + 0xc * (v1 & ~ v0)	(-0x1) * 0x6 * ~ (v0 | v1) + 0x6 * ~ (v0 | ~ v1)	9	9	15	W→W
neureduce:3353	-0x2 * ~ (v0 & (v1 ^ v2)) - (v3 & v4) - (v1 ^ v2)	0x2 + 0x2 * (v0 & (v1 ^ v2)) - (v3 & v4) - (v1 ^ v2)	-(~ v0 & (v1 ^ v2)) + (v0 & (v1 ^ v2)) - (v3 & v4) + 0x2	16	16	18	W→W
neureduce:3356	(-0x1) * ~ v0	0x1 + v0	v0 + 0x1	3	3	3	T→T
neureduce:3371	(-0x1) * ~ v1	0x1 + v1	v1 + 0x1	3	3	3	T→T
neureduce:3395	(-0x1) * ~ (v0 | v1)	0x1 + (v0 | v1)	(-0x1) * (~ v0 & ~ v1)	5	5	6	W→W
neureduce:3404	-0x2 * (v0 & (v1 ^ v2)) - ~ (v1 ^ v2)	0x1 - 0x2 * (v0 & (v1 ^ v2)) + (v1 ^ v2)	(~ v0 & (v1 ^ v2)) - (v0 & (v1 ^ v2)) + 0x1	12	11	14	W→W
neureduce:3416	-~ v3 - (v0 & (v1 ^ v2)) - (v1 ^ v2)	v3 + 0x1 - (v0 & (v1 ^ v2)) - (v1 ^ v2)	-(~ v0 & (v1 ^ v2)) - 0x2 * (v0 & (v1 ^ v2)) + v3 + 0x1	14	13	18	W→W
neureduce:3417	(-0x1) * ~ v1	0x1 + v1	(-0x1) * ~ v1	3	3	3	T→T
neureduce:3434	(-0x1) * ~ v0	0x1 + v0	v0 + 0x1	3	3	3	T→T
neureduce:3439	(-0x1) * ~ (v0 | v1)	0x1 + (v0 | v1)	(-0x1) * (~ v0 & ~ v1)	5	5	6	W→W
neureduce:3454	-~ v3 - (v2 | v0 | v1)	v3 + 0x1 - (v2 | v0 | v1)	-(v0 | v1 | v2) + v3 + 0x1	9	8	8	L→T
neureduce:3457	0x2 * (v0 | v1) - ~ (v3 & v4)	0x1 + 0x2 * (v0 | v1) + (v3 & v4)	(-0x1) * 0x2 * (~ v0 & ~ v1) + (v3 & v4) - 0x1	10	9	14	W→W
neureduce:3467	0x3 + 0x4 * v0 - (v1 & ~ v0)	0x3 + 0x4 * v0 - v1 + (v0 & v1)	(v0 | ~ v1) - 0x4 * ~ v0	9	9	10	W→W
neureduce:3486	0x2 * v1 - 0x3 * v0 - ~ (v1 & v0)	0x1 + 0x2 * v1 - 0x3 * v0 + (v1 & v0)	(-0x1) * 0x3 * (v0 & ~ v1) + 0x2 * (~ v0 & v1) + 0x1	10	9	15	W→W
neureduce:3508	-~ v3 + (v0 | v1)	v3 + 0x1 + (v0 | v1)	-(~ v0 & ~ v1) + v3	7	6	8	W→W
neureduce:3518	0x3 * v0 + 0x4 * ~ v1 - 0x6 * (v0 & v1)	0x7 * ~ v1 - 0x3 * ~ (v0 ^ v1)	(-0x1) * 0x3 * ~ (v0 ^ v1) + 0x7 * ~ v1	10	9	12	W→W
neureduce:3525	(-0x1) * ~ (v0 | v1)	0x1 + (v0 | v1)	(-0x1) * (~ v0 & ~ v1)	5	5	6	W→W
neureduce:3549	-0x5 * ~ v0 - 0x4 * (v0 & v1)	0x5 + 0x5 * v0 - 0x4 * (v0 & v1)	(-0x1) * 0x5 * (~ v0 | v1) - ~ (v0 & v1) - 0x1	8	8	15	W→W
neureduce:3593	0xa * (v0 & v2 & v1) - 0x5 * ~ (v0 ^ v2) - 0x5 * (v2 & v1)	(-0x5) * (~ v0 ^ ~ v1 & v2)	(-0x1) * 0x5 * (~ v0 ^ ~ v1 & v2)	15	8	10	L→W
neureduce:3598	0x2 * (v0 & (v1 ^ v2)) + 0x2 * (v1 ^ v2) - ~ (v3 | v4)	0x1 + 0x2 * (v0 & (v1 ^ v2)) + 0x2 * (v1 ^ v2) + (v3 | v4)	0x2 * (~ v0 & (v1 ^ v2)) + 0x4 * (v0 & (v1 ^ v2)) + (v3 | v4) + 0x1	16	15	20	W→W
neureduce:3601	-0x2 * ~ v0 - (v0 & v1)	0x2 + 0x2 * v0 - (v0 & v1)	(-0x1) * 0x2 * (~ v0 | v1) - ~ (v0 & v1) - 0x1	8	8	15	W→W
neureduce:3603	0x4 * (v0 & v2 & v1) - 0x2 * ~ (v0 ^ v2) - 0x2 * (v2 & v1)	(-0x2) * (~ v0 ^ ~ v1 & v2)	(-0x1) * 0x2 * (~ v0 ^ ~ v1 & v2)	15	8	10	L→W
neureduce:3606	(-0x1) * ~ (v0 | v1)	0x1 + (v0 | v1)	(-0x1) * (~ v0 & ~ v1)	5	5	6	W→W
neureduce:3611	0x7 * ~ v0 + 0xb * (v0 & v1) - 0x7 * v1	-0x7 - 0x7 * v0 - 0x7 * v1 + 0xb * (v0 & v1)	0x7 * ~ (v0 ^ v1) - 0x3 * (v0 & v1)	10	10	13	W→W
neureduce:3644	(-0x1) * ~ (v0 ^ v1)	0x1 + (v0 ^ v1)	(-0x1) * ~ (v0 ^ v1)	5	5	5	T→T
neureduce:3647	-0x4 * ((v1 ^ v2) & ~ v0) - ~ (v3 | v4)	0x1 - 0x4 * ((v1 ^ v2) & ~ v0) + (v3 | v4)	(-0x1) * 0x4 * (~ v0 & (v1 ^ v2)) + (v3 | v4) + 0x1	13	12	14	W→W
neureduce:3656	0x2 * (v0 & v2 & v1) - ~ (v0 ^ v2) - (v2 & v1)	(-0x1) * (~ v0 ^ ~ v1 & v2)	(-0x1) * (~ v0 ^ ~ v1 & v2)	15	8	8	L→T
neureduce:3661	0x3 * (v0 & (v1 ^ v2)) - ~ (v3 | v4) - (v1 ^ v2)	0x1 + 0x3 * (v0 & (v1 ^ v2)) - (v1 ^ v2) + (v3 | v4)	-(~ v0 & (v1 ^ v2)) + 0x2 * (v0 & (v1 ^ v2)) + (v3 | v4) + 0x1	16	15	19	W→W
neureduce:3670	~ (v0 ^ v2) - 0x2 * (v0 & v2 & v1) + (v2 & v1)	~ v0 ^ ~ v1 & v2	~ v0 ^ ~ v1 & v2	13	7	7	L→T
neureduce:3675	0x2 * ~ (v0 & (v1 ^ v2)) - (v1 ^ v2)	-0x2 - 0x2 * (v0 & (v1 ^ v2)) - (v1 ^ v2)	-(~ v0 & (v1 ^ v2)) - 0x3 * (v0 & (v1 ^ v2)) - 0x2	12	12	18	W→W
neureduce:3683	-0x4 * (v1 ^ v2) - 0x2 * ~ (v0 & (v1 ^ v2)) + (v3 & v4)	0x2 + 0x2 * (v0 & (v1 ^ v2)) - 0x4 * (v1 ^ v2) + (v3 & v4)	(-0x1) * 0x4 * (~ v0 & (v1 ^ v2)) - 0x2 * (v0 & (v1 ^ v2)) + (v3 & v4) + 0x2	15	15	22	W→W
neureduce:3703	v3 - 0x5 * (v0 & (v1 ^ v2)) - 0x2 * ~ (v1 ^ v2)	v3 + 0x2 + 0x2 * (v1 ^ v2) - 0x5 * (v0 & (v1 ^ v2))	0x2 * (~ v0 & (v1 ^ v2)) - 0x3 * (v0 & (v1 ^ v2)) + v3 + 0x2	13	13	19	W→W
neureduce:3707	0x3 * (v0 | v1) - ~ v3	v3 + 0x1 + 0x3 * (v0 | v1)	(-0x1) * 0x3 * (~ v0 & ~ v1) + v3 - 0x2	8	7	12	W→W
neureduce:3712	(-0x1) * ~ (v0 | v1)	0x1 + (v0 | v1)	(-0x1) * (~ v0 & ~ v1)	5	5	6	W→W
neureduce:3714	0x4 * (v1 ^ v2) - 0x2 * (v0 & (v1 ^ v2)) - ~ (v3 & v4)	0x1 + 0x4 * (v1 ^ v2) - 0x2 * (v0 & (v1 ^ v2)) + (v3 & v4)	0x4 * (~ v0 & (v1 ^ v2)) + 0x2 * (v0 & (v1 ^ v2)) + (v3 & v4) + 0x1	16	15	20	W→W
neureduce:3732	(-0x1) * ~ v1	0x1 + v1	(-0x1) * ~ v1	3	3	3	T→T
neureduce:3737	-0x7 * ~ (v0 | v1) - v3	0x7 + 0x7 * (v0 | v1) - v3	(-0x1) * 0x7 * (~ v0 & ~ v1) - v3	8	8	11	W→W
neureduce:3742	(-0x1) * ~ (v0 | v1)	0x1 + (v0 | v1)	(-0x1) * (~ v0 & ~ v1)	5	5	6	W→W
neureduce:3773	0x7 * ~ v1 + 0xc * (v0 & v1) - 0x6 * v0	~ v1 + 0x6 * ~ (v0 ^ v1)	0x6 * ~ (v0 ^ v1) + ~ v1	10	8	9	L→W
neureduce:3798	0x2 * (v1 & v2) + 0x4 * ~ (v1 & v2 & v0) - 0x2 * (v2 ^ v0)	-0x4 + 0x2 * (v1 & v2) - 0x4 * (v1 & v2 & v0) - 0x2 * (v2 ^ v0)	0x2 * (~ v0 ^ ~ v1 & v2) - 0x2	15	15	12	L→L
neureduce:3804	(-0x1) * ~ (v0 ^ v1)	0x1 + (v0 ^ v1)	(-0x1) * ~ (v0 ^ v1)	5	5	5	T→T
neureduce:3808	0x2 * ~ v0 + 0x4 * (v0 & v1) - v1	-0x2 - 0x2 * v0 - v1 + 0x4 * (v0 & v1)	0x2 * ~ (v0 ^ v1) - ~ v1 - 0x1	10	10	12	W→W
neureduce:3818	-0x3 * (v1 ^ v2) - ~ (v0 & (v1 ^ v2)) + (v3 | v4)	0x1 - 0x3 * (v1 ^ v2) + (v0 & (v1 ^ v2)) + (v3 | v4)	(-0x1) * 0x3 * (~ v0 & (v1 ^ v2)) - 0x2 * (v0 & (v1 ^ v2)) + (v3 | v4) + 0x1	15	14	22	W→W
neureduce:3829	-0x3 * (v1 ^ v2) - ~ v3 + (v0 & (v1 ^ v2))	v3 + 0x1 - 0x3 * (v1 ^ v2) + (v0 & (v1 ^ v2))	(-0x1) * 0x3 * (~ v0 & (v1 ^ v2)) - 0x2 * (v0 & (v1 ^ v2)) + v3 + 0x1	13	12	20	W→W
neureduce:3833	(-0x1) * ~ (v0 | v1)	0x1 + (v0 | v1)	(-0x1) * (~ v0 & ~ v1)	5	5	6	W→W
neureduce:3888	0x2 * (v0 & v2 & v1) - ~ (v0 ^ v2) - (v2 & v1)	(-0x1) * (~ v0 ^ ~ v1 & v2)	(-0x1) * (~ v0 ^ ~ v1 & v2)	15	8	8	L→T
neureduce:3906	(-0x1) * ~ (v0 & v1)	0x1 + (v0 & v1)	(-0x1) * ~ (v0 & v1)	5	5	5	T→T
neureduce:3912	0x7 * ~ v1 + 0x8 * (v0 & v1) - 0x4 * v0	0x3 * ~ v1 + 0x4 * ~ (v0 ^ v1)	0x4 * ~ (v0 ^ v1) + 0x3 * ~ v1	10	9	11	W→W
neureduce:3924	0x2 * ~ (v1 ^ v2) + 0x3 * (v0 & (v1 ^ v2)) + (v3 | v4)	-0x2 + 0x3 * (v0 & (v1 ^ v2)) - 0x2 * (v1 ^ v2) + (v3 | v4)	(-0x1) * 0x2 * (~ v0 & (v1 ^ v2)) + (v0 & (v1 ^ v2)) + (v3 | v4) - 0x2	15	15	20	W→W
neureduce:3947	0x4 * (v0 & (v1 ^ v2)) - 0x5 * (v1 ^ v2) - ~ (v3 & v4)	0x1 + 0x4 * (v0 & (v1 ^ v2)) - 0x5 * (v1 ^ v2) + (v3 & v4)	(-0x1) * 0x5 * (~ v0 & (v1 ^ v2)) - (v0 & (v1 ^ v2)) + (v3 & v4) + 0x1	16	15	20	W→W
neureduce:3950	0x4 * (v0 & v2 & v1) - 0x2 * ~ (v0 ^ v2) - 0x2 * (v2 & v1)	(-0x2) * (~ v0 ^ ~ v1 & v2)	(-0x1) * 0x2 * (~ v0 ^ ~ v1 & v2)	15	8	10	L→W
neureduce:3971	-~ (v3 & v4) + (v0 | v1)	0x1 + (v3 & v4) + (v0 | v1)	-(~ v0 & ~ v1) + (v3 & v4)	9	8	10	W→W
neureduce:4031	0xc * ~ v0 + 0x10 * (v0 & v1) - 0x4 * v1	-0xc - 0xc * v0 - 0x4 * v1 + 0x10 * (v0 & v1)	0x4 * ~ (v0 ^ v1) + 0x8 * ~ (v0 & ~ v1)	10	10	14	W→W
neureduce:4045	-0x2 * (v1 ^ v2) - ~ (v0 & (v1 ^ v2))	0x1 - 0x2 * (v1 ^ v2) + (v0 & (v1 ^ v2))	(-0x1) * 0x2 * (~ v0 & (v1 ^ v2)) - (v0 & (v1 ^ v2)) + 0x1	12	11	17	W→W
neureduce:4052	0x4 * ~ v1 + 0x6 * (v0 & v1) - 0x3 * v0	~ v1 + 0x3 * ~ (v0 ^ v1)	0x3 * ~ (v0 ^ v1) + ~ v1	10	8	9	L→W
neureduce:4071	-0x5 * (v2 | v0 | v1) - ~ (v3 & v4)	0x1 - 0x5 * (v2 | v0 | v1) + (v3 & v4)	(-0x1) * 0x5 * (v0 | v1 | v2) + (v3 & v4) + 0x1	11	10	12	W→W
neureduce:4078	0x2 * ~ (v0 | v1) - (v3 | v4)	-0x2 - 0x2 * (v0 | v1) - (v3 | v4)	0x2 * (~ v0 & ~ v1) - (v3 | v4)	10	10	12	W→W
neureduce:4085	0x4 * (v0 & (v1 ^ v2)) - ~ (v3 | v4) - (v1 ^ v2)	0x1 + 0x4 * (v0 & (v1 ^ v2)) - (v1 ^ v2) + (v3 | v4)	-(~ v0 & (v1 ^ v2)) + 0x3 * (v0 & (v1 ^ v2)) + (v3 | v4) + 0x1	16	15	19	W→W
neureduce:4093	0x3 * (v0 & (v1 ^ v2)) - ~ v3 + (v1 ^ v2)	v3 + 0x1 + 0x3 * (v0 & (v1 ^ v2)) + (v1 ^ v2)	(~ v0 & (v1 ^ v2)) + 0x4 * (v0 & (v1 ^ v2)) + v3 + 0x1	13	12	16	W→W
neureduce:4107	0x2 * (v1 ^ v2) + 0x5 * (v0 & (v1 ^ v2)) - ~ (v3 | v4)	0x1 + 0x2 * (v1 ^ v2) + 0x5 * (v0 & (v1 ^ v2)) + (v3 | v4)	0x2 * (~ v0 & (v1 ^ v2)) + 0x7 * (v0 & (v1 ^ v2)) + (v3 | v4) + 0x1	16	15	20	W→W
neureduce:4119	(-0x1) * ~ v0	0x1 + v0	v0 + 0x1	3	3	3	T→T
neureduce:4123	(-0x1) * ~ (v0 | v1)	0x1 + (v0 | v1)	(-0x1) * (~ v0 & ~ v1)	5	5	6	W→W
neureduce:4136	(-0x1) * ~ v1	0x1 + v1	v1 + 0x1	3	3	3	T→T
neureduce:4141	(-0x1) * ~ v0	0x1 + v0	v0 + 0x1	3	3	3	T→T
neureduce:4146	0xa * (v0 & (v1 ^ v2)) - 0x3 * (v1 ^ v2) - ~ (v3 | v4)	0x1 + 0xa * (v0 & (v1 ^ v2)) - 0x3 * (v1 ^ v2) + (v3 | v4)	(-0x1) * 0x3 * (~ v0 & (v1 ^ v2)) + 0x7 * (v0 & (v1 ^ v2)) + (v3 | v4) + 0x1	16	15	21	W→W
neureduce:4165	-0x3 * v1 - ~ v0	0x1 + v0 - 0x3 * v1	v0 - 0x3 * v1 + 0x1	6	5	7	W→W
neureduce:4169	(-0x1) * ~ (v0 | v1)	0x1 + (v0 | v1)	(-0x1) * (~ v0 & ~ v1)	5	5	6	W→W
neureduce:4186	0x1 - (v1 & ~ v0)	0x1 - v1 + (v1 & v0)	-(~ v0 & v1) + 0x1	7	7	7	T→T
neureduce:4187	v3 + 0x4 * ~ (v0 | v1)	v3 - 0x4 - 0x4 * (v0 | v1)	0x4 * (~ v0 & ~ v1) + v3	7	7	9	W→W
neureduce:4192	-0x2 * (v1 ^ v2) - ~ v3	v3 + 0x1 - 0x2 * (v1 ^ v2)	(-0x1) * 0x2 * (~ v0 & (v1 ^ v2)) - 0x2 * (v0 & (v1 ^ v2)) + v3 + 0x1	8	7	20	W→W
neureduce:4197	-0x4 * (v0 & (v1 ^ v2)) - 0x3 * (v1 ^ v2) - ~ v3	v3 + 0x1 - 0x4 * (v0 & (v1 ^ v2)) - 0x3 * (v1 ^ v2)	(-0x1) * 0x3 * (~ v0 & (v1 ^ v2)) - 0x7 * (v0 & (v1 ^ v2)) + v3 + 0x1	14	13	20	W→W
neureduce:4199	-0x5 * ~ (v0 | v1) - (v3 | v4)	0x5 + 0x5 * (v0 | v1) - (v3 | v4)	(-0x1) * 0x5 * (~ v0 & ~ v1) - (v3 | v4)	10	10	13	W→W
neureduce:4214	0x2 * ~ v1 + 0xe * (v0 & v1) - 0x7 * v0	0x7 * ~ (v0 ^ v1) - 0x5 * ~ v1	0x7 * ~ (v0 ^ v1) - 0x5 * ~ v1	10	9	12	W→W
neureduce:4257	0x6 * ~ v0 - 0x6 * v1 + (v0 & v1)	-0x6 - 0x6 * v0 - 0x6 * v1 + (v0 & v1)	(-0x1) * 0x5 * (v0 & v1) + 0x6 * ~ (v0 | v1)	9	9	13	W→W
neureduce:4267	v3 - 0x2 * ~ (v0 | v1)	v3 + 0x2 + 0x2 * (v0 | v1)	(-0x1) * 0x2 * (~ v0 & ~ v1) + v3	7	7	10	W→W
neureduce:4274	(-0x1) * ~ v0	0x1 + v0	v0 + 0x1	3	3	3	T→T
neureduce:4287	-0x5 * ~ v0 - 0x3 * v1 - 0x2 * (v0 & v1)	0x5 + 0x5 * v0 - 0x3 * v1 - 0x2 * (v0 & v1)	(-0x1) * 0x5 * ~ (v0 ^ v1) - 0x8 * ~ (v0 | ~ v1)	10	10	16	W→W
neureduce:4324	-0x7 * (v0 & (v1 ^ v2)) - 0x2 * ~ (v1 ^ v2) - (v3 | v4)	0x2 + 0x2 * (v1 ^ v2) - 0x7 * (v0 & (v1 ^ v2)) - (v3 | v4)	0x2 * (~ v0 & (v1 ^ v2)) - 0x5 * (v0 & (v1 ^ v2)) - (v3 | v4) + 0x2	16	16	22	W→W
neureduce:4349	0xe * ~ v1 + 0x10 * (v0 & v1) - 0x8 * v0	0x6 * ~ v1 + 0x8 * ~ (v0 ^ v1)	0x8 * ~ (v0 ^ v1) + 0x6 * ~ v1	10	9	11	W→W
neureduce:4351	0x2 * (v1 ^ v2) - 0x6 * (v0 & (v1 ^ v2)) - ~ v3	v3 + 0x1 + 0x2 * (v1 ^ v2) - 0x6 * (v0 & (v1 ^ v2))	0x2 * (~ v0 & (v1 ^ v2)) - 0x4 * (v0 & (v1 ^ v2)) + v3 + 0x1	14	13	19	W→W
neureduce:4361	0x9 * ~ v0 + 0xa * (v0 & v1) - 0x9 * v1	-0x9 - 0x9 * v0 - 0x9 * v1 + 0xa * (v0 & v1)	0x8 * ~ (v0 | v1) + 0x1 * ~ (v0 ^ v1)	10	10	13	W→W
neureduce:4371	0x2 * ~ (v0 & (v1 ^ v2)) - 0x2 * (v1 ^ v2) + (v3 & v4)	-0x2 - 0x2 * (v0 & (v1 ^ v2)) - 0x2 * (v1 ^ v2) + (v3 & v4)	(-0x1) * 0x2 * (~ v0 & (v1 ^ v2)) - 0x4 * (v0 & (v1 ^ v2)) + (v3 & v4) - 0x2	15	15	23	W→W
neureduce:4408	0xa * (v0 & ~ v1) - 0x5 * ~ v1	0x5 + 0x5 * v1 + 0xa * (v0 & ~ v1)	0x5 * (v0 & ~ v1) - 0x5 * ~ (v0 | v1)	9	9	14	W→W
neureduce:4414	-v1 - ~ v0	0x1 + v0 - v1	v0 - v1 + 0x1	6	5	5	L→T
neureduce:4419	(-0x1) * ~ (v0 ^ v1)	0x1 + (v0 ^ v1)	(-0x1) * ~ (v0 ^ v1)	5	5	5	T→T
neureduce:4421	0x2 * ~ (v1 ^ v2) + 0x6 * (v0 & (v1 ^ v2))	-0x2 + 0x6 * (v0 & (v1 ^ v2)) - 0x2 * (v1 ^ v2)	(-0x1) * 0x2 * (~ v0 & (v1 ^ v2)) + 0x4 * (v0 & (v1 ^ v2)) - 0x2	12	12	19	W→W
neureduce:4447	(-0x1) * ~ (v0 | v1)	0x1 + (v0 | v1)	(-0x1) * (~ v0 & ~ v1)	5	5	6	W→W
neureduce:4461	0x2 * ~ v2 - (v3 & v4)	-0x2 - 0x2 * v2 - (v3 & v4)	(-0x1) * 0x2 * v2 - (v3 & v4) - 0x2	8	8	11	W→W
neureduce:4486	(-0x1) * ~ v1	0x1 + v1	(-0x1) * ~ v1	3	3	3	T→T
neureduce:4492	-0x3 * ~ (v0 | v1) + (v3 & v4)	0x3 + 0x3 * (v0 | v1) + (v3 & v4)	(-0x1) * 0x3 * (~ v0 & ~ v1) + (v3 & v4)	9	9	12	W→W
neureduce:4494	~ (v0 ^ v2) - 0x2 * (v0 & v2 & v1) + (v2 & v1)	~ v0 ^ ~ v1 & v2	~ v0 ^ ~ v1 & v2	13	7	7	L→T
neureduce:4503	0xf * ~ v1 + 0x12 * (v0 & v1) - 0x9 * v0	0x6 * ~ v1 + 0x9 * ~ (v0 ^ v1)	0x6 * ~ v1 + 0x9 * ~ (v0 ^ v1)	10	9	11	W→W
neureduce:4508	-0x6 * (v0 & (v1 ^ v2)) - v3 - ~ (v1 ^ v2)	0x1 - 0x6 * (v0 & (v1 ^ v2)) - v3 + (v1 ^ v2)	(~ v0 & (v1 ^ v2)) - 0x5 * (v0 & (v1 ^ v2)) - v3 + 0x1	14	13	18	W→W
neureduce:4510	-0x5 * (v1 ^ v2) - ~ (v0 & (v1 ^ v2)) + (v3 | v4)	0x1 - 0x5 * (v1 ^ v2) + (v0 & (v1 ^ v2)) + (v3 | v4)	(-0x1) * 0x5 * (~ v0 & (v1 ^ v2)) - 0x4 * (v0 & (v1 ^ v2)) + (v3 | v4) + 0x1	15	14	22	W→W
neureduce:4517	0x5 * ~ v0 + 0xa * v1 - 0x5 * (v1 & v0)	-0x5 + 0xa * v1 - 0x5 * v0 - 0x5 * (v1 & v0)	0x5 * ~ (v0 & ~ v1) + 0xa * ~ (v0 | ~ v1)	10	10	15	W→W
neureduce:4531	(-0x1) * ~ v0	0x1 + v0	v0 + 0x1	3	3	3	T→T
neureduce:4570	(-0x1) * ~ (v0 | v1)	0x1 + (v0 | v1)	(-0x1) * (~ v0 & ~ v1)	5	5	6	W→W
neureduce:4575	0x2 * ~ (v1 ^ v2) - 0x8 * (v0 & (v1 ^ v2))	-0x2 - 0x8 * (v0 & (v1 ^ v2)) - 0x2 * (v1 ^ v2)	(-0x1) * 0x2 * (~ v0 & (v1 ^ v2)) - 0xa * (v0 & (v1 ^ v2)) - 0x2	12	12	20	W→W
neureduce:4603	0x6 * (v0 & v2 & v1) - 0x3 * ~ (v0 ^ v2) - 0x3 * (v2 & v1)	(-0x3) * (~ v0 ^ ~ v1 & v2)	(-0x1) * 0x3 * (~ v0 ^ ~ v1 & v2)	15	8	10	L→W
neureduce:4608	0x2 * ~ v1 + 0xe * (v0 & v1) - 0x7 * v0	0x7 * ~ (v0 ^ v1) - 0x5 * ~ v1	0x7 * ~ (v0 ^ v1) - 0x5 * ~ v1	10	9	12	W→W
neureduce:4620	-0xb * (v0 & (v1 ^ v2)) - 0x2 * ~ (v1 ^ v2) - (v3 | v4)	0x2 + 0x2 * (v1 ^ v2) - 0xb * (v0 & (v1 ^ v2)) - (v3 | v4)	0x2 * (~ v0 & (v1 ^ v2)) - 0x9 * (v0 & (v1 ^ v2)) - (v3 | v4) + 0x2	16	16	22	W→W
neureduce:4646	(-0x1) * ~ (v0 | v1)	0x1 + (v0 | v1)	(-0x1) * (~ v0 & ~ v1)	5	5	6	W→W
neureduce:4650	v3 + 0x2 * ~ (v0 | v1)	v3 - 0x2 - 0x2 * (v0 | v1)	0x2 * (~ v0 & ~ v1) + v3	7	7	9	W→W
neureduce:4674	-0x1 - v0 - v1 + (v0 & v1) - v2 + (v0 & v2) + (v1 & v2) - (v0 & v1 & v2) - v3 - v4 + (v3 & v4)	~ (v2 | v0 | v1) - (v3 | v4)	-(v0 | v1 | v2) - (v3 | v4) - 0x1	29	10	12	L→W
neureduce:4687	0x2 * (~ v1 | v0) - v0	~ v1 + ~ (v0 ^ v1)	~ (v0 ^ v1) + ~ v1	8	7	7	L→T
neureduce:4701	(-0x1) * ~ (v0 ^ v1)	0x1 + (v0 ^ v1)	(-0x1) * ~ (v0 ^ v1)	5	5	5	T→T
neureduce:4703	-0x6 - 0x4 * v0 - (v1 & ~ v0)	-0x6 - 0x4 * v0 - v1 + (v0 & v1)	(v0 | ~ v1) + 0x4 * ~ v0 - 0x1	9	9	11	W→W
neureduce:4709	-0x5 * (v0 & (v1 ^ v2)) - 0x2 * ~ (v1 ^ v2)	0x2 + 0x2 * (v1 ^ v2) - 0x5 * (v0 & (v1 ^ v2))	0x2 * (~ v0 & (v1 ^ v2)) - 0x3 * (v0 & (v1 ^ v2)) + 0x2	12	12	18	W→W
neureduce:4711	-~ v3 - ((v1 ^ v2) & ~ v0)	v3 + 0x1 - ((v1 ^ v2) & ~ v0)	-(~ v0 & (v1 ^ v2)) + v3 + 0x1	11	10	10	L→T
neureduce:4723	(-0x1) * ~ (v0 | v1)	0x1 + (v0 | v1)	(-0x1) * (~ v0 & ~ v1)	5	5	6	W→W
neureduce:4725	0x3 * v1 - 0x3 * ~ v0 - 0x2 * (v0 & v1)	0x3 + 0x3 * v0 + 0x3 * v1 - 0x2 * (v0 & v1)	(-0x1) * 0x3 * ~ (v0 ^ v1) + 0x4 * (v0 & v1)	10	10	13	W→W
neureduce:4732	v3 + 0x3 * ~ (v0 | v1)	v3 - 0x3 - 0x3 * (v0 | v1)	0x3 * (~ v0 & ~ v1) + v3	7	7	9	W→W
neureduce:4752	-~ (v0 | v1) - (v3 | v4)	0x1 - (v3 | v4) + (v0 | v1)	-(~ v0 & ~ v1) - (v3 | v4)	10	9	11	W→W
neureduce:4768	-0x5 * (v0 & (v1 ^ v2)) - ~ (v1 ^ v2)	0x1 - 0x5 * (v0 & (v1 ^ v2)) + (v1 ^ v2)	(~ v0 & (v1 ^ v2)) - 0x4 * (v0 & (v1 ^ v2)) + 0x1	12	11	16	W→W
neureduce:4787	0x4 * (v1 ^ v2) - 0x5 * (v0 & (v1 ^ v2)) - ~ v3	v3 + 0x1 + 0x4 * (v1 ^ v2) - 0x5 * (v0 & (v1 ^ v2))	0x4 * (~ v0 & (v1 ^ v2)) - (v0 & (v1 ^ v2)) + v3 + 0x1	14	13	17	W→W
neureduce:4797	0x4 * ~ v0 - (v1 & ~ v0)	-0x4 - 0x4 * v0 - v1 + (v0 & v1)	(v0 | ~ v1) + 0x4 * ~ v0 + 0x1	9	9	10	W→W
neureduce:4815	0x6 * (v1 & v0) - 0x8 * v0 - 0x2 * ~ v1	0x2 + 0x2 * v1 - 0x8 * v0 + 0x6 * (v1 & v0)	(-0x1) * 0x2 * (v0 | ~ v1) - 0x8 * (v0 & ~ v1)	10	10	15	W→W
neureduce:4834	-0x2 * (v1 ^ v2) - ~ (v0 & (v1 ^ v2))	0x1 - 0x2 * (v1 ^ v2) + (v0 & (v1 ^ v2))	(-0x1) * 0x2 * (~ v0 & (v1 ^ v2)) - (v0 & (v1 ^ v2)) + 0x1	12	11	17	W→W
neureduce:4858	(-0x1) * ~ (v0 | v1)	0x1 + (v0 | v1)	(-0x1) * (~ v0 & ~ v1)	5	5	6	W→W
neureduce:4872	0x6 * (v0 & v1) + 0x8 * ~ v1	-0x8 - 0x8 * v1 + 0x6 * (v0 & v1)	(-0x1) * 0x2 * (v0 & v1) + 0x8 * (v0 | ~ v1)	8	8	13	W→W
neureduce:4878	0x1 - (v1 & ~ v0)	0x1 - v1 + (v1 & v0)	-(~ v0 & v1) + 0x1	7	7	7	T→T
neureduce:4890	0x2 * ~ (v0 | v1) + (v3 & v4)	-0x2 - 0x2 * (v0 | v1) + (v3 & v4)	0x2 * (~ v0 & ~ v1) + (v3 & v4)	9	9	11	W→W
neureduce:4902	(-0x1) * ~ v1	0x1 + v1	v1 + 0x1	3	3	3	T→T
neureduce:4907	0x1 - (v0 & ~ v1)	0x1 - v0 + (v0 & v1)	-(v0 & ~ v1) + 0x1	7	7	7	T→T
neureduce:4918	-0x3 * (v0 & (v1 ^ v2)) - ~ (v3 & v4) + (v1 ^ v2)	0x1 - 0x3 * (v0 & (v1 ^ v2)) + (v3 & v4) + (v1 ^ v2)	(~ v0 & (v1 ^ v2)) - 0x2 * (v0 & (v1 ^ v2)) + (v3 & v4) + 0x1	15	14	19	W→W
neureduce:4926	-~ v3 - (v2 | v0 | v1)	v3 + 0x1 - (v2 | v0 | v1)	-(v0 | v1 | v2) + v3 + 0x1	9	8	8	L→T
neureduce:4946	(-0x1) * ~ (v0 | v1)	0x1 + (v0 | v1)	(-0x1) * (~ v0 & ~ v1)	5	5	6	W→W
neureduce:4957	-0x2 * (v1 ^ v2) - ~ (v0 & (v1 ^ v2)) + (v3 & v4)	0x1 - 0x2 * (v1 ^ v2) + (v0 & (v1 ^ v2)) + (v3 & v4)	(-0x1) * 0x2 * (~ v0 & (v1 ^ v2)) - (v0 & (v1 ^ v2)) + (v3 & v4) + 0x1	15	14	20	W→W
neureduce:4960	-0x3 * ~ (v0 | v1) - (v3 & v4)	0x3 + 0x3 * (v0 | v1) - (v3 & v4)	(-0x1) * 0x3 * (~ v0 & ~ v1) - (v3 & v4)	10	10	13	W→W
neureduce:4972	-0x2 * ~ v0 - (v1 & ~ v0)	0x2 + 0x2 * v0 - v1 + (v0 & v1)	(v0 | ~ v1) - 0x2 * ~ v0 + 0x1	9	9	11	W→W
neureduce:4977	0x10 * (v0 & ~ v1) - 0xa * ~ v1	0xa + 0xa * v1 + 0x10 * (v0 & ~ v1)	0x6 * (v0 & ~ v1) - 0xa * ~ (v0 | v1)	9	9	14	W→W
neureduce:4994	-0x7 * (v1 ^ v2) - ~ (v0 & (v1 ^ v2))	0x1 - 0x7 * (v1 ^ v2) + (v0 & (v1 ^ v2))	(-0x1) * 0x7 * (~ v0 & (v1 ^ v2)) - 0x6 * (v0 & (v1 ^ v2)) + 0x1	12	11	19	W→W
neureduce:5007	0xa * (v0 & v2 & v1) - 0x5 * ~ (v0 ^ v2) - 0x5 * (v2 & v1)	(-0x5) * (~ v0 ^ ~ v1 & v2)	(-0x1) * 0x5 * (~ v0 ^ ~ v1 & v2)	15	8	10	L→W
neureduce:5020	-0x3 * (v2 | v0 | v1) - ~ v3	v3 + 0x1 - 0x3 * (v2 | v0 | v1)	(-0x1) * 0x3 * (v0 | v1 | v2) + v3 + 0x1	9	8	10	W→W
neureduce:5039	0x3 * ~ v0 + 0x6 * (v0 & v1) - 0x2 * v1	-0x3 - 0x3 * v0 - 0x2 * v1 + 0x6 * (v0 & v1)	0x3 * ~ (v0 ^ v1) - ~ v1 - 0x1	10	10	12	W→W
neureduce:5046	-0x4 * (v0 & v1) - 0x3 * ~ v0	0x3 + 0x3 * v0 - 0x4 * (v0 & v1)	(-0x1) * 0x3 * (~ v0 | v1) + ~ (v0 & v1) + 0x1	8	8	13	W→W
neureduce:5065	(-0x1) * ~ (v0 | v1)	0x1 + (v0 | v1)	(-0x1) * (~ v0 & ~ v1)	5	5	6	W→W
neureduce:5099	-~ (v0 | v1) + (v3 | v4)	0x1 + (v0 | v1) + (v3 | v4)	-(~ v0 & ~ v1) + (v3 | v4)	9	8	10	W→W
neureduce:5127	-0x6 * (v1 ^ v2) - ~ v3 + (v0 & (v1 ^ v2))	v3 + 0x1 - 0x6 * (v1 ^ v2) + (v0 & (v1 ^ v2))	(-0x1) * 0x6 * (~ v0 & (v1 ^ v2)) - 0x5 * (v0 & (v1 ^ v2)) + v3 + 0x1	13	12	20	W→W
neureduce:5128	-0x3 * ((v1 ^ v2) & ~ v0) - ~ v3	v3 + 0x1 - 0x3 * ((v1 ^ v2) & ~ v0)	(-0x1) * 0x3 * (~ v0 & (v1 ^ v2)) + v3 + 0x1	11	10	12	W→W
neureduce:5155	0x2 * v0 + 0x4 * ~ (v0 & v1) - 0x3 * v1	-0x4 + 0x2 * v0 - 0x3 * v1 - 0x4 * (v0 & v1)	(-0x1) * 0x2 * ~ (v0 ^ v1) + 0x5 * ~ v1 - 0x1	10	10	14	W→W
neureduce:5164	0x2 * (v0 & v2 & v1) - ~ (v0 ^ v2) - (v2 & v1)	(-0x1) * (~ v0 ^ ~ v1 & v2)	(-0x1) * (~ v0 ^ ~ v1 & v2)	15	8	8	L→T
neureduce:5209	0x2 * ~ (v1 ^ v2) + 0x7 * (v0 & (v1 ^ v2))	-0x2 + 0x7 * (v0 & (v1 ^ v2)) - 0x2 * (v1 ^ v2)	(-0x1) * 0x2 * (~ v0 & (v1 ^ v2)) + 0x5 * (v0 & (v1 ^ v2)) - 0x2	12	12	19	W→W
neureduce:5216	0x2 * ~ (v0 | v1) + (v3 & v4)	-0x2 - 0x2 * (v0 | v1) + (v3 & v4)	0x2 * (~ v0 & ~ v1) + (v3 & v4)	9	9	11	W→W
neureduce:5217	-0x4 * ~ (v0 | v1) - (v3 | v4)	0x4 + 0x4 * (v0 | v1) - (v3 | v4)	(-0x1) * 0x4 * (~ v0 & ~ v1) - (v3 | v4)	10	10	13	W→W
neureduce:5226	-0x5 * (v2 | v0 | v1) - ~ v3	v3 + 0x1 - 0x5 * (v2 | v0 | v1)	(-0x1) * 0x5 * (v0 | v1 | v2) + v3 + 0x1	9	8	10	W→W
neureduce:5229	-0x6 - 0x4 * v0 - (v1 & ~ v0)	-0x6 - 0x4 * v0 - v1 + (v0 & v1)	(v0 | ~ v1) + 0x4 * ~ v0 - 0x1	9	9	11	W→W
neureduce:5247	0x4 * v1 - 0x5 * ~ (v1 & v0)	0x5 + 0x4 * v1 + 0x5 * (v1 & v0)	(-0x1) * 0x5 * ~ (v0 & v1) + 0x4 * v1	8	8	11	W→W
neureduce:5275	(-0x1) * ~ (v0 | v1)	0x1 + (v0 | v1)	(-0x1) * (~ v0 & ~ v1)	5	5	6	W→W
neureduce:5280	0x2 * ~ v1 + 0xa * (v0 & v1) - 0x5 * v0	0x5 * ~ (v0 ^ v1) - 0x3 * ~ v1	0x5 * ~ (v0 ^ v1) - 0x3 * ~ v1	10	9	12	W→W
neureduce:5340	0x2 * ~ (v1 ^ v2) - (v3 & v4)	-0x2 - 0x2 * (v1 ^ v2) - (v3 & v4)	(-0x1) * 0x2 * (~ v0 & (v1 ^ v2)) - 0x2 * (v0 & (v1 ^ v2)) - (v3 & v4) - 0x2	10	10	24	W→W
neureduce:5352	0x6 * (v0 & ~ v1) - 0x3 * ~ v1	0x3 + 0x3 * v1 + 0x6 * (v0 & ~ v1)	0x3 * v0 - 0x3 * ~ (v0 ^ v1)	9	9	11	W→W
neureduce:5353	0x3 * ~ (v0 | v1) + (v3 & v4)	-0x3 - 0x3 * (v0 | v1) + (v3 & v4)	0x3 * (~ v0 & ~ v1) + (v3 & v4)	9	9	11	W→W
neureduce:5384	0x2 * (v1 ^ v2) - 0x7 * (v0 & (v1 ^ v2)) - ~ (v3 & v4)	0x1 + 0x2 * (v1 ^ v2) - 0x7 * (v0 & (v1 ^ v2)) + (v3 & v4)	0x2 * (~ v0 & (v1 ^ v2)) - 0x5 * (v0 & (v1 ^ v2)) + (v3 & v4) + 0x1	16	15	21	W→W
neureduce:5387	(-0x1) * ~ v1	0x1 + v1	(-0x1) * ~ v1	3	3	3	T→T
neureduce:5397	(-0x1) * ~ v0	0x1 + v0	v0 + 0x1	3	3	3	T→T
neureduce:5410	(-0x1) * ~ (v0 | v1)	0x1 + (v0 | v1)	(-0x1) * ~ (v0 | v1)	5	5	5	T→T
neureduce:5411	(-0x1) * ~ (v0 | v1)	0x1 + (v0 | v1)	(-0x1) * (~ v0 & ~ v1)	5	5	6	W→W
neureduce:5417	(-0x1) * ~ v1	0x1 + v1	(-0x1) * ~ v1	3	3	3	T→T
neureduce:5428	-0x7 * v0 - 0x5 * ~ (v0 & v1)	0x5 - 0x7 * v0 + 0x5 * (v0 & v1)	(-0x1) * 0x5 * ~ (v0 & v1) - 0x7 * v0	8	8	12	W→W
neureduce:5447	0xa * (v0 & (v1 ^ v2)) - 0x5 * (v1 ^ v2) - ~ v3	v3 + 0x1 + 0xa * (v0 & (v1 ^ v2)) - 0x5 * (v1 ^ v2)	(-0x1) * 0x5 * (~ v0 & (v1 ^ v2)) + 0x5 * (v0 & (v1 ^ v2)) + v3 + 0x1	14	13	19	W→W
neureduce:5449	0x3 * (v0 & (v1 ^ v2)) - ~ (v1 ^ v2) - (v3 & v4)	0x1 + 0x3 * (v0 & (v1 ^ v2)) - (v3 & v4) + (v1 ^ v2)	(~ v0 & (v1 ^ v2)) + 0x4 * (v0 & (v1 ^ v2)) - (v3 & v4) + 0x1	16	15	19	W→W
neureduce:5450	0x2 * ~ (v1 ^ v2) - (v3 & v4)	-0x2 - 0x2 * (v1 ^ v2) - (v3 & v4)	(-0x1) * 0x2 * (~ v0 & (v1 ^ v2)) - 0x2 * (v0 & (v1 ^ v2)) - (v3 & v4) - 0x2	10	10	24	W→W
neureduce:5469	0x4 * v1 - 0x4 * ~ v0 - 0x3 * (v0 & v1)	0x4 + 0x4 * v0 + 0x4 * v1 - 0x3 * (v0 & v1)	0x1 * (v0 & v1) - 0x4 * ~ (v0 | v1)	10	10	13	W→W
neureduce:5492	-v3 - ~ (v0 | v1)	0x1 - v3 + (v0 | v1)	-(~ v0 & ~ v1) - v3	8	7	9	W→W
neureduce:5530	0x2 - v0 - v1 + (v0 & v1) - v2 + (v0 & v2) + (v1 & v2) - (v0 & v1 & v2) - v3 - v4 + (v3 & v4)	0x2 - (v2 | v0 | v1) - (v3 | v4)	-(v0 | v1 | v2) - (v3 | v4) + 0x2	29	11	11	L→T
neureduce:5562	-0x4 * (v0 & (v1 ^ v2)) - ~ (v3 | v4) - (v1 ^ v2)	0x1 - 0x4 * (v0 & (v1 ^ v2)) - (v1 ^ v2) + (v3 | v4)	-(~ v0 & (v1 ^ v2)) - 0x5 * (v0 & (v1 ^ v2)) + (v3 | v4) + 0x1	16	15	20	W→W
neureduce:5568	(-0x1) * ~ v1	0x1 + v1	(-0x1) * ~ v1	3	3	3	T→T
neureduce:5574	0x3 * ~ (v2 ^ v0) + 0x3 * (v1 & v2) - 0x6 * (v1 & v2 & v0) - (v3 | v4)	0x3 * (~ v0 ^ ~ v1 & v2) - (v3 | v4)	0x3 * (~ v0 ^ ~ v1 & v2) - (v3 | v4)	19	13	14	L→W
neureduce:5585	-0x2 * ((v1 ^ v2) & ~ v0) - ~ v3	v3 + 0x1 - 0x2 * ((v1 ^ v2) & ~ v0)	(-0x1) * 0x2 * (~ v0 & (v1 ^ v2)) + v3 + 0x1	11	10	12	W→W
neureduce:5587	0x3 * (v0 & (v1 ^ v2)) - ~ (v3 | v4) + (v1 ^ v2)	0x1 + 0x3 * (v0 & (v1 ^ v2)) + (v3 | v4) + (v1 ^ v2)	(~ v0 & (v1 ^ v2)) + 0x4 * (v0 & (v1 ^ v2)) + (v3 | v4) + 0x1	15	14	18	W→W
neureduce:5600	0x3 * (v1 ^ v2) - 0x2 * (v0 & (v1 ^ v2)) - ~ v3	v3 + 0x1 + 0x3 * (v1 ^ v2) - 0x2 * (v0 & (v1 ^ v2))	0x3 * (~ v0 & (v1 ^ v2)) + (v0 & (v1 ^ v2)) + v3 + 0x1	14	13	16	W→W
neureduce:5613	-0x2 * (v1 ^ v2) - ~ v3	v3 + 0x1 - 0x2 * (v1 ^ v2)	(-0x1) * 0x2 * (~ v0 & (v1 ^ v2)) - 0x2 * (v0 & (v1 ^ v2)) + v3 + 0x1	8	7	20	W→W
neureduce:5639	0x8 * ~ v1 + 0xc * (v0 & v1) - 0x4 * v0	-0x8 - 0x4 * v0 - 0x8 * v1 + 0xc * (v0 & v1)	0x4 * ~ (v0 ^ v1) + 0x4 * (v0 | ~ v1)	10	10	13	W→W
neureduce:5642	0x6 * (v1 ^ v2) - 0x5 * (v0 & (v1 ^ v2)) - ~ (v3 | v4)	0x1 + 0x6 * (v1 ^ v2) - 0x5 * (v0 & (v1 ^ v2)) + (v3 | v4)	0x6 * (~ v0 & (v1 ^ v2)) + (v0 & (v1 ^ v2)) + (v3 | v4) + 0x1	16	15	18	W→W
neureduce:5644	(-0x1) * ~ v0	0x1 + v0	(-0x1) * ~ v0	3	3	3	T→T
neureduce:5653	0x1 - (v1 & ~ v0)	0x1 - v1 + (v1 & v0)	-(~ v0 & v1) + 0x1	7	7	7	T→T
neureduce:5676	0x8 * (v0 & (v1 ^ v2)) - 0x7 * (v1 ^ v2) - ~ (v3 & v4)	0x1 + 0x8 * (v0 & (v1 ^ v2)) - 0x7 * (v1 ^ v2) + (v3 & v4)	(-0x1) * 0x7 * (~ v0 & (v1 ^ v2)) + (v0 & (v1 ^ v2)) + (v3 & v4) + 0x1	16	15	19	W→W
neureduce:5677	0x5 * ~ v1 + 0x8 * (v0 & v1) - 0x4 * v0	~ v1 + 0x4 * ~ (v0 ^ v1)	0x4 * ~ (v0 ^ v1) + ~ v1	10	8	9	L→W
neureduce:5690	0x2 * (v1 ^ v2) + 0x3 * (v0 & (v1 ^ v2)) - ~ v3	v3 + 0x1 + 0x2 * (v1 ^ v2) + 0x3 * (v0 & (v1 ^ v2))	0x2 * (~ v0 & (v1 ^ v2)) + 0x5 * (v0 & (v1 ^ v2)) + v3 + 0x1	14	13	18	W→W
neureduce:5727	-0x5 * ~ v0 - (v1 & ~ v0)	0x5 + 0x5 * v0 - v1 + (v0 & v1)	(v0 | ~ v1) - 0x5 * ~ v0 + 0x1	9	9	11	W→W
neureduce:5733	v3 + 0x4 * ~ (v0 | v1)	v3 - 0x4 - 0x4 * (v0 | v1)	0x4 * (~ v0 & ~ v1) + v3	7	7	9	W→W
neureduce:5735	0x3 * ~ (v0 | v1) + (v3 & v4)	-0x3 - 0x3 * (v0 | v1) + (v3 & v4)	0x3 * (~ v0 & ~ v1) + (v3 & v4)	9	9	11	W→W
neureduce:5743	0x6 * ~ v0 - 0xc * (v1 & ~ v0)	-0x6 - 0xc * (v1 & ~ v0) - 0x6 * v0	(-0x1) * 0x6 * (v0 ^ v1) + 0x6 * ~ v1	9	9	11	W→W
neureduce:5758	0xa * ~ v1 + 0x10 * (v0 & v1) - 0x8 * v0	0x2 * ~ v1 + 0x8 * ~ (v0 ^ v1)	0x8 * ~ (v0 ^ v1) + 0x2 * ~ v1	10	9	11	W→W
neureduce:5772	(-0x1) * ~ (v0 | v1)	0x1 + (v0 | v1)	(-0x1) * (~ v0 & ~ v1)	5	5	6	W→W
neureduce:5775	-0x2 * (v0 & (v1 ^ v2)) - ~ v3 - (v1 ^ v2)	v3 + 0x1 - 0x2 * (v0 & (v1 ^ v2)) - (v1 ^ v2)	-(~ v0 & (v1 ^ v2)) - 0x3 * (v0 & (v1 ^ v2)) + v3 + 0x1	14	13	18	W→W
neureduce:5785	0x4 * (v0 & v2 & v1) - 0x2 * ~ (v0 ^ v2) - 0x2 * (v2 & v1)	(-0x2) * (~ v0 ^ ~ v1 & v2)	(-0x1) * 0x2 * (~ v0 ^ ~ v1 & v2)	15	8	10	L→W
neureduce:5789	-0x2 * v0 - 0x2 * v1 - ~ (v0 & v1)	0x1 - 0x2 * v0 - 0x2 * v1 + (v0 & v1)	-(v0 & v1) - 0x2 * (v0 | v1) + 0x1	10	9	12	W→W
neureduce:5838	0x6 * (v0 & v2 & v1) - 0x3 * ~ (v0 ^ v2) - 0x3 * (v2 & v1) + (v3 & v4)	-0x3 * (~ v0 ^ ~ v1 & v2) + (v3 & v4)	(-0x1) * 0x3 * (~ v0 ^ ~ v1 & v2) + (v3 & v4)	18	12	14	L→W
neureduce:5839	(-0x1) * ~ (v0 | v1)	0x1 + (v0 | v1)	(-0x1) * (~ v0 & ~ v1)	5	5	6	W→W
neureduce:5845	(-0x1) * ~ (v0 ^ v1)	0x1 + (v0 ^ v1)	(-0x1) * ~ (v0 ^ v1)	5	5	5	T→T
neureduce:5860	-0x6 * ~ (v0 | v1) + (v3 | v4)	0x6 + 0x6 * (v0 | v1) + (v3 | v4)	(-0x1) * 0x6 * (~ v0 & ~ v1) + (v3 | v4)	9	9	12	W→W
neureduce:5877	-0x3 * (v0 & (v1 ^ v2)) - ~ (v1 ^ v2) - (v3 & v4)	0x1 - 0x3 * (v0 & (v1 ^ v2)) - (v3 & v4) + (v1 ^ v2)	(~ v0 & (v1 ^ v2)) - 0x2 * (v0 & (v1 ^ v2)) - (v3 & v4) + 0x1	16	15	20	W→W
neureduce:5905	-0x4 * ((v1 ^ v2) & ~ v0) - ~ (v3 & v4)	0x1 - 0x4 * ((v1 ^ v2) & ~ v0) + (v3 & v4)	(-0x1) * 0x4 * (~ v0 & (v1 ^ v2)) + (v3 & v4) + 0x1	13	12	14	W→W
neureduce:5907	-~ (v3 & v4) + (v0 | v1)	0x1 + (v3 & v4) + (v0 | v1)	-(~ v0 & ~ v1) + (v3 & v4)	9	8	10	W→W
neureduce:5916	0x7 * ~ v0 - 0xe * (v1 & ~ v0)	-0x7 - 0xe * (v1 & ~ v0) - 0x7 * v0	0x7 * (v0 | ~ v1) - 0x7 * (v0 | v1)	9	9	13	W→W
neureduce:5919	0x8 * (v0 & (v1 ^ v2)) - 0x5 * (v1 ^ v2) - ~ v3	v3 + 0x1 + 0x8 * (v0 & (v1 ^ v2)) - 0x5 * (v1 ^ v2)	(-0x1) * 0x5 * (~ v0 & (v1 ^ v2)) + 0x3 * (v0 & (v1 ^ v2)) + v3 + 0x1	14	13	19	W→W
neureduce:5927	-0x8 * ~ (v0 | v1) + (v3 & v4)	0x8 + 0x8 * (v0 | v1) + (v3 & v4)	(-0x1) * 0x8 * (~ v0 & ~ v1) + (v3 & v4)	9	9	12	W→W
neureduce:5974	0x2 * (v0 & v1) + 0x4 * ~ v1 - v0	~ (v0 ^ v1) + 0x3 * ~ v1	~ (v0 ^ v1) + 0x3 * ~ v1	10	8	9	L→W
neureduce:5981	0x6 * ~ v1 - 0x7 * (v0 & ~ v1)	-0x6 - 0x7 * (v0 & ~ v1) - 0x6 * v1	(-0x1) * 0x7 * (v0 & ~ v1) + 0x6 * ~ v1	9	9	12	W→W
neureduce:5986	-0x2 * ~ (v0 | v1) - (v3 | v4)	0x2 + 0x2 * (v0 | v1) - (v3 | v4)	(-0x1) * 0x2 * (~ v0 & ~ v1) - (v3 | v4)	10	10	13	W→W
neureduce:5999	-0x3 * (v1 ^ v2) - 0x2 * ~ (v0 & (v1 ^ v2))	0x2 + 0x2 * (v0 & (v1 ^ v2)) - 0x3 * (v1 ^ v2)	(-0x1) * 0x3 * (~ v0 & (v1 ^ v2)) - (v0 & (v1 ^ v2)) + 0x2	12	12	17	W→W
neureduce:6001	(-0x1) * ~ v1	0x1 + v1	v1 + 0x1	3	3	3	T→T
neureduce:6004	0x6 * (v1 & v0) - 0x3 * v0 - 0x2 * ~ v1	0x3 * ~ (v0 ^ v1) - 0x5 * ~ v1	0x3 * ~ (v0 ^ v1) - 0x5 * ~ v1	10	9	12	W→W
neureduce:6011	0x4 * ~ (v0 | v1) + (v3 | v4)	-0x4 - 0x4 * (v0 | v1) + (v3 | v4)	0x4 * (~ v0 & ~ v1) + (v3 | v4)	9	9	11	W→W
neureduce:6019	0x1 - (v0 & ~ v1)	0x1 - v0 + (v0 & v1)	-(v0 & ~ v1) + 0x1	7	7	7	T→T
neureduce:6023	0x4 * (v0 & (v1 ^ v2)) - 0x2 * (v1 ^ v2) - ~ (v3 | v4)	0x1 + 0x4 * (v0 & (v1 ^ v2)) - 0x2 * (v1 ^ v2) + (v3 | v4)	(-0x1) * 0x2 * (~ v0 & (v1 ^ v2)) + 0x2 * (v0 & (v1 ^ v2)) + (v3 | v4) + 0x1	16	15	21	W→W
neureduce:6051	(-0x1) * ~ v0	0x1 + v0	(-0x1) * ~ v0	3	3	3	T→T
neureduce:6060	-0xe * (v0 & (v1 ^ v2)) - v3 - ~ (v1 ^ v2)	0x1 - 0xe * (v0 & (v1 ^ v2)) - v3 + (v1 ^ v2)	(~ v0 & (v1 ^ v2)) - 0xd * (v0 & (v1 ^ v2)) - v3 + 0x1	14	13	18	W→W
neureduce:6069	0x2 * (v0 | v2) - 0x2 * ~ (v0 & v2 & v1) - 0x2 * (v0 & v1) + (v3 & v4)	0x2 + 0x2 * (v0 & ~ v1 | v2) + (v3 & v4)	0x2 * (v0 & ~ v1 | v2) + (v3 & v4) + 0x2	18	12	13	L→W
neureduce:6077	0x4 * ~ v0 - 0x4 * (v0 & v1)	-0x4 - 0x4 * v0 - 0x4 * (v0 & v1)	0x4 * ~ (v0 & v1) - 0x4 * v0	8	8	11	W→W
neureduce:6109	(-0x1) * ~ v0	0x1 + v0	v0 + 0x1	3	3	3	T→T
neureduce:6115	0x3 * ~ v0 + (v1 & ~ v0)	-0x3 - 0x3 * v0 + (v1 & ~ v0)	-(v0 | ~ v1) + 0x3 * ~ v0 - 0x1	8	8	12	W→W
neureduce:6185	(-0x1) * ~ v1	0x1 + v1	(-0x1) * ~ v1	3	3	3	T→T
neureduce:6189	0x4 * (v0 & (v1 ^ v2)) - ~ v3 - (v1 ^ v2)	v3 + 0x1 + 0x4 * (v0 & (v1 ^ v2)) - (v1 ^ v2)	-(~ v0 & (v1 ^ v2)) + 0x3 * (v0 & (v1 ^ v2)) + v3 + 0x1	14	13	17	W→W
neureduce:6191	-0x5 * ~ v0 - (v1 & ~ v0)	0x5 + 0x5 * v0 - v1 + (v0 & v1)	(v0 | ~ v1) - 0x5 * ~ v0 + 0x1	9	9	11	W→W
neureduce:6218	0x2 * (v0 & (v1 ^ v2)) - ~ (v3 | v4) - (v1 ^ v2)	0x1 + 0x2 * (v0 & (v1 ^ v2)) - (v1 ^ v2) + (v3 | v4)	-(~ v0 & (v1 ^ v2)) + (v0 & (v1 ^ v2)) + (v3 | v4) + 0x1	16	15	17	W→W
neureduce:6249	-0x1 + 0x3 * (v0 & v2 & v1) + 0x3 * (v0 | v2) - 0x3 * (v0 & v1)	-0x1 + 0x3 * (v0 & ~ v1 | v2)	0x3 * (v0 & ~ v1 | v2) - 0x1	15	9	11	L→W
neureduce:6250	0x4 * ~ (v2 ^ v0) + 0x4 * (v1 & v2) - 0x8 * (v1 & v2 & v0)	0x4 * (~ v0 ^ ~ v1 & v2)	0x4 * (~ v0 ^ ~ v1 & v2)	15	8	9	L→W
neureduce:6255	-0x6 - 0x5 * v0 - (v1 & ~ v0)	-0x6 - 0x5 * v0 - v1 + (v0 & v1)	(v0 | ~ v1) + 0x5 * ~ v0	9	9	9	T→T
neureduce:6310	v3 + 0x2 * ~ (v0 & (v1 ^ v2)) + (v1 ^ v2)	v3 - 0x2 - 0x2 * (v0 & (v1 ^ v2)) + (v1 ^ v2)	(~ v0 & (v1 ^ v2)) - (v0 & (v1 ^ v2)) + v3 - 0x2	12	12	16	W→W
neureduce:6328	-0x2 * ~ (v0 | v1) + (v3 | v4)	0x2 + 0x2 * (v0 | v1) + (v3 | v4)	(-0x1) * 0x2 * (~ v0 & ~ v1) + (v3 | v4)	9	9	12	W→W
neureduce:6353	0x8 * ~ (v0 | v1) - v3	-0x8 - 0x8 * (v0 | v1) - v3	0x8 * (~ v0 & ~ v1) - v3	8	8	10	W→W
neureduce:6357	-0x3 * ((v1 ^ v2) & ~ v0) - ~ (v3 & v4)	0x1 - 0x3 * ((v1 ^ v2) & ~ v0) + (v3 & v4)	(-0x1) * 0x3 * (~ v0 & (v1 ^ v2)) + (v3 & v4) + 0x1	13	12	14	W→W
neureduce:6366	-0x4 * ~ (v0 | v1) - (v3 & v4)	0x4 + 0x4 * (v0 | v1) - (v3 & v4)	(-0x1) * 0x4 * (~ v0 & ~ v1) - (v3 & v4)	10	10	13	W→W
neureduce:6368	0x6 * ~ (v0 | v1) + (v3 & v4)	-0x6 - 0x6 * (v0 | v1) + (v3 & v4)	0x6 * (~ v0 & ~ v1) + (v3 & v4)	9	9	11	W→W
neureduce:6395	-0x6 * (v2 | v0 | v1) - ~ (v3 & v4)	0x1 - 0x6 * (v2 | v0 | v1) + (v3 & v4)	(-0x1) * 0x6 * (v0 | v1 | v2) + (v3 & v4) + 0x1	11	10	12	W→W
neureduce:6409	(-0x1) * ~ v0	0x1 + v0	v0 + 0x1	3	3	3	T→T
neureduce:6443	0x6 * ~ (v2 ^ v0) + 0x6 * (v1 & v2) - 0xc * (v1 & v2 & v0)	0x6 * (~ v0 ^ ~ v1 & v2)	0x6 * (~ v0 ^ ~ v1 & v2)	15	8	9	L→W
neureduce:6445	-0x2 * (v0 & (v1 ^ v2)) - v3 - ~ (v1 ^ v2)	0x1 - 0x2 * (v0 & (v1 ^ v2)) - v3 + (v1 ^ v2)	(~ v0 & (v1 ^ v2)) - (v0 & (v1 ^ v2)) - v3 + 0x1	14	13	16	W→W
neureduce:6481	-0x6 * v0 - (~ v1 | v0)	0x1 - 0x6 * v0 + (v1 & ~ v0)	(-0x1) * 0x6 * v0 - (v0 | ~ v1)	8	8	10	W→W
neureduce:6482	(-0x1) * ~ (v0 | v1)	0x1 + (v0 | v1)	(-0x1) * (~ v0 & ~ v1)	5	5	6	W→W
neureduce:6511	-~ (v0 | v1) - (v3 & v4)	0x1 - (v3 & v4) + (v0 | v1)	-(~ v0 & ~ v1) - (v3 & v4)	10	9	11	W→W
neureduce:6531	-0x5 * ~ (v0 | v1) + (v3 | v4)	0x5 + 0x5 * (v0 | v1) + (v3 | v4)	(-0x1) * 0x5 * (~ v0 & ~ v1) + (v3 | v4)	9	9	12	W→W
neureduce:6538	0x6 * (v0 & v1) + 0x8 * ~ v1 - 0x3 * v0	0x3 * ~ (v0 ^ v1) + 0x5 * ~ v1	0x3 * ~ (v0 ^ v1) + 0x5 * ~ v1	10	9	11	W→W
neureduce:6541	-0x2 * v0 - 0x2 * v1 - ~ (v0 & v1)	0x1 - 0x2 * v0 - 0x2 * v1 + (v0 & v1)	-(v0 & v1) - 0x2 * (v0 | v1) + 0x1	10	9	12	W→W
neureduce:6584	0x1 - (v0 & ~ v1)	0x1 - v0 + (v0 & v1)	-(v0 & ~ v1) + 0x1	7	7	7	T→T
neureduce:6586	0x5 * (v1 & v0) - 0x8 * v0 - 0x3 * ~ v1	0x3 + 0x3 * v1 - 0x8 * v0 + 0x5 * (v1 & v0)	(-0x1) * 0x3 * (v0 | ~ v1) - 0x8 * (v0 & ~ v1)	10	10	15	W→W
neureduce:6594	0x2 * (v0 & v2 & v1) - ~ (v0 ^ v2) - (v2 & v1)	(-0x1) * (~ v0 ^ ~ v1 & v2)	(-0x1) * (~ v0 ^ ~ v1 & v2)	15	8	8	L→T
neureduce:6596	0x6 * ~ v1 + 0xa * (v0 & v1) - 0x5 * v0	~ v1 + 0x5 * ~ (v0 ^ v1)	0x5 * ~ (v0 ^ v1) + ~ v1	10	8	9	L→W
neureduce:6628	(-0x1) * ~ (v1 ^ v2)	0x1 + (v1 ^ v2)	(~ v0 & (v1 ^ v2)) + (v0 & (v1 ^ v2)) + 0x1	5	5	13	W→W
neureduce:6639	0x6 * (v1 & v0) - 0x3 * v0 - 0x2 * ~ v1	0x3 * ~ (v0 ^ v1) - 0x5 * ~ v1	0x3 * ~ (v0 ^ v1) - 0x5 * ~ v1	10	9	12	W→W
neureduce:6651	v3 - 0x2 * ~ (v0 | v1)	v3 + 0x2 + 0x2 * (v0 | v1)	(-0x1) * 0x2 * (~ v0 & ~ v1) + v3	7	7	10	W→W
neureduce:6652	0x5 * ~ v0 - (v1 & ~ v0)	-0x5 - 0x5 * v0 - v1 + (v0 & v1)	(v0 | ~ v1) + 0x5 * ~ v0 + 0x1	9	9	10	W→W
neureduce:6684	0xa * (v0 & v2 & v1) - 0x5 * ~ (v0 ^ v2) - 0x5 * (v2 & v1)	(-0x5) * (~ v0 ^ ~ v1 & v2)	(-0x1) * 0x5 * (~ v0 ^ ~ v1 & v2)	15	8	10	L→W
neureduce:6743	-0x3 * (v0 & (v1 ^ v2)) - ~ (v1 ^ v2) - (v3 | v4)	0x1 - 0x3 * (v0 & (v1 ^ v2)) - (v3 | v4) + (v1 ^ v2)	(~ v0 & (v1 ^ v2)) - 0x2 * (v0 & (v1 ^ v2)) - (v3 | v4) + 0x1	16	15	20	W→W
neureduce:6759	0x2 * ~ (v2 ^ v0) + 0x2 * (v1 & v2) - 0x4 * (v1 & v2 & v0)	0x2 * (~ v0 ^ ~ v1 & v2)	0x2 * (~ v0 ^ ~ v1 & v2)	15	8	9	L→W
neureduce:6775	0x2 * ~ v1 + 0xa * (v0 & v1) - 0x5 * v0	0x5 * ~ (v0 ^ v1) - 0x3 * ~ v1	0x5 * ~ (v0 ^ v1) - 0x3 * ~ v1	10	9	12	W→W
neureduce:6797	0x2 * ~ (v0 & (v1 ^ v2)) - 0x2 * (v1 ^ v2) + (v3 & v4)	-0x2 - 0x2 * (v0 & (v1 ^ v2)) - 0x2 * (v1 ^ v2) + (v3 & v4)	(-0x1) * 0x2 * (~ v0 & (v1 ^ v2)) - 0x4 * (v0 & (v1 ^ v2)) + (v3 & v4) - 0x2	15	15	23	W→W
neureduce:6798	v3 + 0x3 * ~ (v0 | v1)	v3 - 0x3 - 0x3 * (v0 | v1)	0x3 * (~ v0 & ~ v1) + v3	7	7	9	W→W
neureduce:6815	v3 + 0x3 * ~ (v0 | v1)	v3 - 0x3 - 0x3 * (v0 | v1)	0x3 * (~ v0 & ~ v1) + v3	7	7	9	W→W
neureduce:6828	-0x2 * ~ v0 - (v1 & ~ v0)	0x2 + 0x2 * v0 - v1 + (v0 & v1)	(v0 | ~ v1) - 0x2 * ~ v0 + 0x1	9	9	11	W→W
neureduce:6831	0x8 * (v0 & (v1 ^ v2)) - 0x5 * (v1 ^ v2) - ~ (v3 & v4)	0x1 + 0x8 * (v0 & (v1 ^ v2)) - 0x5 * (v1 ^ v2) + (v3 & v4)	(-0x1) * 0x5 * (~ v0 & (v1 ^ v2)) + 0x3 * (v0 & (v1 ^ v2)) + (v3 & v4) + 0x1	16	15	21	W→W
neureduce:6833	(-0x1) * ~ v1	0x1 + v1	v1 + 0x1	3	3	3	T→T
neureduce:6838	v0 - (v1 & ~ v0)	v0 - v1 + (v0 & v1)	(v0 | ~ v1) - ~ v0	7	7	8	W→W
neureduce:6850	-0x2 * v0 - 0x2 * v1 - ~ (v0 & v1)	0x1 - 0x2 * v0 - 0x2 * v1 + (v0 & v1)	-(v0 & v1) - 0x2 * (v0 | v1) + 0x1	10	9	12	W→W
neureduce:6862	-0x2 * ~ (v0 | v1) + (v3 & v4)	0x2 + 0x2 * (v0 | v1) + (v3 & v4)	(-0x1) * 0x2 * (~ v0 & ~ v1) + (v3 & v4)	9	9	12	W→W
neureduce:6870	0x2 * (v0 & (v1 ^ v2)) - ~ v3 - (v1 ^ v2)	v3 + 0x1 + 0x2 * (v0 & (v1 ^ v2)) - (v1 ^ v2)	-(~ v0 & (v1 ^ v2)) + (v0 & (v1 ^ v2)) + v3 + 0x1	14	13	15	W→W
neureduce:6875	-0x3 * (v1 ^ v2) - ~ (v3 | v4) - (v0 & (v1 ^ v2))	0x1 - 0x3 * (v1 ^ v2) - (v0 & (v1 ^ v2)) + (v3 | v4)	(-0x1) * 0x3 * (~ v0 & (v1 ^ v2)) - 0x4 * (v0 & (v1 ^ v2)) + (v3 | v4) + 0x1	16	15	22	W→W
neureduce:6891	-~ v3 - ((v1 ^ v2) & ~ v0)	v3 + 0x1 - ((v1 ^ v2) & ~ v0)	-(~ v0 & (v1 ^ v2)) + v3 + 0x1	11	10	10	L→T
neureduce:6905	(-0x1) * ~ (v0 | v1)	0x1 + (v0 | v1)	(-0x1) * (~ v0 & ~ v1)	5	5	6	W→W
neureduce:6977	(-0x1) * ~ v1	0x1 + v1	v1 + 0x1	3	3	3	T→T
neureduce:6990	0x7 * ~ (v0 | v1) - (v3 & v4)	-0x7 - 0x7 * (v0 | v1) - (v3 & v4)	0x7 * (~ v0 & ~ v1) - (v3 & v4)	10	10	12	W→W
neureduce:6992	(-0x1) * ~ v0	0x1 + v0	v0 + 0x1	3	3	3	T→T
neureduce:7028	0x2 * (v0 & (v1 ^ v2)) - ~ (v3 & v4) - (v1 ^ v2)	0x1 + 0x2 * (v0 & (v1 ^ v2)) - (v1 ^ v2) + (v3 & v4)	-(~ v0 & (v1 ^ v2)) + (v0 & (v1 ^ v2)) + (v3 & v4) + 0x1	16	15	17	W→W
neureduce:7033	(-0x1) * ~ v0	0x1 + v0	v0 + 0x1	3	3	3	T→T
neureduce:7037	(-0x1) * ~ (v0 | v1)	0x1 + (v0 | v1)	(-0x1) * (~ v0 & ~ v1)	5	5	6	W→W
neureduce:7049	0x4 * ~ v1 + 0xe * (v0 & v1)	-0x4 - 0x4 * v1 + 0xe * (v0 & v1)	0x4 * (v0 | ~ v1) + 0xa * (v0 & v1)	8	8	12	W→W
neureduce:7079	0x2 * ~ (v0 & (v1 ^ v2)) - 0x4 * (v1 ^ v2) - (v3 | v4)	-0x2 - 0x4 * (v1 ^ v2) - 0x2 * (v0 & (v1 ^ v2)) - (v3 | v4)	(-0x1) * 0x4 * (~ v0 & (v1 ^ v2)) - 0x6 * (v0 & (v1 ^ v2)) - (v3 | v4) - 0x2	16	16	24	W→W
neureduce:7125	0x4 * ~ v0 + 0x9 * (v0 & v1) - 0x5 * v1	-0x4 - 0x4 * v0 - 0x5 * v1 + 0x9 * (v0 & v1)	0x5 * ~ (v0 ^ v1) - ~ (v0 & ~ v1)	10	10	13	W→W
neureduce:7140	0x2 * (v0 & v1) + 0x7 * ~ v1	-0x7 - 0x7 * v1 + 0x2 * (v0 & v1)	0x2 * (v0 & v1) + 0x7 * ~ v1	8	8	10	W→W
neureduce:7141	0x2 * (v0 & v2 & v1) - ~ v3 - (v2 & v1) + (v0 ^ v2)	v3 - (~ v0 ^ ~ v1 & v2)	-(~ v0 ^ ~ v1 & v2) + v3	16	10	10	L→T
neureduce:7144	-0x2 * ~ (v0 | v1) - (v3 & v4)	0x2 + 0x2 * (v0 | v1) - (v3 & v4)	(-0x1) * 0x2 * (~ v0 & ~ v1) - (v3 & v4)	10	10	13	W→W
neureduce:7149	0x2 * ~ (v0 | v1) - (v3 & v4)	-0x2 - 0x2 * (v0 | v1) - (v3 & v4)	0x2 * (~ v0 & ~ v1) - (v3 & v4)	10	10	12	W→W
neureduce:7174	(-0x1) * ~ v0	0x1 + v0	v0 + 0x1	3	3	3	T→T
neureduce:7196	0x4 * ~ (v0 | v1) - (v3 | v4)	-0x4 - 0x4 * (v0 | v1) - (v3 | v4)	0x4 * (~ v0 & ~ v1) - (v3 | v4)	10	10	12	W→W
neureduce:7239	0xb * ~ v1 + 0xe * (v0 & v1) - 0x7 * v0	0x4 * ~ v1 + 0x7 * ~ (v0 ^ v1)	0x7 * ~ (v0 ^ v1) + 0x4 * ~ v1	10	9	11	W→W
neureduce:7252	-v3 - ~ (v0 | v1)	0x1 - v3 + (v0 | v1)	-(~ v0 & ~ v1) - v3	8	7	9	W→W
neureduce:7298	0x4 * ~ (v0 | v1) - (v3 & v4)	-0x4 - 0x4 * (v0 | v1) - (v3 & v4)	0x4 * (~ v0 & ~ v1) - (v3 & v4)	10	10	12	W→W
neureduce:7320	0x2 * ~ v0 + 0x4 * (v0 & v1) - 0x3 * v1	-0x2 - 0x2 * v0 - 0x3 * v1 + 0x4 * (v0 & v1)	0x2 * ~ (v0 ^ v1) + ~ v1 + 0x1	10	10	10	T→T
neureduce:7341	0x6 * (v1 ^ v2) - 0x2 * (v0 & (v1 ^ v2)) - ~ v3	v3 + 0x1 + 0x6 * (v1 ^ v2) - 0x2 * (v0 & (v1 ^ v2))	0x6 * (~ v0 & (v1 ^ v2)) + 0x4 * (v0 & (v1 ^ v2)) + v3 + 0x1	14	13	18	W→W
neureduce:7344	-0x6 * ~ v0 - (v1 & ~ v0)	0x6 + 0x6 * v0 - v1 + (v0 & v1)	(v0 | ~ v1) - 0x6 * ~ v0 + 0x1	9	9	11	W→W
neureduce:7346	-0x4 * ~ v0 - (v1 & ~ v0)	0x4 + 0x4 * v0 - v1 + (v0 & v1)	(v0 | ~ v1) - 0x4 * ~ v0 + 0x1	9	9	11	W→W
neureduce:7348	0x5 * ~ (v0 | v1) + (v3 & v4)	-0x5 - 0x5 * (v0 | v1) + (v3 & v4)	0x5 * (~ v0 & ~ v1) + (v3 & v4)	9	9	11	W→W
neureduce:7353	-~ v3 - ((v1 ^ v2) & ~ v0)	v3 + 0x1 - ((v1 ^ v2) & ~ v0)	-(~ v0 & (v1 ^ v2)) + v3 + 0x1	11	10	10	L→T
neureduce:7366	0xe * (v0 & v1) + 0x10 * ~ v1 - 0x7 * v0	0x7 * ~ (v0 ^ v1) + 0x9 * ~ v1	0x7 * ~ (v0 ^ v1) + 0x9 * ~ v1	10	9	11	W→W
neureduce:7382	(-0x1) * ~ (v0 | v1)	0x1 + (v0 | v1)	(-0x1) * (~ v0 & ~ v1)	5	5	6	W→W
neureduce:7385	0x1 - (v1 & ~ v0)	0x1 - v1 + (v1 & v0)	-(~ v0 & v1) + 0x1	7	7	7	T→T
neureduce:7387	0x8 * (v0 & v2 & v1) - 0x4 * ~ (v0 ^ v2) - 0x4 * (v2 & v1)	(-0x4) * (~ v0 ^ ~ v1 & v2)	(-0x1) * 0x4 * (~ v0 ^ ~ v1 & v2)	15	8	10	L→W
neureduce:7395	0x3 * ((v1 ^ v2) & ~ v0) - ~ (v3 & v4)	0x1 + 0x3 * ((v1 ^ v2) & ~ v0) + (v3 & v4)	0x3 * (~ v0 & (v1 ^ v2)) + (v3 & v4) + 0x1	13	12	13	T→W
neureduce:7401	-0x2 * (v1 ^ v2) - ~ v3	v3 + 0x1 - 0x2 * (v1 ^ v2)	(-0x1) * 0x2 * (~ v0 & (v1 ^ v2)) - 0x2 * (v0 & (v1 ^ v2)) + v3 + 0x1	8	7	20	W→W
neureduce:7403	-0x3 * (v1 ^ v2) - 0x2 * ~ (v0 & (v1 ^ v2)) - (v3 & v4)	0x2 + 0x2 * (v0 & (v1 ^ v2)) - 0x3 * (v1 ^ v2) - (v3 & v4)	(-0x1) * 0x3 * (~ v0 & (v1 ^ v2)) - (v0 & (v1 ^ v2)) - (v3 & v4) + 0x2	16	16	21	W→W
neureduce:7427	0x3 * (v1 ^ v2) - 0x2 * (v0 & (v1 ^ v2)) - ~ v3	v3 + 0x1 + 0x3 * (v1 ^ v2) - 0x2 * (v0 & (v1 ^ v2))	0x3 * (~ v0 & (v1 ^ v2)) + (v0 & (v1 ^ v2)) + v3 + 0x1	14	13	16	W→W
neureduce:7520	0x7 * ~ v1 + 0xa * (v0 & v1) - 0x5 * v0	0x2 * ~ v1 + 0x5 * ~ (v0 ^ v1)	0x5 * ~ (v0 ^ v1) + 0x2 * ~ v1	10	9	11	W→W
neureduce:7527	0x4 * (v0 & (v1 ^ v2)) - ~ (v3 | v4) - (v1 ^ v2)	0x1 + 0x4 * (v0 & (v1 ^ v2)) - (v1 ^ v2) + (v3 | v4)	-(~ v0 & (v1 ^ v2)) + 0x3 * (v0 & (v1 ^ v2)) + (v3 | v4) + 0x1	16	15	19	W→W
neureduce:7532	-0x3 * (v0 & (v1 ^ v2)) - ~ (v1 ^ v2)	0x1 - 0x3 * (v0 & (v1 ^ v2)) + (v1 ^ v2)	(~ v0 & (v1 ^ v2)) - 0x2 * (v0 & (v1 ^ v2)) + 0x1	12	11	16	W→W
neureduce:7542	0x2 * ~ (v0 & (v1 ^ v2)) + 0x4 * (v1 ^ v2)	-0x2 + 0x4 * (v1 ^ v2) - 0x2 * (v0 & (v1 ^ v2))	0x4 * (~ v0 & (v1 ^ v2)) + 0x2 * (v0 & (v1 ^ v2)) - 0x2	12	12	18	W→W
neureduce:7550	0x1 - (v1 & ~ v0)	0x1 - v1 + (v1 & v0)	-(~ v0 & v1) + 0x1	7	7	7	T→T
neureduce:7598	0x8 * ~ v1 + 0xc * (v0 & v1) - 0x6 * v0	0x2 * ~ v1 + 0x6 * ~ (v0 ^ v1)	0x6 * ~ (v0 ^ v1) + 0x2 * ~ v1	10	9	11	W→W
neureduce:7599	0x8 * (v0 & (v1 ^ v2)) - 0x2 * ~ (v1 ^ v2) - v3	0x2 + 0x2 * (v1 ^ v2) + 0x8 * (v0 & (v1 ^ v2)) - v3	0x2 * (~ v0 & (v1 ^ v2)) + 0xa * (v0 & (v1 ^ v2)) - v3 + 0x2	14	14	19	W→W
neureduce:7623	0x2 * v0 - ~ v1	0x1 + v1 + 0x2 * v0	0x2 * v0 + v1 + 0x1	6	5	6	T→W
neureduce:7627	(-0x1) * ~ (v0 ^ v1)	0x1 + (v0 ^ v1)	(-0x1) * ~ (v0 ^ v1)	5	5	5	T→T
neureduce:7635	-0x3 * (v0 & (v1 ^ v2)) - 0x2 * ~ (v1 ^ v2) + (v3 & v4)	0x2 + 0x2 * (v1 ^ v2) - 0x3 * (v0 & (v1 ^ v2)) + (v3 & v4)	0x2 * (~ v0 & (v1 ^ v2)) - (v0 & (v1 ^ v2)) + (v3 & v4) + 0x2	15	15	19	W→W
neureduce:7659	0x2 * ~ (v0 & (v1 ^ v2)) - 0x3 * (v1 ^ v2)	-0x2 - 0x3 * (v1 ^ v2) - 0x2 * (v0 & (v1 ^ v2))	(-0x1) * 0x3 * (~ v0 & (v1 ^ v2)) - 0x5 * (v0 & (v1 ^ v2)) - 0x2	12	12	20	W→W
neureduce:7670	(-0x1) * ~ (v0 | v1)	0x1 + (v0 | v1)	(-0x1) * (~ v0 & ~ v1)	5	5	6	W→W
neureduce:7692	v3 - 0x3 * ~ (v0 | v1)	v3 + 0x3 + 0x3 * (v0 | v1)	(-0x1) * 0x3 * (~ v0 & ~ v1) + v3	7	7	10	W→W
neureduce:7710	0x4 * ~ (v0 | v1) + (v3 & v4)	-0x4 - 0x4 * (v0 | v1) + (v3 & v4)	0x4 * (~ v0 & ~ v1) + (v3 & v4)	9	9	11	W→W
neureduce:7711	-(v0 & v2 & v1) - (v0 | v2) + (v0 & v1)	(-0x1) * (v0 & ~ v1 | v2)	(-0x1) * (v0 & ~ v1 | v2)	13	7	7	L→T
neureduce:7745	(-0x1) * ~ v1	0x1 + v1	v1 + 0x1	3	3	3	T→T
neureduce:7770	0xe * (v0 & v2 & v1) - 0x7 * ~ (v0 ^ v2) - 0x7 * (v2 & v1)	(-0x7) * (~ v0 ^ ~ v1 & v2)	(-0x1) * 0x7 * (~ v0 ^ ~ v1 & v2)	15	8	10	L→W
neureduce:7813	0x3 * ~ (v0 | v1) - v3	-0x3 - 0x3 * (v0 | v1) - v3	0x3 * (~ v0 & ~ v1) - v3	8	8	10	W→W
neureduce:7815	(-0x1) * ~ v1	0x1 + v1	v1 + 0x1	3	3	3	T→T
neureduce:7819	-~ (v0 | v1) - (v3 | v4)	0x1 - (v3 | v4) + (v0 | v1)	-(~ v0 & ~ v1) - (v3 | v4)	10	9	11	W→W
neureduce:7837	(-0x1) * ~ (v0 | v1)	0x1 + (v0 | v1)	(-0x1) * (~ v0 & ~ v1)	5	5	6	W→W
neureduce:7839	0x3 * ~ v0 + 0x6 * (v0 & v1) - 0x2 * v1	-0x3 - 0x3 * v0 - 0x2 * v1 + 0x6 * (v0 & v1)	0x3 * ~ (v0 ^ v1) - ~ v1 - 0x1	10	10	12	W→W
neureduce:7907	0x5 * v1 - 0x5 * ~ v0	0x5 + 0x5 * v0 + 0x5 * v1	(-0x1) * 0x5 * ~ (v0 | v1) + 0x5 * (v0 & v1)	6	6	13	W→W
neureduce:7910	0x1 - (v0 & ~ v1)	0x1 - v0 + (v0 & v1)	-(v0 & ~ v1) + 0x1	7	7	7	T→T
neureduce:7935	v3 + 0x2 * ~ (v0 | v1)	v3 - 0x2 - 0x2 * (v0 | v1)	0x2 * (~ v0 & ~ v1) + v3	7	7	9	W→W
neureduce:7936	0x2 * v1 - 0x6 * (v1 & v0) - 0x3 * ~ v0	0x3 + 0x2 * v1 + 0x3 * v0 - 0x6 * (v1 & v0)	(-0x1) * 0x3 * ~ (v0 ^ v1) + ~ v1 + 0x1	10	10	11	W→W
neureduce:7967	(-0x1) * ~ v1	0x1 + v1	v1 + 0x1	3	3	3	T→T
neureduce:7970	0x3 * ~ v0 + 0x4 * (v0 & v1) - 0x3 * v1	-0x3 - 0x3 * v0 - 0x3 * v1 + 0x4 * (v0 & v1)	-(v0 ^ v1) + 0x2 * ~ (v0 | v1) - 0x1	10	10	13	W→W
neureduce:7978	-0x4 * ((v1 ^ v2) & ~ v0) - ~ (v3 | v4)	0x1 - 0x4 * ((v1 ^ v2) & ~ v0) + (v3 | v4)	(-0x1) * 0x4 * (~ v0 & (v1 ^ v2)) + (v3 | v4) + 0x1	13	12	14	W→W
neureduce:7984	v3 + 0x3 * ~ (v0 | v1)	v3 - 0x3 - 0x3 * (v0 | v1)	0x3 * (~ v0 & ~ v1) + v3	7	7	9	W→W
neureduce:7985	0x3 + 0x4 * v0 - (v1 & ~ v0)	0x3 + 0x4 * v0 - v1 + (v0 & v1)	(v0 | ~ v1) - 0x4 * ~ v0	9	9	10	W→W
neureduce:7987	(-0x1) * ~ (v0 | v1)	0x1 + (v0 | v1)	(-0x1) * (~ v0 & ~ v1)	5	5	6	W→W
neureduce:7990	-~ (v3 & v4) - (v0 & (v1 ^ v2)) - (v1 ^ v2)	0x1 - (v0 & (v1 ^ v2)) - (v1 ^ v2) + (v3 & v4)	-(~ v0 & (v1 ^ v2)) - 0x2 * (v0 & (v1 ^ v2)) + (v3 & v4) + 0x1	16	15	20	W→W
neureduce:7992	-0x5 * (v0 & (v1 ^ v2)) - ~ (v1 ^ v2)	0x1 - 0x5 * (v0 & (v1 ^ v2)) + (v1 ^ v2)	(~ v0 & (v1 ^ v2)) - 0x4 * (v0 & (v1 ^ v2)) + 0x1	12	11	16	W→W
neureduce:8025	-0x2 * ~ v0 - (v0 & v1)	0x2 + 0x2 * v0 - (v0 & v1)	(-0x1) * 0x2 * (~ v0 | v1) - ~ (v0 & v1) - 0x1	8	8	15	W→W
neureduce:8026	v3 - 0x7 * (v0 & (v1 ^ v2)) - 0x2 * ~ (v1 ^ v2)	v3 + 0x2 + 0x2 * (v1 ^ v2) - 0x7 * (v0 & (v1 ^ v2))	0x2 * (~ v0 & (v1 ^ v2)) - 0x5 * (v0 & (v1 ^ v2)) + v3 + 0x2	13	13	19	W→W
neureduce:8084	(-0x1) * ~ (v0 | v1)	0x1 + (v0 | v1)	(-0x1) * (~ v0 & ~ v1)	5	5	6	W→W
neureduce:8100	(-0x1) * ~ v1	0x1 + v1	v1 + 0x1	3	3	3	T→T
neureduce:8112	-0x3 * (v1 ^ v2) - 0x2 * (v0 & (v1 ^ v2)) - ~ (v3 & v4)	0x1 - 0x3 * (v1 ^ v2) - 0x2 * (v0 & (v1 ^ v2)) + (v3 & v4)	(-0x1) * 0x3 * (~ v0 & (v1 ^ v2)) - 0x5 * (v0 & (v1 ^ v2)) + (v3 & v4) + 0x1	16	15	22	W→W
neureduce:8117	-0x2 * v0 - 0x2 * v1 - ~ (v0 & v1)	0x1 - 0x2 * v0 - 0x2 * v1 + (v0 & v1)	-(v0 & v1) - 0x2 * (v0 | v1) + 0x1	10	9	12	W→W
neureduce:8126	(-0x1) * ~ v0	0x1 + v0	v0 + 0x1	3	3	3	T→T
neureduce:8142	-0x5 * ~ (v0 | v1) - (v3 | v4)	0x5 + 0x5 * (v0 | v1) - (v3 | v4)	(-0x1) * 0x5 * (~ v0 & ~ v1) - (v3 | v4)	10	10	13	W→W
neureduce:8150	0x2 * (v0 & v2 & v1) - ~ (v0 ^ v2) - (v2 & v1)	(-0x1) * (~ v0 ^ ~ v1 & v2)	(-0x1) * (~ v0 ^ ~ v1 & v2)	15	8	8	L→T
neureduce:8156	v3 + 0x2 * ~ (v0 & (v1 ^ v2)) + 0x4 * (v1 ^ v2)	v3 - 0x2 + 0x4 * (v1 ^ v2) - 0x2 * (v0 & (v1 ^ v2))	0x4 * (~ v0 & (v1 ^ v2)) + 0x2 * (v0 & (v1 ^ v2)) + v3 - 0x2	13	13	19	W→W
neureduce:8174	0x3 * ~ v0 + 0x6 * (v0 & v1) - 0x2 * v1	-0x3 - 0x3 * v0 - 0x2 * v1 + 0x6 * (v0 & v1)	0x3 * ~ (v0 ^ v1) - ~ v1 - 0x1	10	10	12	W→W
neureduce:8180	0x3 * (v1 ^ v2) - 0x5 * (v0 & (v1 ^ v2)) - ~ v3	v3 + 0x1 + 0x3 * (v1 ^ v2) - 0x5 * (v0 & (v1 ^ v2))	0x3 * (~ v0 & (v1 ^ v2)) - 0x2 * (v0 & (v1 ^ v2)) + v3 + 0x1	14	13	19	W→W
neureduce:8200	(-0x1) * ~ v0	0x1 + v0	(-0x1) * ~ v0	3	3	3	T→T
neureduce:8201	(-0x1) * ~ (v0 | v1)	0x1 + (v0 | v1)	(-0x1) * (~ v0 & ~ v1)	5	5	6	W→W
neureduce:8233	-0x1 - v0 - v1 + (v0 & v1) - v2 + (v0 & v2) + (v1 & v2) - (v0 & v1 & v2) - v3 - v4 + (v3 & v4)	~ (v2 | v0 | v1) - (v3 | v4)	-(v0 | v1 | v2) - (v3 | v4) - 0x1	29	10	12	L→W
neureduce:8255	-0xf * (v0 & (v1 ^ v2)) - ~ (v3 | v4) + (v1 ^ v2)	0x1 - 0xf * (v0 & (v1 ^ v2)) + (v3 | v4) + (v1 ^ v2)	(~ v0 & (v1 ^ v2)) - 0xe * (v0 & (v1 ^ v2)) + (v3 | v4) + 0x1	15	14	19	W→W
neureduce:8259	-0x2 * ~ (v0 | v1) + (v3 | v4)	0x2 + 0x2 * (v0 | v1) + (v3 | v4)	(-0x1) * 0x2 * (~ v0 & ~ v1) + (v3 | v4)	9	9	12	W→W
neureduce:8275	(-0x1) * ~ v0	0x1 + v0	(-0x1) * ~ v0	3	3	3	T→T
neureduce:8326	0x2 * (v0 & (v1 ^ v2)) - 0x4 * (v1 ^ v2) - ~ v3	v3 + 0x1 + 0x2 * (v0 & (v1 ^ v2)) - 0x4 * (v1 ^ v2)	(-0x1) * 0x4 * (~ v0 & (v1 ^ v2)) - 0x2 * (v0 & (v1 ^ v2)) + v3 + 0x1	14	13	20	W→W
neureduce:8358	0x2 * ~ (v1 ^ v2) + 0x4 * (v0 & (v1 ^ v2)) + (v3 & v4)	-0x2 + 0x4 * (v0 & (v1 ^ v2)) - 0x2 * (v1 ^ v2) + (v3 & v4)	(-0x1) * 0x2 * (~ v0 & (v1 ^ v2)) + 0x2 * (v0 & (v1 ^ v2)) + (v3 & v4) - 0x2	15	15	22	W→W
neureduce:8388	0x2 * ~ (v1 ^ v2) - 0x3 * (v0 & (v1 ^ v2)) + (v3 | v4)	-0x2 - 0x3 * (v0 & (v1 ^ v2)) - 0x2 * (v1 ^ v2) + (v3 | v4)	(-0x1) * 0x2 * (~ v0 & (v1 ^ v2)) - 0x5 * (v0 & (v1 ^ v2)) + (v3 | v4) - 0x2	15	15	23	W→W
neureduce:8433	-0x6 - 0x5 * v0 - (v1 & ~ v0)	-0x6 - 0x5 * v0 - v1 + (v0 & v1)	(v0 | ~ v1) + 0x5 * ~ v0	9	9	9	T→T
neureduce:8436	-0x2 * (v1 ^ v2) - ~ (v0 & (v1 ^ v2)) - (v3 & v4)	0x1 - 0x2 * (v1 ^ v2) - (v3 & v4) + (v0 & (v1 ^ v2))	(-0x1) * 0x2 * (~ v0 & (v1 ^ v2)) - (v0 & (v1 ^ v2)) - (v3 & v4) + 0x1	16	15	21	W→W
neureduce:8462	-0x3 * ~ (v0 | v1) + (v3 | v4)	0x3 + 0x3 * (v0 | v1) + (v3 | v4)	(-0x1) * 0x3 * (~ v0 & ~ v1) + (v3 | v4)	9	9	12	W→W
neureduce:8476	0x8 * ~ (v0 | v1) - v3	-0x8 - 0x8 * (v0 | v1) - v3	0x8 * (~ v0 & ~ v1) - v3	8	8	10	W→W
neureduce:8480	0x2 * (v0 | v1) - ~ v3	v3 + 0x1 + 0x2 * (v0 | v1)	(-0x1) * 0x2 * (~ v0 & ~ v1) + v3 - 0x1	8	7	12	W→W
neureduce:8498	(-0x1) * ~ v1	0x1 + v1	v1 + 0x1	3	3	3	T→T
neureduce:8503	0x4 * (v0 & v2 & v1) - 0x2 * ~ (v0 ^ v2) - 0x2 * (v2 & v1) - v3	-0x2 * (~ v0 ^ ~ v1 & v2) - v3	(-0x1) * 0x2 * (~ v0 ^ ~ v1 & v2) - v3	17	11	13	L→W
neureduce:8517	0x5 * (v1 ^ v2) - 0x9 * (v0 & (v1 ^ v2)) - ~ (v3 | v4)	0x1 + 0x5 * (v1 ^ v2) - 0x9 * (v0 & (v1 ^ v2)) + (v3 | v4)	0x5 * (~ v0 & (v1 ^ v2)) - 0x4 * (v0 & (v1 ^ v2)) + (v3 | v4) + 0x1	16	15	21	W→W
neureduce:8520	0x2 * ~ v1 + 0x8 * (v0 & v1) - 0x4 * v0	0x4 * ~ (v0 ^ v1) - 0x2 * ~ v1	0x4 * ~ (v0 ^ v1) - 0x2 * ~ v1	10	9	12	W→W
neureduce:8526	0x3 * (v1 ^ v2) - 0x5 * (v0 & (v1 ^ v2)) - ~ (v3 | v4)	0x1 + 0x3 * (v1 ^ v2) - 0x5 * (v0 & (v1 ^ v2)) + (v3 | v4)	0x3 * (~ v0 & (v1 ^ v2)) - 0x2 * (v0 & (v1 ^ v2)) + (v3 | v4) + 0x1	16	15	21	W→W
neureduce:8541	0x2 * (v0 & (v1 ^ v2)) - ~ (v1 ^ v2)	0x1 + 0x2 * (v0 & (v1 ^ v2)) + (v1 ^ v2)	(~ v0 & (v1 ^ v2)) + 0x3 * (v0 & (v1 ^ v2)) + 0x1	12	11	15	W→W
neureduce:8545	0x4 * ~ (v0 | v1) + (v3 & v4)	-0x4 - 0x4 * (v0 | v1) + (v3 & v4)	0x4 * (~ v0 & ~ v1) + (v3 & v4)	9	9	11	W→W
neureduce:8551	(-0x1) * ~ v1	0x1 + v1	v1 + 0x1	3	3	3	T→T
neureduce:8561	0x3 * (v1 ^ v2) - 0x2 * (v0 & (v1 ^ v2)) - ~ (v3 | v4)	0x1 + 0x3 * (v1 ^ v2) - 0x2 * (v0 & (v1 ^ v2)) + (v3 | v4)	0x3 * (~ v0 & (v1 ^ v2)) + (v0 & (v1 ^ v2)) + (v3 | v4) + 0x1	16	15	18	W→W
neureduce:8571	-~ (v3 & v4) - (v1 ^ v2)	0x1 - (v1 ^ v2) + (v3 & v4)	-(~ v0 & (v1 ^ v2)) - (v0 & (v1 ^ v2)) + (v3 & v4) + 0x1	10	9	18	W→W
neureduce:8585	-0x2 * (v0 & (v1 ^ v2)) - ~ (v1 ^ v2)	0x1 - 0x2 * (v0 & (v1 ^ v2)) + (v1 ^ v2)	(~ v0 & (v1 ^ v2)) - (v0 & (v1 ^ v2)) + 0x1	12	11	14	W→W
neureduce:8589	-0x4 - 0x3 * v0 - (v1 & ~ v0)	-0x4 - 0x3 * v0 - v1 + (v0 & v1)	(v0 | ~ v1) + 0x3 * ~ v0	9	9	9	T→T
neureduce:8615	0xa * v1 - 0x1e * (v0 & v1) - 0xa * ~ v0	0xa + 0xa * v0 + 0xa * v1 - 0x1e * (v0 & v1)	(-0x1) * 0xa * ~ (v0 ^ v1) - 0xa * (v0 & v1)	10	10	14	W→W
neureduce:8632	0x4 * v1 - 0x4 * ~ v0	0x4 + 0x4 * v0 + 0x4 * v1	0x4 * (v0 | v1) - 0x4 * ~ (v0 & v1)	6	6	13	W→W
neureduce:8636	(-0x1) * ~ (v0 | v1)	0x1 + (v0 | v1)	(-0x1) * (~ v0 & ~ v1)	5	5	6	W→W
neureduce:8646	0x1 - (v1 & ~ v0)	0x1 - v1 + (v1 & v0)	-(~ v0 & v1) + 0x1	7	7	7	T→T
neureduce:8707	0x2 * ~ v0 + 0x3 * (v0 & v1) - 0x2 * v1	-0x2 - 0x2 * v0 - 0x2 * v1 + 0x3 * (v0 & v1)	-(v0 ^ v1) + ~ (v0 | v1) - 0x1	10	10	11	W→W
neureduce:8729	0x1 - (v1 & ~ v0)	0x1 - v1 + (v1 & v0)	-(~ v0 & v1) + 0x1	7	7	7	T→T
neureduce:8777	(-0x1) * ~ v1	0x1 + v1	v1 + 0x1	3	3	3	T→T
neureduce:8790	(-0x1) * ~ (v0 | v1)	0x1 + (v0 | v1)	(-0x1) * (~ v0 & ~ v1)	5	5	6	W→W
neureduce:8819	(-0x1) * ~ v1	0x1 + v1	v1 + 0x1	3	3	3	T→T
neureduce:8855	0x4 * (v1 & v0) - 0x2 * v0 - 0x2 * ~ v1	0x2 * ~ (v0 ^ v1) - 0x4 * ~ v1	0x2 * ~ (v0 ^ v1) - 0x4 * ~ v1	10	9	12	W→W
neureduce:8868	0x2 * ~ (v0 & (v1 ^ v2)) - (v3 | v4) + (v1 ^ v2)	-0x2 - 0x2 * (v0 & (v1 ^ v2)) - (v3 | v4) + (v1 ^ v2)	(~ v0 & (v1 ^ v2)) - (v0 & (v1 ^ v2)) - (v3 | v4) - 0x2	15	15	19	W→W
neureduce:8912	-0x2 * ~ (v0 | v1) - (v3 & v4)	0x2 + 0x2 * (v0 | v1) - (v3 & v4)	(-0x1) * 0x2 * (~ v0 & ~ v1) - (v3 & v4)	10	10	13	W→W
neureduce:8960	0x2 * ~ v1 + 0xc * (v0 & v1) - 0x6 * v0	0x6 * ~ (v0 ^ v1) - 0x4 * ~ v1	0x6 * ~ (v0 ^ v1) - 0x4 * ~ v1	10	9	12	W→W
neureduce:8965	0x2 * ~ v1 + 0xc * (v0 & v1) - 0x6 * v0	0x6 * ~ (v0 ^ v1) - 0x4 * ~ v1	0x6 * ~ (v0 ^ v1) - 0x4 * ~ v1	10	9	12	W→W
neureduce:8966	0x7 * ~ (v0 | v1) - (v3 | v4)	-0x7 - 0x7 * (v0 | v1) - (v3 | v4)	0x7 * (~ v0 & ~ v1) - (v3 | v4)	10	10	12	W→W
neureduce:8974	0xa * v1 - 0x19 * (v1 & v0) - 0xf * ~ v0	0xf + 0xa * v1 + 0xf * v0 - 0x19 * (v1 & v0)	(-0x1) * 0xa * ~ (v0 ^ v1) - 0x5 * ~ (v0 & ~ v1)	10	10	16	W→W
neureduce:8990	~ (v0 ^ v2) - 0x2 * (v0 & v2 & v1) + (v2 & v1)	~ v0 ^ ~ v1 & v2	~ v0 ^ ~ v1 & v2	13	7	7	L→T
neureduce:8999	-0x2 * (v0 & v1) - ~ v0	0x1 + v0 - 0x2 * (v0 & v1)	-~ (v0 ^ v1) + ~ v1 + 0x1	8	7	9	W→W
neureduce:9031	0x2 * (v0 & ~ v1) - ~ v1	v1 + 0x1 + 0x2 * (v0 & ~ v1)	0x1 * (v0 & ~ v1) - ~ (v0 | v1)	9	8	12	W→W
neureduce:9041	(-0x1) * ~ v1	0x1 + v1	(-0x1) * ~ v1	3	3	3	T→T
neureduce:9056	0x2 * (v0 & v2 & v1) - ~ (v0 ^ v2) - (v2 & v1)	(-0x1) * (~ v0 ^ ~ v1 & v2)	(-0x1) * (~ v0 ^ ~ v1 & v2)	15	8	8	L→T
neureduce:9057	(-0x1) * ~ v1	0x1 + v1	(-0x1) * ~ v1	3	3	3	T→T
neureduce:9084	(-0x1) * ~ (v0 ^ v1)	0x1 + (v0 ^ v1)	(-0x1) * ~ (v0 ^ v1)	5	5	5	T→T
neureduce:9106	0x3 * (v0 & (v1 ^ v2)) - ~ (v3 & v4) + (v1 ^ v2)	0x1 + 0x3 * (v0 & (v1 ^ v2)) + (v3 & v4) + (v1 ^ v2)	(~ v0 & (v1 ^ v2)) + 0x4 * (v0 & (v1 ^ v2)) + (v3 & v4) + 0x1	15	14	18	W→W
neureduce:9124	0x2 * (v0 & v2 & v1) - ~ (v0 ^ v2) - (v2 & v1)	(-0x1) * (~ v0 ^ ~ v1 & v2)	(-0x1) * (~ v0 ^ ~ v1 & v2)	15	8	8	L→T
neureduce:9143	0x2 * ~ (v0 | v1) - (v3 | v4)	-0x2 - 0x2 * (v0 | v1) - (v3 | v4)	0x2 * (~ v0 & ~ v1) - (v3 | v4)	10	10	12	W→W
neureduce:9171	(-0x1) * ~ (v0 | v1)	0x1 + (v0 | v1)	(-0x1) * (~ v0 & ~ v1)	5	5	6	W→W
neureduce:9175	0x3 * (v0 & (v1 ^ v2)) - ~ (v3 | v4) + (v1 ^ v2)	0x1 + 0x3 * (v0 & (v1 ^ v2)) + (v3 | v4) + (v1 ^ v2)	(~ v0 & (v1 ^ v2)) + 0x4 * (v0 & (v1 ^ v2)) + (v3 | v4) + 0x1	15	14	18	W→W
neureduce:9183	-0x4 * (v0 & (v1 ^ v2)) - 0x2 * (v1 ^ v2) - ~ (v3 & v4)	0x1 - 0x4 * (v0 & (v1 ^ v2)) - 0x2 * (v1 ^ v2) + (v3 & v4)	(-0x1) * 0x2 * (~ v0 & (v1 ^ v2)) - 0x6 * (v0 & (v1 ^ v2)) + (v3 & v4) + 0x1	16	15	22	W→W
neureduce:9186	(-0x1) * ~ v1	0x1 + v1	v1 + 0x1	3	3	3	T→T
neureduce:9214	-0x2 - 0x9 * v0 - 0x9 * v1 + 0x9 * (v0 & v1) - 0x9 * v2 + 0x9 * (v0 & v2) + 0x9 * (v1 & v2) - 0x9 * (v0 & v1 & v2) - v3 - v4 + (v3 & v4)	-0x2 - 0x9 * (v2 | v0 | v1) - (v3 | v4)	(-0x1) * 0x9 * (v0 | v1 | v2) - (v3 | v4) - 0x2	32	11	14	L→W
neureduce:9218	-0x4 * ~ (v0 | v1) + (v3 | v4)	0x4 + 0x4 * (v0 | v1) + (v3 | v4)	(-0x1) * 0x4 * (~ v0 & ~ v1) + (v3 | v4)	9	9	12	W→W
neureduce:9220	(-0x1) * ~ v0	0x1 + v0	v0 + 0x1	3	3	3	T→T
neureduce:9221	0x2 * ~ (v1 ^ v2) + 0x4 * (v0 & (v1 ^ v2)) - v3	-0x2 + 0x4 * (v0 & (v1 ^ v2)) - 0x2 * (v1 ^ v2) - v3	(-0x1) * 0x2 * (~ v0 & (v1 ^ v2)) + 0x2 * (v0 & (v1 ^ v2)) - v3 - 0x2	14	14	21	W→W
neureduce:9224	v3 - 0x2 * ~ (v0 | v1)	v3 + 0x2 + 0x2 * (v0 | v1)	(-0x1) * 0x2 * (~ v0 & ~ v1) + v3	7	7	10	W→W
neureduce:9228	-0x5 * ((v1 ^ v2) & ~ v0) - ~ (v3 & v4)	0x1 - 0x5 * ((v1 ^ v2) & ~ v0) + (v3 & v4)	(-0x1) * 0x5 * (~ v0 & (v1 ^ v2)) + (v3 & v4) + 0x1	13	12	14	W→W
neureduce:9253	-0x2 * (v1 ^ v2) - ~ (v0 & (v1 ^ v2)) - (v3 | v4)	0x1 - 0x2 * (v1 ^ v2) - (v3 | v4) + (v0 & (v1 ^ v2))	(-0x1) * 0x2 * (~ v0 & (v1 ^ v2)) - (v0 & (v1 ^ v2)) - (v3 | v4) + 0x1	16	15	21	W→W
neureduce:9279	0x6 * ~ v0 + 0x12 * (v0 & v1) - 0x6 * v1	-0x6 - 0x6 * v0 - 0x6 * v1 + 0x12 * (v0 & v1)	0x6 * ~ (v0 ^ v1) + 0x6 * (v0 & v1)	10	10	12	W→W
neureduce:9287	0xa * ~ v1 - 0xa * (v1 & v0)	-0xa - 0xa * v1 - 0xa * (v1 & v0)	(-0x1) * 0xa * v1 + 0xa * ~ (v0 & v1)	8	8	11	W→W
neureduce:9288	-0x2 * v0 - 0x2 * v1 - ~ (v0 & v1)	0x1 - 0x2 * v0 - 0x2 * v1 + (v0 & v1)	-(v0 & v1) - 0x2 * (v0 | v1) + 0x1	10	9	12	W→W
neureduce:9302	(-0x1) * ~ (v0 | v1)	0x1 + (v0 | v1)	(-0x1) * (~ v0 & ~ v1)	5	5	6	W→W
neureduce:9310	0x2 * (v1 ^ v2) - ~ (v0 & (v1 ^ v2)) - (v3 & v4)	0x1 + 0x2 * (v1 ^ v2) - (v3 & v4) + (v0 & (v1 ^ v2))	0x2 * (~ v0 & (v1 ^ v2)) + 0x3 * (v0 & (v1 ^ v2)) - (v3 & v4) + 0x1	16	15	21	W→W
neureduce:9312	0x2 * ~ (v1 ^ v2) + 0x4 * (v0 & (v1 ^ v2)) + (v3 | v4)	-0x2 + 0x4 * (v0 & (v1 ^ v2)) - 0x2 * (v1 ^ v2) + (v3 | v4)	(-0x1) * 0x2 * (~ v0 & (v1 ^ v2)) + 0x2 * (v0 & (v1 ^ v2)) + (v3 | v4) - 0x2	15	15	22	W→W
neureduce:9316	-v0 - (~ v1 | v0)	0x1 - v0 + (v1 & ~ v0)	-(v0 | ~ v1) + ~ v0 + 0x1	8	8	9	W→W
neureduce:9320	-0x5 * ((v1 ^ v2) & ~ v0) - ~ v3	v3 + 0x1 - 0x5 * ((v1 ^ v2) & ~ v0)	(-0x1) * 0x5 * (~ v0 & (v1 ^ v2)) + v3 + 0x1	11	10	12	W→W
neureduce:9332	0x2 * (v0 & v2 & v1) - ~ (v0 ^ v2) - (v2 & v1)	(-0x1) * (~ v0 ^ ~ v1 & v2)	(-0x1) * (~ v0 ^ ~ v1 & v2)	15	8	8	L→T
neureduce:9337	0x2 * ~ (v1 ^ v2) - (v0 & (v1 ^ v2)) - (v3 & v4)	-0x2 - 0x2 * (v1 ^ v2) - (v0 & (v1 ^ v2)) - (v3 & v4)	(-0x1) * 0x2 * (~ v0 & (v1 ^ v2)) - 0x3 * (v0 & (v1 ^ v2)) - (v3 & v4) - 0x2	16	16	24	W→W
neureduce:9346	-~ v0 - (v1 & ~ v0)	0x1 + v0 - v1 + (v0 & v1)	(v0 | ~ v1) - ~ v0 + 0x1	9	8	9	T→W
neureduce:9351	0x5 * ~ v0 + 0x6 * (v0 & v1) - 0x5 * v1	-0x5 - 0x5 * v0 - 0x5 * v1 + 0x6 * (v0 & v1)	-(v0 ^ v1) + 0x4 * ~ (v0 | v1) - 0x1	10	10	13	W→W
neureduce:9352	0x1 - (v1 & ~ v0)	0x1 - v1 + (v1 & v0)	-(~ v0 & v1) + 0x1	7	7	7	T→T
neureduce:9355	-0x2 * ~ (v0 | v1) - v3	0x2 + 0x2 * (v0 | v1) - v3	(-0x1) * 0x2 * (~ v0 & ~ v1) - v3	8	8	11	W→W
neureduce:9358	0x5 * ~ v1 + 0x6 * (v0 & v1) - 0x3 * v0	0x2 * ~ v1 + 0x3 * ~ (v0 ^ v1)	0x3 * ~ (v0 ^ v1) + 0x2 * ~ v1	10	9	11	W→W
neureduce:9359	-0x7 * (v0 & (v1 ^ v2)) - 0x2 * ~ (v1 ^ v2) + (v3 | v4)	0x2 + 0x2 * (v1 ^ v2) - 0x7 * (v0 & (v1 ^ v2)) + (v3 | v4)	0x2 * (~ v0 & (v1 ^ v2)) - 0x5 * (v0 & (v1 ^ v2)) + (v3 | v4) + 0x2	15	15	21	W→W
neureduce:9393	0x2 - v0 - v1 + (v0 & v1) - v2 + (v0 & v2) + (v1 & v2) - (v0 & v1 & v2) - v3 - v4 + (v3 & v4)	0x2 - (v2 | v0 | v1) - (v3 | v4)	-(v0 | v1 | v2) - (v3 | v4) + 0x2	29	11	11	L→T
neureduce:9410	-~ (v0 | v1) - (v3 & v4)	0x1 - (v3 & v4) + (v0 | v1)	-(~ v0 & ~ v1) - (v3 & v4)	10	9	11	W→W
neureduce:9428	-0x5 * ~ (v0 | v1) - (v3 & v4)	0x5 + 0x5 * (v0 | v1) - (v3 & v4)	(-0x1) * 0x5 * (~ v0 & ~ v1) - (v3 & v4)	10	10	13	W→W
neureduce:9437	0x2 * (v0 & v1) + 0x6 * ~ v1 - v0	~ (v0 ^ v1) + 0x5 * ~ v1	~ (v0 ^ v1) + 0x5 * ~ v1	10	8	9	L→W
neureduce:9441	0x4 * (v0 & (v1 ^ v2)) - ~ (v3 & v4) - (v1 ^ v2)	0x1 + 0x4 * (v0 & (v1 ^ v2)) - (v1 ^ v2) + (v3 & v4)	-(~ v0 & (v1 ^ v2)) + 0x3 * (v0 & (v1 ^ v2)) + (v3 & v4) + 0x1	16	15	19	W→W
neureduce:9453	v1 - 0x2 * ~ (v1 & v0) - v0	0x2 + v1 - v0 + 0x2 * (v1 & v0)	~ (v0 ^ v1) - 0x2 * ~ v1 + 0x1	9	9	11	W→W
neureduce:9465	0x1 - (v1 & ~ v0)	0x1 - v1 + (v1 & v0)	-(~ v0 & v1) + 0x1	7	7	7	T→T
neureduce:9489	-0x2 * ~ (v0 | v1) - v3	0x2 + 0x2 * (v0 | v1) - v3	(-0x1) * 0x2 * (~ v0 & ~ v1) - v3	8	8	11	W→W
neureduce:9499	0x2 * ~ (v2 ^ v0) + 0x2 * (v1 & v2) - 0x4 * (v1 & v2 & v0)	0x2 * (~ v0 ^ ~ v1 & v2)	0x2 * (~ v0 ^ ~ v1 & v2)	15	8	9	L→W
neureduce:9518	0x2 * v2 - 0x4 * (v1 & (v0 ^ v2)) - 0x4 * (v2 & v0) - 0x2 * ~ v1 + (v3 | v4)	-0x4 * (v0 & (v1 ^ v2)) - 0x2 * ~ (v1 ^ v2) + (v3 | v4)	0x2 * (~ v0 & (v1 ^ v2)) - 0x2 * (v0 & (v1 ^ v2)) + (v3 | v4) + 0x2	19	15	21	W→W
neureduce:9521	(-0x1) * ~ v1	0x1 + v1	(-0x1) * ~ v1	3	3	3	T→T
neureduce:9532	(-0x1) * ~ v1	0x1 + v1	v1 + 0x1	3	3	3	T→T
neureduce:9534	(-0x1) * ~ (v0 | v1)	0x1 + (v0 | v1)	(-0x1) * (~ v0 & ~ v1)	5	5	6	W→W
neureduce:9538	-~ v3 - (v1 ^ v2)	v3 + 0x1 - (v1 ^ v2)	-(~ v0 & (v1 ^ v2)) - (v0 & (v1 ^ v2)) + v3 + 0x1	8	7	16	W→W
neureduce:9548	0x3 * ((v1 ^ v2) & ~ v0) - ~ (v3 & v4)	0x1 + 0x3 * ((v1 ^ v2) & ~ v0) + (v3 & v4)	0x3 * (~ v0 & (v1 ^ v2)) + (v3 & v4) + 0x1	13	12	13	T→W
neureduce:9556	0x3 * ~ v1 - 0x5 * (v0 & ~ v1)	-0x3 - 0x5 * (v0 & ~ v1) - 0x3 * v1	0x3 * ~ v1 - 0x5 * (v0 & ~ v1)	9	9	12	W→W
neureduce:9558	-~ (v3 & v4) - (v1 ^ v2)	0x1 - (v1 ^ v2) + (v3 & v4)	-(~ v0 & (v1 ^ v2)) - (v0 & (v1 ^ v2)) + (v3 & v4) + 0x1	10	9	18	W→W
neureduce:9568	0xc * ~ (v0 | v1) - (v3 & v4)	-0xc - 0xc * (v0 | v1) - (v3 & v4)	0xc * (~ v0 & ~ v1) - (v3 & v4)	10	10	12	W→W
neureduce:9581	-0xa * ((v1 ^ v2) & ~ v0) - ~ v3	v3 + 0x1 - 0xa * ((v1 ^ v2) & ~ v0)	(-0x1) * 0xa * (~ v0 & (v1 ^ v2)) + v3 + 0x1	11	10	12	W→W
neureduce:9586	0x4 * (v0 & v1) - 0x4 * ~ v0	0x4 + 0x4 * v0 + 0x4 * (v0 & v1)	0x4 * ~ (v0 & ~ v1) - 0x8 * ~ v0	8	8	13	W→W
neureduce:9626	0x1 - (v0 & ~ v1)	0x1 - v0 + (v0 & v1)	-(v0 & ~ v1) + 0x1	7	7	7	T→T
neureduce:9643	(-0x1) * ~ (v0 | v1)	0x1 + (v0 | v1)	(-0x1) * (~ v0 & ~ v1)	5	5	6	W→W
neureduce:9648	-0x7 * (v0 & (v1 ^ v2)) - ~ (v1 ^ v2) - (v3 | v4)	0x1 - 0x7 * (v0 & (v1 ^ v2)) - (v3 | v4) + (v1 ^ v2)	(~ v0 & (v1 ^ v2)) - 0x6 * (v0 & (v1 ^ v2)) - (v3 | v4) + 0x1	16	15	20	W→W
neureduce:9671	0x5 * ~ (v0 | v1) - (v3 | v4)	-0x5 - 0x5 * (v0 | v1) - (v3 | v4)	0x5 * (~ v0 & ~ v1) - (v3 | v4)	10	10	12	W→W
neureduce:9677	0x5 * ((v1 ^ v2) & ~ v0) - ~ (v3 & v4)	0x1 + 0x5 * ((v1 ^ v2) & ~ v0) + (v3 & v4)	0x5 * (~ v0 & (v1 ^ v2)) + (v3 & v4) + 0x1	13	12	13	T→W
neureduce:9679	(-0x1) * ~ (v0 | v1)	0x1 + (v0 | v1)	(-0x1) * (~ v0 & ~ v1)	5	5	6	W→W
neureduce:9688	(-0x1) * ~ v0	0x1 + v0	(-0x1) * ~ v0	3	3	3	T→T
neureduce:9694	(-0x1) * ~ (v0 | v1)	0x1 + (v0 | v1)	(-0x1) * (~ v0 & ~ v1)	5	5	6	W→W
neureduce:9713	0x5 * (v0 & (v1 ^ v2)) - 0x7 * (v1 ^ v2) - ~ v3	v3 + 0x1 + 0x5 * (v0 & (v1 ^ v2)) - 0x7 * (v1 ^ v2)	(-0x1) * 0x7 * (~ v0 & (v1 ^ v2)) - 0x2 * (v0 & (v1 ^ v2)) + v3 + 0x1	14	13	20	W→W
neureduce:9745	-v3 - ~ (v0 & (v1 ^ v2)) + (v1 ^ v2)	0x1 - v3 + (v0 & (v1 ^ v2)) + (v1 ^ v2)	(~ v0 & (v1 ^ v2)) + 0x2 * (v0 & (v1 ^ v2)) - v3 + 0x1	13	12	17	W→W
neureduce:9757	(-0x1) * ~ v1	0x1 + v1	v1 + 0x1	3	3	3	T→T
neureduce:9774	0x2 * (v0 ^ v2) - 0x4 * ~ (v0 & v2 & v1) - 0x2 * (v2 & v1) - (v3 & v4)	0x4 + 0x2 * (v0 ^ v2) + 0x4 * (v0 & v2 & v1) - 0x2 * (v2 & v1) - (v3 & v4)	(-0x1) * 0x2 * (~ v0 ^ ~ v1 & v2) - (v3 & v4) + 0x2	19	19	16	L→L
neureduce:9807	(-0x1) * ~ v0	0x1 + v0	v0 + 0x1	3	3	3	T→T
neureduce:9824	-0x5 - 0x4 * v0 - (v1 & ~ v0)	-0x5 - 0x4 * v0 - v1 + (v0 & v1)	(v0 | ~ v1) + 0x4 * ~ v0	9	9	9	T→T
neureduce:9841	0x2 * ((v1 ^ v2) & ~ v0) - ~ v3	v3 + 0x1 + 0x2 * ((v1 ^ v2) & ~ v0)	0x2 * (~ v0 & (v1 ^ v2)) + v3 + 0x1	11	10	11	T→W
neureduce:9861	(-0x1) * ~ v1	0x1 + v1	(-0x1) * ~ v1	3	3	3	T→T
neureduce:9866	(-0x1) * ~ (v0 | v1)	0x1 + (v0 | v1)	(-0x1) * (~ v0 & ~ v1)	5	5	6	W→W
neureduce:9898	0x3 + 0x5 * v0 - (v1 & ~ v0)	0x3 + 0x5 * v0 - v1 + (v0 & v1)	(v0 | ~ v1) - 0x5 * ~ v0 - 0x1	9	9	12	W→W
neureduce:9909	(-0x1) * ~ (v0 | v1)	0x1 + (v0 | v1)	(-0x1) * (~ v0 & ~ v1)	5	5	6	W→W
neureduce:9916	-0x2 * v0 - 0x2 * v1 - ~ (v0 & v1)	0x1 - 0x2 * v0 - 0x2 * v1 + (v0 & v1)	-(v0 & v1) - 0x2 * (v0 | v1) + 0x1	10	9	12	W→W
neureduce:9940	(-0x1) * ~ v0	0x1 + v0	v0 + 0x1	3	3	3	T→T
neureduce:9974	0x2 * (v1 & ~ v0) - ~ v0	v0 + 0x1 + 0x2 * (v1 & ~ v0)	0x1 * v1 - ~ (v0 ^ v1)	9	8	9	T→W
neureduce:9985	0x2 * (v0 & v1) + 0x3 * ~ v1 - v0	~ (v0 ^ v1) + 0x2 * ~ v1	~ (v0 ^ v1) + 0x2 * ~ v1	10	8	9	L→W
neureduce:9988	0x3 * ~ (v0 | v1) - (v3 & v4)	-0x3 - 0x3 * (v0 | v1) - (v3 & v4)	0x3 * (~ v0 & ~ v1) - (v3 & v4)	10	10	12	W→W
qsynth_ea:1	0x2 * (v2 & v3 & v3 - v2) - 0x2 * (v2 & v3 - v2) + (v3 & ~ v2)	-0x2 * (v2 & v3 - v2 & ~ v3) + (v3 & ~ v2)	v3 - v2 ^ v3 ^ (v2 | v3)	20	14	10	L→L
qsynth_ea:6	(-0x1) * ~ v1	0x1 + v1	-(v3 + ~ v1) + v3	3	3	7	W→W
qsynth_ea:17	-(v3 & v4 & v2 - (v3 | v4)) + (v3 & v4)	v3 & v4 & ~ (v2 - (v3 | v4))	(~ v4 ^ v3) & v3 & ~ (v2 - (v3 | v4))	14	10	14	T→W
qsynth_ea:18	v1 + 0x2 * (v3 & ~ (v0 & v1)) - ~ v0 + (v0 & v1)	0x1 + v0 + v1 + (v0 & v1) + 0x2 * v3 - 0x2 * (v0 & v1 & v3)	(-0x1) * ~ (v0 + v3 + v1 + (v3 ^ v0 & v1))	15	14	13	L→L
qsynth_ea:28	0x2 * ~ v1 + v0 * v4	-0x2 - 0x2 * v1 + v0 * v4	~ ((-0x1) * ~ (v1 + v1 + (-0x1) * v0 * v4))	7	7	11	W→W
qsynth_ea:33	0x2 * (v2 & ~ (v3 | (-0x1) * ~ v2)) - (~ v3 | (-0x1) * ~ v2)	0x1 + 0x2 * (v2 & ~ (v3 | v2 + 0x1)) + (v3 & ~ (v2 + 0x1))	((-0x1) * ~ v2 | v3) ^ (-v3 + v3 | v2 + v2 - (v2 | v2))	17	17	19	W→W
qsynth_ea:36	v1 - 0x2 * (v1 & (-0x1) * ~ v0) - ~ v0	v0 + v1 + 0x1 - 0x2 * (v1 & v0 + 0x1)	v1 ^ (-0x1) * ~ (v0 | v0)	11	10	7	L→L
qsynth_ea:45	-(v4 & ~ v1) - (v0 | v1)	-v4 - (v0 | v1) + (v1 & v4)	(v1 & v0) - v0 - (v1 | v1 | v4 | v4 & v4 * v4)	10	10	19	W→W
qsynth_ea:47	-0x2 * v1 - (v2 & ~ v1) - (v3 & ~ v1) & v1 * v3 + v3 * v3	-0x2 * v1 - v2 - v3 + (v1 & v2) + (v1 & v3) & v1 * v3 + v3 * v3	(v3 + v1) * v3 & (-0x1) * ((v1 & v1 | v2) + (v3 | v1))	21	21	16	L→L
qsynth_ea:48	-(v3 & (-0x1) * v0 * v4 & v3 - v0) - v0 * v4 + (v3 & v3 - v0)	-v0 * v4 + (v3 & v3 - v0 & ~ ((-0x1) * v0 * v4))	v3 & -v0 + v3 | (-0x1) * v4 * v0	22	16	11	L→L
qsynth_ea:53	~ (v0 & ~ (v1 * v2) - 0x2 * v1 * v1 + v1 * (v1 & v2)) - (v1 & ~ (v1 * v2) - 0x2 * v1 * v1 + v1 * (v1 & v2)) + (v0 & ~ (v1 * v2) - 0x2 * v1 * v1 + v1 * (v1 & v2) & (v1 | v2)) + (v1 & v2 & ~ (v1 * v2) - 0x2 * v1 * v1 + v1 * (v1 & v2))	-(v1 & ~ (v1 * v2) - 0x2 * v1 * v1 + v1 * (v1 & v2) & ~ v2) + (~ v0 | ~ (~ (v1 * v2) - 0x2 * v1 * v1 + v1 * (v1 & v2)) | v1 | v2)	v2 | (v1 + (v2 | v1)) * v1 | ~ v0 & ~ (v1 & v1)	71	40	17	L→L
qsynth_ea:55	0x1 + 0x2 * (v0 & v1 & v4) + 0x2 * (v0 ^ v4) - 0x2 * (v1 & v4) - v1 - (v0 & v1) - ((-0x2) * v1 & 0x2 * (v0 & v1 & v4) + 0x2 * (v0 ^ v4) - 0x2 * (v1 & v4) - (~ v1 | v0))	0x1 + 0x2 * (v0 ^ v4) - 0x2 * (v1 & v4 & ~ v0) - v1 - (v0 & v1) - ((-0x2) * v1 & 0x1 + 0x2 * (v0 ^ v4) - 0x2 * (v1 & v4 & ~ v0) + (v1 & ~ v0))	v4 - (v4 + v1 + v1) | (v4 ^ (v1 | v0)) - (~ v4 ^ v0)	44	38	20	L→L
qsynth_ea:57	-0x2 * (v1 | v3) - ~ (v1 * (v1 & v3))	0x1 - 0x2 * (v1 | v3) + v1 * (v1 & v3)	-(v3 - v1 * (v1 & v3)) - v1 - ~ ((-0x1) * (v1 ^ v3))	12	11	19	W→W
qsynth_ea:63	v1 & v3 - (v1 & ~ v3)	v1 & v3 - v1 + (v1 & v3)	v1 & ~ ~ (v3 + v3 - (v3 | v1 | v1))	9	9	14	W→W
qsynth_ea:64	-v2 - ~ (v4 * v4) - (v2 & v4)	0x1 - v2 - (v2 & v4) + v4 * v4	(-0x1) * ~ (v4 * v4 - (v2 + (v2 & v4)))	12	11	12	T→W
qsynth_ea:68	-0x1 + (v3 & (-0x1) * ~ v0)	-0x1 + (v3 & v0 + 0x1)	~ ((-0x1) * ((-0x1) * ~ v0 & (v3 | v3 | v3)))	7	7	11	W→W
qsynth_ea:78	-0x2 * (v4 & ~ v0) - (v3 + (v0 & v4) & -0x2 * v4 - (v3 & ~ v4) + (v0 & v4)) + (v3 & v4)	-0x2 * (v4 & ~ v0) - (v3 + (v0 & v4) & -0x2 * v4 - v3 + (v0 & v4) + (v3 & v4)) + (v3 & v4)	(v4 & v0) + v3 | v3 ^ v3 | v0 - (v3 | v4) - (v4 | v0)	27	27	21	L→L
qsynth_ea:96	v2 + v3 - (v1 & ~ v2)	v2 + v3 - v1 + (v2 & v1)	~ ~ (v2 + v3 - (-0x1) * v2) - (v2 | v1)	8	8	14	W→W
qsynth_ea:112	-~ v4 + (v3 & ~ v0)	v4 + 0x1 + (v3 & ~ v0)	-~ ((v4 | v3) & v4) - (-0x1) * ((v3 | v0) & ~ v0)	8	7	16	W→W
qsynth_ea:120	v2 - (v2 & v3) - (v2 & v3 & (-0x1) * v3 & v0 + v2 - 0x1) - (v2 & (-0x1) * v3) - (v2 & v0 + v2 - 0x1) - (v3 & (-0x1) * v3) - (v3 & v0 + v2 - 0x1) - ((-0x1) * v3 & v0 + v2 - 0x1) + (v2 & v3 & (-0x1) * v3) + (v2 & v3 & v0 + v2 - 0x1) + (v2 & (-0x1) * v3 & v0 + v2 - 0x1) + (v3 & (-0x1) * v3 & v0 + v2 - 0x1)	-(v2 & (v3 | (-0x1) * v3)) - (v3 & (-0x1) * v3) - ((-0x1) * v3 & v0 + v2 - 0x1 & ~ v2) - (v0 + v2 - 0x1 & (v2 | v3)) + (v2 | v3 & (-0x1) * v3 & v0 + v2 - 0x1)	(-0x1) * (v2 + v0) & ((-0x1) * (v3 & (-0x1) * v3) | v2 ^ v3)	76	42	14	L→L
qsynth_ea:122	~ (v3 ^ v0 * v0) - 0x2 * (v0 & v3 & v0 * v0) + (v0 & v3)	~ (v0 * v0) ^ ~ v0 & v3	v0 ^ v0 * v0 ^ ~ (v3 ^ v0 | v0)	17	9	12	L→W
qsynth_ea:132	-0x1 + 0x2 * (v0 & v4) + 0x2 * (v0 & (-0x1) * v0) + 0x2 * (v4 & (-0x1) * v0) + 0x2 * ((-0x1) * v0 & (-0x1) * v4) + 0x4 * (v0 & v4 & (-0x1) * v0 & (-0x1) * v4) - 0x4 * (v0 & v4 & (-0x1) * v0) - 0x2 * (v0 & v4 & (-0x1) * v4) - 0x2 * (v0 & (-0x1) * v0 & (-0x1) * v4) - 0x2 * (v4 & (-0x1) * v0 & (-0x1) * v4) + (v0 & (-0x1) * v4) + (v4 & (-0x1) * v4)	-0x1 + 0x2 * (v0 & (v4 ^ (-0x1) * v0) & ~ ((-0x1) * v4)) + 0x2 * ((-0x1) * v0 & (v4 | (-0x1) * v4)) + (v0 & (-0x1) * v4) + (v4 & (-0x1) * v4)	~ ((-0x1) * v4) & (v0 ^ ~ v4) ^ v4 - (v4 + v0)	64	28	15	L→L
qsynth_ea:134	0x2 * (v4 & v2 + v4) - 0x3 * v4 - 0x2 * v2 - (v2 & v4) - (-0x2 * (v4 & ~ (v2 + v4)) - v2 + v4 * v4 & -v4 - (v2 & v4) - (v2 & ~ (v4 & v2 + v4))) + (v2 & v4 & v2 + v4) + v4 * v4	0x2 * (v4 & v2 + v4) - 0x3 * v4 - 0x2 * v2 - (v2 & v4 & ~ (v2 + v4)) - (-0x2 * (v4 & ~ (v2 + v4)) - v2 + v4 * v4 & -v2 - v4 - (v2 & v4) + (v2 & v4 & v2 + v4)) + v4 * v4	(-0x1) * (v2 & v4 | v2 + v4) | v4 * v4 - (v2 + v4 ^ v4)	55	52	19	L→L
qsynth_ea:135	0x2 * (v2 & v4 & v2 + v4 & v2 - v4) + 0x2 * (v2 & v4 & v2 + v4 & v4 - v2) - 0x2 * (v2 & v4 & v2 + v4) - 0x2 * (v2 & v4 & v2 + v4 & v2 - v4 & v4 - v2) - (v2 & v4 & v2 - v4) - (v2 & v4 & v4 - v2) - (v2 & v2 + v4 & v2 - v4) - (v2 & v2 + v4 & v4 - v2) - (v2 - v4 & v4 - v2) + (v2 & v4) + (v2 & v4 & v2 - v4 & v4 - v2) + (v2 & v2 + v4) + (v2 & v2 + v4 & v2 - v4 & v4 - v2)	-(v2 - v4 & v4 - v2) + (v2 & (v4 ^ v2 + v4) & ~ (v2 - v4 | v4 - v2))	v2 & v4 ^ v2 + v4 & (v2 | v2) | v2 - v4 | v4 - v2	123	28	21	L→L
qsynth_ea:139	v0 + v1 + v2 + 0x1 + 0x4 * (v0 & v1 & v2 & v1 + v2 - 0x2 * (v0 & v1 + v2) - ~ v0) - 0x2 * (v0 & v1 & v2) - 0x2 * (v0 & v2 & v1 + v2 - 0x2 * (v0 & v1 + v2) - ~ v0) - 0x2 * (v0 & v1 + v2) - 0x2 * (v1 & v2 & v1 + v2 - 0x2 * (v0 & v1 + v2) - ~ v0) + (v0 & v2) + (v1 & v2)	v0 + v1 + v2 + 0x1 - 0x2 * (v0 & v2 & (v1 ^ v0 + v1 + v2 + 0x1 - 0x2 * (v0 & v1 + v2))) - 0x2 * (v0 & v1 + v2) - 0x2 * (v1 & v2 & v0 + v1 + v2 + 0x1 - 0x2 * (v0 & v1 + v2)) + (v0 & v2) + (v1 & v2)	(-0x1) * (v0 ^ ~ (v1 + v2)) ^ (v0 ^ v1) & v2	71	49	13	L→L
qsynth_ea:140	0x2 * v2 * (v0 & v2) - ~ v0 - v0 * v0 - v0 * v2 - v2 * v2	v0 + 0x1 + 0x2 * v2 * (v0 & v2) - v0 * v0 - v0 * v2 - v2 * v2	(-0x1) * v2 * (v0 ^ v2) - (v0 * v0 + ~ v0)	22	21	14	L→L
qsynth_ea:148	-(v4 & ~ (v0 + v4 - 0x1)) + (v0 & (-0x1) * v0 & v0 * v3)	-v4 + (v0 & (-0x1) * v0 & v0 * v3) + (v4 & v0 + v4 - 0x1)	(v3 * v0 & ~ ((-0x1) * v0 ^ v0) & v0) - (-v0 - v4 & v4)	16	16	20	W→W
qsynth_ea:149	v4 + 0x2 * v1 + 0x2 * (v1 & (-0x1) * v1 * v4 & v1 * v1) + 0x2 * (v1 & v1 + v4 & v1 * v1) + 0x4 * (v1 & (-0x1) * v1 * v4 & v1 + v4) + 0x4 * ((-0x1) * v1 * v4 & v1 + v4 & v1 * v1) - 0x4 * (v1 & (-0x1) * v1 * v4 & v1 + v4 & v1 * v1) - 0x2 * (v1 & (-0x1) * v1 * v4) - 0x2 * (v1 & v1 + v4) - 0x2 * ((-0x1) * v1 * v4 & v1 + v4) - 0x2 * ((-0x1) * v1 * v4 & v1 * v1) - 0x2 * (v1 + v4 & v1 * v1) - (v1 & v1 * v1) - v1 * v4 + v1 * v1	v4 + 0x2 * v1 - 0x2 * ((-0x1) * v1 * v4 & ((v1 | v1 * v1) ^ v1 + v4)) - 0x2 * (v1 + v4 & (v1 | v1 * v1)) - v1 * v4 + (v1 * v1 & ~ v1)	~ (v1 | v1 * v1) ^ ~ (v1 * (-0x1) * v4 ^ v4 - (-0x1) * v1)	110	39	18	L→L
qsynth_ea:158	-(v3 & v4 & ((-0x1) * v4 | v3 * v4)) + (v3 & ((-0x1) * v4 | v3 * v4))	v3 & ((-0x1) * v4 | v3 * v4) & ~ v4	(v3 & (-0x1) * v4 | v3 * v4) & (v4 ^ (v4 | v3))	19	10	14	L→W
qsynth_ea:165	0x2 * (v0 & v1 & (-0x1) * v0 & (-0x1) * v1 * v1) + 0x2 * (v0 & (-0x1) * v0) + 0x2 * (v0 & (-0x1) * v1 * v1) + 0x2 * (v1 & (-0x1) * v0) + 0x2 * (v1 & (-0x1) * v1 * v1) - 0x2 * (v0 & v1 & (-0x1) * v0) - 0x2 * (v0 & v1 & (-0x1) * v1 * v1) - 0x2 * (v0 & (-0x1) * v0 & (-0x1) * v1 * v1) - 0x2 * (v1 & (-0x1) * v0 & (-0x1) * v1 * v1) - v1 + (v0 & v1) + ((-0x1) * v0 & (-0x1) * v1 * v1) + v1 * v1	0x2 * (((-0x1) * v0 | (-0x1) * v1 * v1) & (v0 | v1)) - v1 + (v0 & v1) + ((-0x1) * v0 & (-0x1) * v1 * v1) + v1 * v1	(-0x1) * ((v1 | v0 | v1 | v1) ^ (v1 * (-0x1) * v1 | (-0x1) * v0))	82	28	16	L→L
qsynth_ea:170	0x2 * ~ v4 - (v2 & ~ v4)	-0x2 - 0x2 * v4 - v2 + (v4 & v2)	~ (v4 + v2) + (~ v4 | v2 | v4 & v2 ^ (v2 | v2))	9	9	17	W→W
qsynth_ea:173	v4 + 0x2 * (v1 & v4 & v4 - v1) + 0x2 * (v1 & (-0x1) * v4 & v4 - v1) + 0x2 * (v4 & (-0x1) * v4 & v4 - v1) + 0x4 * (v1 & v4 & (-0x1) * v4) - 0x4 * (v1 & v4 & (-0x1) * v4 & v4 - v1) - 0x2 * (v1 & v4) - 0x2 * (v1 & (-0x1) * v4) - 0x2 * (v4 & (-0x1) * v4) - (v1 & v4 - v1) - (v4 & v4 - v1) - ((-0x1) * v4 & v4 - v1)	v4 - 0x2 * (v1 & (v4 ^ (-0x1) * v4)) - 0x2 * (v4 & (-0x1) * v4) - (v4 - v1 & ((-0x1) * v4 ^ v1 ^ v4))	v4 ^ v1 ^ v4 - (v4 + v4) | v4 - v1	80	26	15	L→L
qsynth_ea:177	-~ v2 + (v2 & v4 & 0x2 * v4 + v2 * v2)	v2 + 0x1 + (v2 & v4 & 0x2 * v4 + v2 * v2)	(v4 & v2 & v4 + v4 + v2 * v2) - ~ v2	13	12	15	W→W
qsynth_ea:183	v4 - (v0 - v4 & v4 + v0 * v3 & (v0 ^ v3)) + (v0 - v4 & (v0 ^ v3)) + v0 * v3	v4 + ((v0 ^ v3) & v0 - v4 & ~ (v4 + v0 * v3)) + v0 * v3	v4 + v3 * v0 | (v3 ^ v0) & v0 - v4	27	19	14	L→L
qsynth_ea:189	~ (v1 & v1 - v4) + 0x2 * (v1 & v1 - v4 & v2 * v2) - 0x2 * (v1 & v2 & v1 - v4 & v2 * v2) - (v1 & v2 ^ v2 * v2) + (v1 & v2 & v1 - v4)	~ (v1 & v1 - v4 & ~ v2) + 0x2 * (v1 & v1 - v4 & v2 * v2 & ~ v2) - (v1 & v2 ^ v2 * v2)	(v2 | v1 - v4) & v1 ^ ~ ~ ~ (v2 * v2 - (v2 ^ v2))	44	30	20	L→L
qsynth_ea:195	-(v0 & v3 & v1 * (v0 & v3)) - (v3 & v3 - v0 & v1 * (v0 & v3)) + (v0 & v3 - v0 & v1 * (v0 & v3)) + (v3 & v1 * (v0 & v3))	-(v3 & v3 - v0 & v1 * (v0 & v3)) + (v0 & v3 - v0 & v1 * (v0 & v3)) + (v3 & v1 * (v0 & v3) & ~ v0)	(v3 - v0 ^ ~ v0) & v1 * (v0 & v3) & (v3 ^ v0)	40	33	17	L→L
qsynth_ea:201	-(v4 & -v0 * v4 - v4 * v4 + v0 * v2 + v2 * v4 & (v2 | v0 - v2)) + (v4 & -v0 * v4 - v4 * v4 + v0 * v2 + v2 * v4)	v4 & -v0 * v4 - v4 * v4 + v0 * v2 + v2 * v4 & ~ (v2 | v0 - v2)	(v4 ^ v2) & v4 & (v2 - v4) * (v0 + v4) & (v0 - v2 ^ v4)	42	24	21	L→L
qsynth_ea:204	0x2 * v4 - (~ v0 | v4) + v2 * v4	0x1 + 0x2 * v4 + (v0 & ~ v4) + v2 * v4	v4 + v4 * v2 + v4 - (~ v0 + (v0 & v4))	11	11	15	W→W
qsynth_ea:211	(-0x1) * ~ (v1 & v2) & -v1 * v1 * v2 * v2 + v1 * v2 * v2 + v1 * v2 * v2 * v2	0x1 + (v1 & v2) & -v1 * v1 * v2 * v2 + v1 * v2 * v2 + v1 * v2 * v2 * v2	(-0x1) * ~ (v1 & v2) & (-0x1) * (~ v2 + v1) * v2 * v2 * v1	22	22	17	L→L
qsynth_ea:215	-v3 - ~ (v3 * (v2 & v1 * v3)) - (v2 & v1 * v3) - v2 * (v2 & v1 * v3)	0x1 - v3 - (v2 & v1 * v3) - v2 * (v2 & v1 * v3) + v3 * (v2 & v1 * v3)	(-0x1) * (-0x1) * ((~ v2 + v3) * (v3 * v1 & v2) - ~ ((-0x1) * v3))	26	25	17	L→L
qsynth_ea:218	-0x2 * (v4 & (v0 ^ v1)) - ~ (v0 | v1) - (v1 & v0 + v1 - 0x2 * (v0 & (v1 ^ v4)) - 0x2 * (v1 & v4))	0x1 - 0x2 * (v4 & (v0 ^ v1)) - (v1 & v0 + v1 - 0x2 * (v0 & (v1 ^ v4)) - 0x2 * (v1 & v4)) + (v0 | v1)	(-0x1) * ~ ((-v4 + (v4 ^ v1 ^ v0) & ~ v1) + (v0 & v1))	28	27	17	L→L
qsynth_ea:219	v0 & v3 & 0x3 * v0 - 0x2 * (v0 - v3 & (v0 | v3)) - (~ v3 | v0)	v0 & v3 & 0x1 + 0x3 * v0 - 0x2 * (v0 - v3 & (v0 | v3)) + (v3 & ~ v0)	v3 + v0 - ~ ((v0 | v3) ^ v0 - v3) & v0 & v3	20	20	18	L→L
qsynth_ea:222	0x2 * (v1 & -v1 * v2 + v1 * v1) + 0x2 * (v2 & -v1 * v2 + v1 * v1) + 0x2 * v1 * (v1 & v2) + 0x2 * v1 * (v1 & -v1 * v2 + v1 * v1) + 0x2 * v1 * (v2 & -v1 * v2 + v1 * v1) + 0x2 * v2 * (v1 & v2) + 0x2 * v2 * (v1 & -v1 * v2 + v1 * v1) + 0x2 * v2 * (v2 & -v1 * v2 + v1 * v1) + 0x2 * (v1 & v2) * (v1 & v2 & -v1 * v2 + v1 * v1) - 0x2 * (v1 & v2 & -v1 * v2 + v1 * v1) - 0x2 * v1 * v1 - 0x2 * v1 * (v1 & v2 & -v1 * v2 + v1 * v1) - 0x2 * v2 * (v1 & v2 & -v1 * v2 + v1 * v1) - 0x2 * (v1 & v2) * (v1 & -v1 * v2 + v1 * v1) - 0x2 * (v1 & v2) * (v2 & -v1 * v2 + v1 * v1) - v1 - v2 - v1 * v1 * v1 - v1 * v2 - v1 * v2 * (v1 & v2) - v2 * v2 - (v1 & v2) * (v1 & v2) + (v1 & v2) + v1 * v1 * (v1 & v2) + v1 * v2 * v2	0x2 * (-v1 * v2 + v1 * v1 & (v1 | v2)) + 0x2 * v1 * (v1 & v2) + 0x2 * v1 * (v1 & -v1 * v2 + v1 * v1) + 0x2 * v1 * (v2 & -v1 * v2 + v1 * v1) + 0x2 * v2 * (v1 & v2) + 0x2 * v2 * (v1 & -v1 * v2 + v1 * v1) + 0x2 * v2 * (v2 & -v1 * v2 + v1 * v1) + 0x2 * (v1 & v2) * (v1 & v2 & -v1 * v2 + v1 * v1) - 0x2 * v1 * v1 - 0x2 * v1 * (v1 & v2 & -v1 * v2 + v1 * v1) - 0x2 * v2 * (v1 & v2 & -v1 * v2 + v1 * v1) - 0x2 * (v1 & v2) * (v1 & -v1 * v2 + v1 * v1) - 0x2 * (v1 & v2) * (v2 & -v1 * v2 + v1 * v1) - (v1 | v2) - v1 * v1 * v1 - v1 * v2 - v1 * v2 * (v1 & v2) - v2 * v2 - (v1 & v2) * (v1 & v2) + v1 * v1 * (v1 & v2) + v1 * v2 * v2	~ (v2 | v1) * ((v2 | v1) ^ v1 * (v1 - v2))	222	198	15	L→L
qsynth_ea:228	(-0x1) * ~ (v3 ^ v2 & v2 * v3)	0x1 + (v3 ^ v2 & v2 * v3)	(~ v2 + v2) * ((-0x1) * (-0x1) * v3 ^ ~ (v2 & v2 * v3))	9	9	15	W→W
qsynth_ea:231	-(v2 & v3) - (-(v2 & v3) + (v0 & v2 & v3) & v0 * v2 + v2 * v3) + (v0 & v2 & v3) + v0 * v2 + v2 * v3	-(v2 & v3 & ~ v0) - ((-0x1) * (v2 & v3 & ~ v0) & v0 * v2 + v2 * v3) + v0 * v2 + v2 * v3	(-0x1) * v2 * (-0x1) * (v3 + v0) | (-0x1) * (v3 & v2 & (v0 ^ v2))	33	28	16	L→L
qsynth_ea:248	-(v0 & (-0x1) * (v0 | v3)) - (v3 & ~ v0) - (v0 | v1 & (-0x1) * (v0 | v3)) + (v1 & ~ v0)	-v3 - (v0 & (-0x1) * (v0 | v3)) - (v0 | v1 & (-0x1) * (v0 | v3)) + (v0 & v3) + (v1 & ~ v0)	~ (v0 | v0) & ((-0x1) * (v3 | v0) | v1)	26	26	11	L→L
qsynth_ea:249	0x2 * (v0 & v1) + 0x2 * (v0 & v0 + v1) + 0x2 * (v0 & v1 - 0x1 + v0 * v1) + 0x2 * (v1 & v0 + v1) + 0x2 * (v1 & v1 - 0x1 + v0 * v1) + 0x2 * (v0 + v1 & v1 - 0x1 + v0 * v1) + 0x8 * (v0 & v1 & v0 + v1 & v1 - 0x1 + v0 * v1) - 0x4 * (v0 & v1 & v0 + v1) - 0x4 * (v0 & v1 & v1 - 0x1 + v0 * v1) - 0x4 * (v0 & v0 + v1 & v1 - 0x1 + v0 * v1) - 0x4 * (v1 & v0 + v1 & v1 - 0x1 + v0 * v1) - 0x3 * v1 - 0x2 * v0 - v0 * v1	0x2 * (v1 & (v0 + v1 ^ v1 - 0x1 + v0 * v1)) + 0x2 * (v0 + v1 & v1 - 0x1 + v0 * v1) - 0x3 * v1 - 0x2 * (v0 & ~ (v1 ^ v0 + v1 ^ v1 - 0x1 + v0 * v1)) - v0 * v1	(v1 ^ v1) + v1 + v0 ^ v1 * ~ v0 ^ v1 ^ (v0 | v0)	108	47	18	L→L
qsynth_ea:252	-(v0 & v1 & v4) - (v1 | v0 & v4 & (-0x1) * v1) + (v0 & v4)	-(v1 | v0 & v4 & (-0x1) * v1) + (v0 & v4 & ~ v1)	v0 - (v1 - (-0x1) * v0) | v4 & v0 & ~ v1	17	14	15	L→W
qsynth_ea:258	-0x2 * (v1 & v3 - v4) - (v4 & ~ (v1 & v3)) + (v1 | v3)	-0x2 * (v1 & v3 - v4) - v4 + (v1 & v3 & v4) + (v1 | v3)	(v3 & v4 & v1) - ((v1 & v3) - v4 + v4) + (v1 ^ (-0x1) * (v4 - v3))	18	17	23	W→W
qsynth_ea:259	v1 + v2 + v4 - (v1 & v2) - (v1 & v2 & v4 & v2 * v4) - (v1 & v4) - (v1 & v2 * v4) - (v2 & v4) - (v2 & v2 * v4) - (v4 & v2 * v4) + (v1 & v2 & v4) + (v1 & v2 & v2 * v4) + (v1 & v4 & v2 * v4) + (v2 & v4 & v2 * v4) + v2 * v4	(v1 & ~ (v2 | v4 | v2 * v4)) + (v2 | v4 | v2 * v4)	v4 * v2 | v2 | v4 | v1	67	17	9	L→L
qsynth_ea:262	v1 ^ (-0x1) * ~ v1 & v1 * v2	v1 ^ v1 + 0x1 & v1 * v2	v1 - v1 - (-0x1) * ((-0x1) * ~ v1 & v1 * v2 ^ (v1 | v1))	9	9	18	W→W
qsynth_ea:267	-0x1 + 0x2 * v0 * v0 * (v0 & v1) + 0x2 * v0 * v1 * (v0 & v1) + 0x2 * v0 * v4 * (v0 & v1) + 0x2 * v1 * v4 * (v0 & v1) - 0x2 * v0 * v0 * v1 - 0x2 * v0 * v1 * v4 - v0 * v0 * v0 - v0 * v0 * v4 - v0 * v1 * v1 - v1 * v1 * v4	~ (v0 * v0 * v0) + 0x2 * v0 * v0 * (v0 & v1) + 0x2 * v0 * v1 * (v0 & v1) + 0x2 * v0 * v4 * (v0 & v1) + 0x2 * v1 * v4 * (v0 & v1) - 0x2 * v0 * v0 * v1 - 0x2 * v0 * v1 * v4 - v0 * v0 * v4 - v0 * v1 * v1 - v1 * v1 * v4	~ ((-0x1) * (-0x1) * (v0 + v4) * (v1 ^ v0) * (v1 + v0))	60	59	14	L→L
qsynth_ea:276	v1 + 0x2 * (v1 & v2 & v4 & v1 * v1 * v2) + 0x2 * (v2 & v4 & v1 * v1 * v2 & v1 * v4) + 0x4 * (v1 & v2 & v1 * v1 * v2 & v1 * v4) + 0x4 * (v1 & v4 & v1 * v1 * v2 & v1 * v4) - 0x4 * (v1 & v2 & v4 & v1 * v1 * v2 & v1 * v4) - 0x2 * (v1 & v2 & v1 * v1 * v2) - 0x2 * (v1 & v4 & v1 * v1 * v2) - 0x2 * (v1 & v1 * v4) - 0x2 * (v2 & v1 * v1 * v2 & v1 * v4) - 0x2 * (v4 & v1 * v1 * v2 & v1 * v4) - (v2 & v4 & v1 * v1 * v2) + (v2 & v1 * v1 * v2) + (v4 & v1 * v1 * v2) + v1 * v4	v1 ^ (v2 | v4) & v1 * v1 * v2 ^ v1 * v4	(v2 | v4 & v1 | v4) & v1 * v1 * v2 ^ v1 ^ v4 * v1	121	13	19	L→W
qsynth_ea:278	0x2 * (v0 & v1 & 0x2 * v0 * v0) + 0x2 * v0 * v0 - 0x2 * (v0 & 0x2 * v0 * v0) + (v0 & ~ v1)	0x2 * v0 * v0 - 0x2 * (v0 & 0x2 * v0 * v0 & ~ v1) + (v0 & ~ v1)	v0 & (v0 ^ v1) ^ (v0 + v0) * v0 ^ v0 ^ v0	24	18	15	L→L
qsynth_ea:285	~ (v0 ^ v2) - 0x2 * (v0 & v2 & v3) + (v0 & v3)	~ v2 ^ ~ v3 & v0	~ (v3 & v0 ^ v0 ^ v2)	13	7	8	L→W
qsynth_ea:302	~ (v0 & v3) + (v0 & v3 & v3 - v0)	~ (v0 & v3 & ~ (v3 - v0))	~ (~ (v3 - v3) & v0 & (v3 ^ v3 - v0) & v3)	12	9	17	W→W
qsynth_ea:303	-~ v4 + v2 * v2 * v4	v4 + 0x1 + v2 * v2 * v4	v4 - ~ (v2 * v4 * v2)	8	7	9	W→W
qsynth_ea:305	-~ (v0 ^ v1 ^ v4) + v1 * (v4 & v0 * v4)	0x1 + (v0 ^ v1 ^ v4) + v1 * (v4 & v0 * v4)	(v0 * v4 & v4) * v1 - (~ v1 ^ v0 ^ (-0x1) * (-0x1) * v4)	14	13	17	W→W
qsynth_ea:309	v3 - 0x2 * v4 - ~ v2 - ((-0x1) * v4 & ((-0x1) * ~ v2 | v3 - v4)) - ((-0x1) * ~ v2 & v3 - v4)	v2 + v3 + 0x1 - 0x2 * v4 - ((-0x1) * v4 & (v2 + 0x1 | v3 - v4)) - (v2 + 0x1 & v3 - v4)	(-0x1) * (v3 - v2 + ~ v3) | (-0x1) * v4 | (-0x1) * (v4 - v3)	28	27	17	L→L
qsynth_ea:317	v2 - (v0 & ~ (0x2 * v0)) - (v0 & v2 - v0)	v2 - v0 - (v0 & v2 - v0) + (v0 & 0x2 * v0)	~ ~ ((v0 | v0) ^ v0 + v0 & v0 ^ (v0 | v2 - v0 ^ v0))	15	15	20	W→W
qsynth_ea:320	-0x1 - 0x3 * v0 - v3 - (v0 & v3) - (v3 & v0 - v3 & v0 + (v0 & v3)) - (v0 + v3 & v0 - v3 & v0 + (v0 & v3)) + (v3 & v0 + v3) + (v3 & v0 - v3) + (v3 & v0 + (v0 & v3)) + (v0 + v3 & v0 - v3) + (v0 + v3 & v0 + (v0 & v3)) + (v0 - v3 & v0 + (v0 & v3))	~ (v0 & v3) - 0x3 * v0 - (v3 & ~ (v0 - v3 | v0 + (v0 & v3))) + (v3 & v0 + v3) + (v0 + v3 & (v0 - v3 | v0 + (v0 & v3))) + (v0 - v3 & v0 + (v0 & v3))	(v3 ^ ~ (v3 + v0)) & ((v0 - v3 | v0 + (v0 & v3)) ^ ~ v3)	81	50	20	L→L
qsynth_ea:324	-0x2 * (v3 & (-0x1) * (v3 & (-0x1) * ~ v4)) + (v3 & ~ ((-0x1) * ~ v4))	-0x2 * (v3 & (-0x1) * (v3 & v4 + 0x1)) + (v3 & ~ (v4 + 0x1))	(-0x1) * (v3 & (-0x1) * ~ v4) ^ (v3 | v3)	16	16	10	L→L
qsynth_ea:326	v0 + 0x2 * ~ (v2 & v3 & -v0 - ~ (v3 * v3)) + 0x2 * (v3 & -v0 - ~ (v3 * v3)) - (v3 & ~ v2) - v3 * v3	v0 - 0x2 + 0x2 * (v3 & 0x1 - v0 + v3 * v3 & ~ v2) - v3 - v3 * v3 + (v2 & v3)	(v2 ^ v3) & v2 - v2 + v3 ^ ~ ((-0x1) * (v0 + ~ (v3 * v3)))	35	24	19	L→L
qsynth_ea:328	-0x2 + 0x2 * (v1 & v0 - v1) + 0x2 * (v1 & (-0x1) * ~ v1) + 0x2 * (v4 & (-0x1) * ~ v1) + 0x2 * (v0 - v1 & (-0x1) * ~ v1) + 0x4 * (v1 & v4 & v0 - v1 & (-0x1) * ~ v1) - 0x4 * (v1 & v0 - v1 & (-0x1) * ~ v1) - 0x2 * (v1 & v4 & v0 - v1) - 0x2 * (v1 & v4 & (-0x1) * ~ v1) - 0x2 * (v4 & v0 - v1 & (-0x1) * ~ v1) - v0 - v1 - v4 + (v1 & v4) + (v4 & v0 - v1)	-0x2 + 0x2 * (v1 & (v0 - v1 ^ v1 + 0x1) & ~ v4) + 0x2 * (v1 + 0x1 & (v4 | v0 - v1)) - v0 - (v1 | v4) + (v4 & v0 - v1)	~ (-~ v1 + v0 - v0 ^ (v4 | v1 ^ v0 - v1))	91	38	18	L→L
qsynth_ea:341	~ (v1 & (v2 ^ v3 - ~ v2)) + 0x2 * (v1 & v3 & v3 - ~ v2) - 0x2 * (v1 & v2 & v3 & v3 - ~ v2) - (v3 & v3 - ~ v2) + (v1 & v2 & v3)	~ (v1 & (v2 ^ v2 + v3 + 0x1)) + 0x2 * (v1 & v3 & v2 + v3 + 0x1 & ~ v2) - (v3 & v2 + v3 + 0x1) + (v1 & v2 & v3)	~ ((v1 ^ v3) & v2 - ~ v3 ^ v2 & v1 - (v3 & v1))	42	31	19	L→L
qsynth_ea:346	0x2 * ((-0x1) * v1 & v3 + 0x2 * v1 * (v1 & v1 - v3) - 0x2 * (v1 & ~ (v1 - v3)) - 0x2 * v1 * v1 + v1 * v3) + 0x2 * v1 * v1 + 0x3 * v1 - 0x2 * (v1 & v1 - v3) - 0x2 * ((-0x1) * v1 & v0 - v3 & v3 + 0x2 * v1 * (v1 & v1 - v3) - 0x2 * (v1 & ~ (v1 - v3)) - 0x2 * v1 * v1 + v1 * v3) - 0x2 * v1 * (v1 & v1 - v3) - v3 - v1 * v3 + ((-0x1) * v1 & v0 - v3)	0x2 * ((-0x1) * v1 & v3 + 0x2 * v1 * (v1 & v1 - v3) - 0x2 * (v1 & ~ (v1 - v3)) - 0x2 * v1 * v1 + v1 * v3 & ~ (v0 - v3)) + 0x2 * v1 * v1 + 0x3 * v1 - 0x2 * (v1 & v1 - v3) - 0x2 * v1 * (v1 & v1 - v3) - v3 - v1 * v3 + ((-0x1) * v1 & v0 - v3)	(-0x1) * (~ v0 + v3 & (-0x1) * v1 ^ (v1 - v3 ^ v1) * ~ v1)	100	71	18	L→L
qsynth_ea:360	v4 - ~ v1 - (v1 + v4 & v4 - ~ v1)	v1 + v4 + 0x1 - (v1 + v4 & v1 + v4 + 0x1)	~ (v4 + v1 | ~ (v4 - ~ v1))	15	13	11	L→L
qsynth_ea:377	-(v1 & (-0x1) * v1) - (v1 & v4 - 0x1 + v1 * v4) + (v1 & v4 - 0x1 + v1 * v4 & (v0 | (-0x1) * v1))	-(v1 & (-0x1) * v1) - (v1 & v4 - 0x1 + v1 * v4 & ~ (v0 | (-0x1) * v1))	v1 & (~ v1 * v4 | v0) | (-0x1) * v1	27	20	11	L→L
qsynth_ea:378	-v4 - ~ (v1 ^ v3)	0x1 - v4 + (v1 ^ v3)	(-0x1) * (~ (v3 ^ v1) - (-0x1) * v4)	8	7	9	W→W
qsynth_ea:379	0x2 * v3 + 0x2 * (v4 & 0x2 * v3 & v3 * v4) - 0x2 * (v4 & 0x2 * v3 & v1 * v3 & v3 * v4) - (0x2 * v3 & (v4 ^ v1 * v3)) - (0x2 * v3 & v3 * v4) + (0x2 * v3 & v1 * v3 & v3 * v4)	0x2 * v3 + 0x2 * (v4 & 0x2 * v3 & v3 * v4 & ~ (v1 * v3)) - (0x2 * v3 & (v4 ^ v1 * v3)) - (0x2 * v3 & v3 * v4 & ~ (v1 * v3))	v3 + v3 & (~ v4 ^ (v3 * v1 | v4 * v3))	47	35	14	L→L
qsynth_ea:380	0x3 * v3 * v4 - ~ (v3 * v3 * v4) - v3 * v4 * (v3 & v4) - v3 * (v4 & 0x2 * v4) + v3 * v4 * v4	0x1 + 0x3 * v3 * v4 - v3 * v4 * (v3 & v4) - v3 * (v4 & 0x2 * v4) + v3 * v3 * v4 + v3 * v4 * v4	(-0x1) * (~ (v3 * v4 * (v4 | v3)) - v3 * (v4 | v4 + v4))	29	28	18	L→L
qsynth_ea:389	-(v0 & ~ v4) - (v0 & (-0x1) * v0) - (v4 & (-0x1) * v0)	-v0 - (v0 & (-0x1) * v0) - (v4 & (-0x1) * v0) + (v0 & v4)	~ (v0 ^ v4) & ((-0x1) * v0 ^ v4)	16	16	9	L→L
qsynth_ea:391	-0x1 + 0x2 * (v0 & ~ (v0 * v4 * v4) - v4 * v4 * v4 + v4 * v4 * (v0 & v4) & 0x2 * v4 * (v0 & v4) - 0x2 * v0 * (v0 & v4) - v4 * v4 + v0 * v0) + 0x2 * v4 * (v0 & v4) - 0x2 * (~ (v0 * v4 * v4) - v4 * v4 * v4 + v4 * v4 * (v0 & v4) & 0x2 * v4 * (v0 & v4) - 0x2 * v0 * (v0 & v4) - v4 * v4 + v0 * v0) - 0x2 * v0 * (v0 & v4) - (v0 & ~ (v0 * v4 * v4) - v4 * v4 * v4 + v4 * v4 * (v0 & v4)) - v0 * v4 * v4 - v4 * v4 - v4 * v4 * v4 + v0 * v0 + v4 * v4 * (v0 & v4)	~ (v0 & ~ (v0 * v4 * v4) - v4 * v4 * v4 + v4 * v4 * (v0 & v4)) + 0x2 * v4 * (v0 & v4) - 0x2 * (~ (v0 * v4 * v4) - v4 * v4 * v4 + v4 * v4 * (v0 & v4) & 0x2 * v4 * (v0 & v4) - 0x2 * v0 * (v0 & v4) - v4 * v4 + v0 * v0 & ~ v0) - 0x2 * v0 * (v0 & v4) - v0 * v4 * v4 - v4 * v4 - v4 * v4 * v4 + v0 * v0 + v4 * v4 * (v0 & v4)	(v4 * v4 * (v0 | v4) | v0) ^ ~ ((v4 ^ v0) * (v0 - v4))	136	97	19	L→L
qsynth_ea:401	-~ v0 + v0 * v2 + v0 * v3	v0 + 0x1 + v0 * v2 + v0 * v3	(v3 + v2) * v0 - ~ (v0 | v0)	10	9	11	W→W
qsynth_ea:411	v1 + v2 + v4 - (v1 & v2) - (v1 & v2 & v4 & v2 * v4) - (v1 & v4) - (v1 & v2 * v4) - (v2 & v4) - (v2 & v2 * v4) - (v4 & v2 * v4) + (v1 & v2 & v4) + (v1 & v2 & v2 * v4) + (v1 & v4 & v2 * v4) + (v2 & v4 & v2 * v4) + v2 * v4	(v1 & ~ (v2 | v4 | v2 * v4)) + (v2 | v4 | v2 * v4)	v1 ^ v1 ^ v2 | v4 | v4 * v2 | v1	67	17	13	L→L
qsynth_ea:418	-~ v0 - (v1 & (v0 - 0x2 * v1 | (-0x1) * ~ v1)) - (v0 - 0x2 * v1 & (-0x1) * ~ v1)	v0 + 0x1 - (v1 & (v0 - 0x2 * v1 | v1 + 0x1)) - (v0 - 0x2 * v1 & v1 + 0x1)	(-0x1) * (-0x1) * (v1 & v1 | v0 - (v1 + v1) | v1 - ~ (v1 ^ v1))	24	23	20	L→L
qsynth_ea:419	0x2 * (v3 & v1) - 0x2 * (v0 & v3 & v1) - (v1 & ~ v0) - (v0 ^ v3)	0x2 * (v1 & v3 & ~ v0) - v1 - (v0 ^ v3) + (v0 & v1)	(-0x1) * ((v0 | v1 | v1) ^ v3 & v3)	19	16	10	L→L
qsynth_ea:422	-v1 - v0 * v1 + (v0 & (-0x1) * ~ v0)	-v1 - v0 * v1 + (v0 & v0 + 0x1)	(v0 & (-0x1) * ~ v0) + v1 * ~ v0 ^ (v0 ^ v0) * v0 * v0	12	12	18	W→W
qsynth_ea:436	0x2 * (v0 & v3 & v0 - v3) + 0x2 * (v0 & ~ v3) - 0x3 * (v3 & v0 - v3) - ~ v3 - (v0 & v0 - v3)	v3 + 0x1 + 0x2 * (v0 & v3 & v0 - v3) + 0x2 * (v0 & ~ v3) - 0x3 * (v3 & v0 - v3) - (v0 & v0 - v3)	((v3 | v3) ^ -v3 + v0) - ~ (v3 + ~ v0 & (v3 ^ v0))	31	30	19	L→L
qsynth_ea:439	(-0x1) * ~ (v0 & v1)	0x1 + (v0 & v1)	(v0 & v1) - ~ (v4 ^ v4)	5	5	9	W→W
qsynth_ea:440	(-0x1) * ~ v1	0x1 + v1	-((v1 ^ v1 + v4 - v4) & v1 & v1) - ~ v1	3	3	17	W→W
qsynth_ea:448	(-0x1) * ~ (v3 * v3)	0x1 + v3 * v3	-(v3 * v3 ^ (~ v2 | v2)) + ((v3 ^ v3) & ~ v3)	5	5	16	W→W
qsynth_ea:449	-0x2 * ((-0x1) * ~ v2 & v4 - v2) - ~ v4	v4 + 0x1 - 0x2 * (v2 + 0x1 & v4 - v2)	v4 - v2 ^ (-0x1) * ~ v2	13	12	8	L→L
qsynth_ea:460	v2 - (v4 & ~ (0x2 * v4)) - (v4 & 0x2 * v4 & v2 - v4)	v2 - v4 - (v4 & 0x2 * v4 & v2 - v4) + (v4 & 0x2 * v4)	v4 + v4 & v4 | v2 - v4	17	17	10	L→L
qsynth_ea:471	v0 & 0x1 - (v2 & ~ v0)	v0 & 0x1 - v2 + (v0 & v2)	v0 & -(v0 | v2) - ~ v0	9	9	10	W→W
qsynth_ea:472	(-0x1) * ~ (v1 & (v2 & v4 ^ v2 + 0x2 * v1))	0x1 + (v1 & (v2 & v4 ^ v2 + 0x2 * v1))	(-0x1) * (~ ~ ~ v1 | ~ (v4 & v2 ^ v1 + v1 + v2))	12	12	16	W→W
qsynth_ea:475	-v0 - ~ (v0 - 0x1 + v0 * v0 & -v2 * v2 + v0 * v2) - v0 * v0 - v0 * v2 + v2 * v2	0x1 - v0 - v0 * v0 - v0 * v2 + (v0 - 0x1 + v0 * v0 & -v2 * v2 + v0 * v2) + v2 * v2	(-0x1) * ((v0 - v2) * v2 | ~ (~ v0 * v0))	31	30	13	L→L
qsynth_ea:484	-~ (v1 * v3) - (v1 ^ v3) - v1 * v1	0x1 - (v1 ^ v3) - v1 * v1 + v1 * v3	v3 - ~ ((-0x1) * v3) - (v1 ^ v3) - (v1 - v3) * v1	14	13	19	W→W
qsynth_ea:487	~ (v1 ^ v3) - 0x2 * (v1 & v3 & (-0x1) * v3) + (v3 & (-0x1) * v3)	~ v1 ^ ~ ((-0x1) * v3) & v3	(~ v3 | (-0x1) * ~ ~ v3) ^ v1 & v1	15	8	11	L→W
qsynth_ea:490	0x2 * (v1 & v3 & 0x2 * v0 * v1 + 0x2 * v1 * v1 + 0x3 * v1 * v3 + 0x4 * v3 * (v0 & v1 & v3) + 0x4 * (v0 & v1) * (v1 & v3) + 0x4 * (v0 & v3) * (v1 & v3) + 0x4 * (v1 & v3) * (v1 & v3) + 0x8 * v1 * (v0 & v1 & v3) - 0x8 * (v0 & v1 & v3) * (v1 & v3) - 0x6 * v1 * (v1 & v3) - 0x4 * v1 * (v0 & v1) - 0x4 * v1 * (v0 & v3) - 0x4 * v3 * (v1 & v3) - 0x2 * v0 * (v1 & v3) - 0x2 * v3 * (v0 & v1) - 0x2 * v3 * (v0 & v3) + v0 * v3 + v3 * v3 & v0 * v1 * v3) + 0x2 * v0 * v1 + 0x2 * v1 * v1 + 0x3 * v1 * v3 + 0x4 * v3 * (v0 & v1 & v3) + 0x4 * (v0 & v1) * (v1 & v3) + 0x4 * (v0 & v3) * (v1 & v3) + 0x4 * (v1 & v3) * (v1 & v3) + 0x8 * v1 * (v0 & v1 & v3) - 0x8 * (v0 & v1 & v3) * (v1 & v3) - 0x6 * v1 * (v1 & v3) - 0x4 * v1 * (v0 & v1) - 0x4 * v1 * (v0 & v3) - 0x4 * v3 * (v1 & v3) - 0x2 * (v1 & 0x2 * v0 * v1 + 0x2 * v1 * v1 + 0x3 * v1 * v3 + 0x4 * v3 * (v0 & v1 & v3) + 0x4 * (v0 & v1) * (v1 & v3) + 0x4 * (v0 & v3) * (v1 & v3) + 0x4 * (v1 & v3) * (v1 & v3) + 0x8 * v1 * (v0 & v1 & v3) - 0x8 * (v0 & v1 & v3) * (v1 & v3) - 0x6 * v1 * (v1 & v3) - 0x4 * v1 * (v0 & v1) - 0x4 * v1 * (v0 & v3) - 0x4 * v3 * (v1 & v3) - 0x2 * v0 * (v1 & v3) - 0x2 * v3 * (v0 & v1) - 0x2 * v3 * (v0 & v3) + v0 * v3 + v3 * v3 & v0 * v1 * v3) - 0x2 * (v3 & 0x2 * v0 * v1 + 0x2 * v1 * v1 + 0x3 * v1 * v3 + 0x4 * v3 * (v0 & v1 & v3) + 0x4 * (v0 & v1) * (v1 & v3) + 0x4 * (v0 & v3) * (v1 & v3) + 0x4 * (v1 & v3) * (v1 & v3) + 0x8 * v1 * (v0 & v1 & v3) - 0x8 * (v0 & v1 & v3) * (v1 & v3) - 0x6 * v1 * (v1 & v3) - 0x4 * v1 * (v0 & v1) - 0x4 * v1 * (v0 & v3) - 0x4 * v3 * (v1 & v3) - 0x2 * v0 * (v1 & v3) - 0x2 * v3 * (v0 & v1) - 0x2 * v3 * (v0 & v3) + v0 * v3 + v3 * v3 & v0 * v1 * v3) - 0x2 * v0 * (v1 & v3) - 0x2 * v3 * (v0 & v1) - 0x2 * v3 * (v0 & v3) - (v1 & v3 & v0 * v1 * v3) + (v1 & v0 * v1 * v3) + (v3 & v0 * v1 * v3) + v0 * v3 + v3 * v3	0x2 * v0 * v1 + 0x2 * v1 * v1 + 0x3 * v1 * v3 + 0x4 * v3 * (v0 & v1 & v3) + 0x4 * (v0 & v1) * (v1 & v3) + 0x4 * (v0 & v3) * (v1 & v3) + 0x4 * (v1 & v3) * (v1 & v3) + 0x8 * v1 * (v0 & v1 & v3) - 0x8 * (v0 & v1 & v3) * (v1 & v3) - 0x6 * v1 * (v1 & v3) - 0x4 * v1 * (v0 & v1) - 0x4 * v1 * (v0 & v3) - 0x4 * v3 * (v1 & v3) - 0x2 * (0x2 * v0 * v1 + 0x2 * v1 * v1 + 0x3 * v1 * v3 + 0x4 * v3 * (v0 & v1 & v3) + 0x4 * (v0 & v1) * (v1 & v3) + 0x4 * (v0 & v3) * (v1 & v3) + 0x4 * (v1 & v3) * (v1 & v3) + 0x8 * v1 * (v0 & v1 & v3) - 0x8 * (v0 & v1 & v3) * (v1 & v3) - 0x6 * v1 * (v1 & v3) - 0x4 * v1 * (v0 & v1) - 0x4 * v1 * (v0 & v3) - 0x4 * v3 * (v1 & v3) - 0x2 * v0 * (v1 & v3) - 0x2 * v3 * (v0 & v1) - 0x2 * v3 * (v0 & v3) + v0 * v3 + v3 * v3 & v0 * v1 * v3 & (v1 | v3)) - 0x2 * v0 * (v1 & v3) - 0x2 * v3 * (v0 & v1) - 0x2 * v3 * (v0 & v3) + (v0 * v1 * v3 & (v1 | v3)) + v0 * v3 + v3 * v3	(v1 | v3) & v3 * v0 * v1 ^ ((v3 ^ v1) + v1) * (v3 ^ v1 ^ v0)	474	233	21	L→L
qsynth_ea:493	0x2 * v0 * v1 - ~ v0 + v0 * v0 * v1 + v0 * v0 * v1 * v1 + v0 * v0 * v1 * v4 * v4 + v0 * v0 * v4 * v4 + v0 * v4 * v4	v0 + 0x1 + 0x2 * v0 * v1 + v0 * v0 * v1 + v0 * v0 * v1 * v1 + v0 * v0 * v1 * v4 * v4 + v0 * v0 * v4 * v4 + v0 * v4 * v4	~ ((v1 + v4 * v4) * (v0 & v0)) * (~ (v0 * v1) - v0)	32	31	18	L→L
syntia:7	(-0x1) * ~ v4	0x1 + v4	(-0x1) * ~ v4	3	3	3	T→T
syntia:76	0x1 + 0x2 * (v1 & ~ ((-0x1) * ~ v1))	0x1 + 0x2 * (v1 & ~ (v1 + 0x1))	v1 ^ (-0x1) * ~ v1	9	9	5	L→L
syntia:175	v3 - 0x2 * (v3 & (-0x1) * ~ v0) - ~ v0	v0 + v3 + 0x1 - 0x2 * (v3 & v0 + 0x1)	v3 ^ (-0x1) * ~ v0	11	10	5	L→L
syntia:179	(-0x1) * ~ v1	0x1 + v1	(-0x1) * ~ v1	3	3	3	T→T
syntia:196	v4 - ~ v0	0x1 + v0 + v4	v0 - ~ v4	5	4	5	T→W
syntia:205	v2 - ~ v1	0x1 + v1 + v2	v2 - ~ v1	5	4	5	T→W
syntia:281	v3 - 0x2 * (v3 & (-0x1) * ~ v1) - ~ v1	v1 + v3 + 0x1 - 0x2 * (v3 & v1 + 0x1)	v3 ^ (-0x1) * ~ v1	11	10	5	L→L
syntia:304	0x1 + 0x2 * v3 - (v3 & (-0x1) * ~ v3)	0x1 + 0x2 * v3 - (v3 & v3 + 0x1)	(-0x1) * ~ v3 | v3	10	10	5	L→L
syntia:312	(-0x1) * ~ v2	0x1 + v2	(-0x1) * ~ v2	3	3	3	T→T
syntia:324	v4 - ~ v2	0x1 + v2 + v4	-~ v4 + v2	5	4	5	T→W
syntia:348	v1 - ~ v0	0x1 + v0 + v1	-~ v1 + v0	5	4	5	T→W
syntia:363	0x2 * (v0 & v1 & v4) - 0x2 * (v1 & v4) + (v4 & ~ v0) + (v0 ^ v1)	-0x2 * (v1 & v4 & ~ v0) + (v4 & ~ v0) + (v0 ^ v1)	v1 ^ (v0 | v4)	17	14	5	L→L
syntia:384	(-0x1) * ~ v1	0x1 + v1	(-0x1) * ~ v1	3	3	3	T→T
syntia:390	-v1 - ~ v2	0x1 + v2 - v1	(-0x1) * (~ v2 + v1)	6	5	5	L→T
syntia:444	(-0x1) * ~ v0	0x1 + v0	(-0x1) * ~ v0	3	3	3	T→T
syntia:481	0x2 * (v1 & v2 & v3) - 0x2 * (v1 & v3) + (v3 & ~ v2) + (v1 ^ v2)	-0x2 * (v1 & v3 & ~ v2) + (v3 & ~ v2) + (v1 ^ v2)	(v3 | v2) ^ v1	17	14	5	L→L
syntia:492	v3 & (-0x1) * ~ v0	v3 & v0 + 0x1	(-0x1) * ~ v0 & v3	5	5	5	T→T
