dataset	line	edge_index	edge_id	from_stage	to_stage	left_hash	right_hash	pair_hash	residual_hash	left_nodes	right_nodes	left	right
loki_tiny.csv	1841	0	edge0_source_ordinary_loki_tiny_csv_1841	source	ordinary	64012ec646a4a584	da4ca7dfde7a6acd	b2d8a8558bef06e4	8ac9bd7de79722d7	22	30	~ (v0 + v1) & (-0x1) * (~ (v0 + v1) & (-0x1) * ~ (v0 + v1)) ^ ~ (v1 & ~ v1)	v0 + v1 + (-0x1) * (v0 + v1 & v0 + v1 + 0x1) + (v0 + v1 & (-0x1) + (-0x1) * v0 + (-0x1) * v1 + (v0 + v1 & v0 + v1 + 0x1))
loki_tiny.csv	1841	1	edge1_ordinary_p7e_loki_tiny_csv_1841	ordinary	p7e	da4ca7dfde7a6acd	3d54a8dc81ba06e8	464afe30b5adc3bc	023e4e2e6bc85557	30	5	v0 + v1 + (-0x1) * (v0 + v1 & v0 + v1 + 0x1) + (v0 + v1 & (-0x1) + (-0x1) * v0 + (-0x1) * v1 + (v0 + v1 & v0 + v1 + 0x1))	(v0) + (v1)
loki_tiny.csv	1841	2	edge2_p7e_loki_tiny_csv_1841	p7e	retained	3d54a8dc81ba06e8	3d54a8dc81ba06e8	20f211d397d25cbd	e410c4e78824d2e6	5	5	(v0) + (v1)	(v0) + (v1)
loki_tiny.csv	2319	0	edge0_source_ordinary_loki_tiny_csv_2319	source	ordinary	600267fd1ddc2900	02a9072c164e073d	0471c245ce1c201c	cd96e7b360c249ff	24	9	~ (v0 & ~ (~ (v1 | ~ v1))) + ((-0x1) * v1 & ~ (v1 & v1 + v1)) ^ (v1 ^ ~ v1)	v0 + v1 + (v1 & 0x2 * v1 & (-0x1) * v1)
loki_tiny.csv	2319	1	edge1_ordinary_p7e_loki_tiny_csv_2319	ordinary	p7e	02a9072c164e073d	02a9072c164e073d	099397ff1fc43a21	2f425ad89b50f33a	9	9	v0 + v1 + (v1 & 0x2 * v1 & (-0x1) * v1)	v0 + v1 + (v1 & 0x2 * v1 & (-0x1) * v1)
loki_tiny.csv	2319	2	edge2_p9l_loki_tiny_csv_2319	p7e	retained	02a9072c164e073d	536a9b6c358c7562	3bdf73882802f8ee	c01bbc68560eab85	9	3	v0 + v1 + (v1 & 0x2 * v1 & (-0x1) * v1)	v0 + v1
loki_tiny.csv	2499	0	edge0_source_ordinary_loki_tiny_csv_2499	source	ordinary	1e1abe7221b78248	6a058e4ea4798759	2313d221d6cb58f0	e2ee451ecd3663e3	36	9	(-0x1) * (~ (~ ((-0x1) * v0 & ~ (v0 & (-0x1) * (v0 + v0))) + ((-0x1) * v1 + (v1 + v1)) ^ (-0x1) * ((-0x1) * v1 + (v1 + v1))) ^ (-0x1) * ((-0x1) * v1 + (v1 + v1)))	v0 + v1 + (v0 & (-0x2) * v0 & (-0x1) * v0)
loki_tiny.csv	2499	1	edge1_ordinary_p7e_loki_tiny_csv_2499	ordinary	p7e	6a058e4ea4798759	6a058e4ea4798759	2cf103bcec2871b1	349920bfd61cb82a	9	9	v0 + v1 + (v0 & (-0x2) * v0 & (-0x1) * v0)	v0 + v1 + (v0 & (-0x2) * v0 & (-0x1) * v0)
loki_tiny.csv	2499	2	edge2_p9l_loki_tiny_csv_2499	p7e	retained	6a058e4ea4798759	536a9b6c358c7562	28bd0e7ba84c174a	661e4f54ea7811b1	9	3	v0 + v1 + (v0 & (-0x2) * v0 & (-0x1) * v0)	v0 + v1
loki_tiny.csv	2631	0	edge0_source_ordinary_loki_tiny_csv_2631	source	ordinary	347f1fe67abb77f2	02a9072c164e073d	8164797fb27d61fe	a32d0a022c68be0b	37	9	v0 + ~ (~ (~ (((-0x1) * v1 & ~ (v1 & v1 + v1)) + ~ ((-0x1) * v1 | ~ (v1 & v1 + v1)) & ~ (v1 & v1 + v1))) + (v1 ^ ~ v1))	v0 + v1 + (v1 & 0x2 * v1 & (-0x1) * v1)
loki_tiny.csv	2631	1	edge1_ordinary_p7e_loki_tiny_csv_2631	ordinary	p7e	02a9072c164e073d	02a9072c164e073d	099397ff1fc43a21	2f425ad89b50f33a	9	9	v0 + v1 + (v1 & 0x2 * v1 & (-0x1) * v1)	v0 + v1 + (v1 & 0x2 * v1 & (-0x1) * v1)
loki_tiny.csv	2631	2	edge2_p9l_loki_tiny_csv_2631	p7e	retained	02a9072c164e073d	536a9b6c358c7562	3bdf73882802f8ee	c01bbc68560eab85	9	3	v0 + v1 + (v1 & 0x2 * v1 & (-0x1) * v1)	v0 + v1
loki_tiny.csv	2729	0	edge0_source_ordinary_loki_tiny_csv_2729	source	ordinary	3cca663f7b6dcaf6	19bb0c861144fa16	613f834dac245623	9f4663234109a4d8	67	9	~ (~ v0 + ((-0x1) * ~ ((-0x1) * v0 ^ ((-0x1) * v0 ^ ~ ((-0x1) * v0 + (v0 + v1)))) & ~ (~ ((-0x1) * v0 ^ ((-0x1) * v0 ^ ~ ((-0x1) * v0 + (v0 + v1)))) & (-0x1) * ~ ((-0x1) * v0 ^ ((-0x1) * v0 ^ ~ ((-0x1) * v0 + (v0 + v1)))) + (-0x1) * ~ ((-0x1) * v0 ^ ((-0x1) * v0 ^ ~ ((-0x1) * v0 + (v0 + v1)))))))	v0 + v1 + (v1 & (-0x2) * v1 & (-0x1) * v1)
loki_tiny.csv	2729	1	edge1_ordinary_p7e_loki_tiny_csv_2729	ordinary	p7e	19bb0c861144fa16	19bb0c861144fa16	e4d3586aeeeda039	92c73b3b8d0d4582	9	9	v0 + v1 + (v1 & (-0x2) * v1 & (-0x1) * v1)	v0 + v1 + (v1 & (-0x2) * v1 & (-0x1) * v1)
loki_tiny.csv	2729	2	edge2_p9l_loki_tiny_csv_2729	p7e	retained	19bb0c861144fa16	536a9b6c358c7562	6d4965fc1156b8d9	14ce086323796156	9	3	v0 + v1 + (v1 & (-0x2) * v1 & (-0x1) * v1)	v0 + v1
loki_tiny.csv	2772	0	edge0_source_ordinary_loki_tiny_csv_2772	source	ordinary	965150440b25d8e6	ee09dc9a0032fdc3	75ab88b64b9d758c	8a8ef8a5c832029b	25	24	(-0x1) * ((~ ((~ ((-0x1) * (v0 + v1 ^ (-0x1) * v1)) ^ (-0x1) * v1) ^ (-0x1) * v1) ^ (-0x1) * v1) ^ (-0x1) * v1) ^ (-0x1) * v1	v0 + (-0x2) * ((-0x1) * v1 & v0 + v1) + (-0x2) * ((-0x1) * v1 & v0 + (-0x2) * ((-0x1) * v1 & v0 + v1)) + (-0x1) * v1
loki_tiny.csv	2772	1	edge1_ordinary_p7e_loki_tiny_csv_2772	ordinary	p7e	ee09dc9a0032fdc3	3d54a8dc81ba06e8	67c784e50d827460	03656aa54c214ecb	24	5	v0 + (-0x2) * ((-0x1) * v1 & v0 + v1) + (-0x2) * ((-0x1) * v1 & v0 + (-0x2) * ((-0x1) * v1 & v0 + v1)) + (-0x1) * v1	(v0) + (v1)
loki_tiny.csv	2772	2	edge2_p7e_loki_tiny_csv_2772	p7e	retained	3d54a8dc81ba06e8	3d54a8dc81ba06e8	20f211d397d25cbd	e410c4e78824d2e6	5	5	(v0) + (v1)	(v0) + (v1)
loki_tiny.csv	2929	0	edge0_source_ordinary_loki_tiny_csv_2929	source	ordinary	c34a655a2ba5cefd	a579aa5fdee94edb	27294c36cb09ef23	f29b7317b123eb98	90	22	~ ((-0x1) * v0 + ~ (~ (v0 | ~ v0) | ((~ (v0 | ~ v0) & v1 | v1) | v1)) & ((-0x1) * v0 + ~ (~ (v0 | ~ v0) | ((~ (v0 | ~ v0) & v1 | v1) | v1)) & (-0x1) * ((-0x1) * v0 + ~ (~ (v0 | ~ v0) | ((~ (v0 | ~ v0) & v1 | v1) | v1)) & (-0x1) * ((-0x1) * v0 + ~ (~ (v0 | ~ v0) | ((~ (v0 | ~ v0) & v1 | v1) | v1))))))	(-0x1) + (-0x1) * ((-0x1) * (v0 + v1 + 0x1 & (-0x1) + (-0x1) * v0 + (-0x1) * v1) & (-0x1) + (-0x1) * v0 + (-0x1) * v1)
loki_tiny.csv	2929	1	edge1_ordinary_p7e_loki_tiny_csv_2929	ordinary	p7e	a579aa5fdee94edb	a579aa5fdee94edb	3a7f06a5e53709ad	6f943d012dff556e	22	22	(-0x1) + (-0x1) * ((-0x1) * (v0 + v1 + 0x1 & (-0x1) + (-0x1) * v0 + (-0x1) * v1) & (-0x1) + (-0x1) * v0 + (-0x1) * v1)	(-0x1) + (-0x1) * ((-0x1) * (v0 + v1 + 0x1 & (-0x1) + (-0x1) * v0 + (-0x1) * v1) & (-0x1) + (-0x1) * v0 + (-0x1) * v1)
loki_tiny.csv	2929	2	edge2_p9l_loki_tiny_csv_2929	p7e	retained	a579aa5fdee94edb	536a9b6c358c7562	279dd53eecf50f64	80b67d2e1450caef	22	3	(-0x1) + (-0x1) * ((-0x1) * (v0 + v1 + 0x1 & (-0x1) + (-0x1) * v0 + (-0x1) * v1) & (-0x1) + (-0x1) * v0 + (-0x1) * v1)	v0 + v1
loki_tiny.csv	3312	0	edge0_source_ordinary_loki_tiny_csv_3312	source	ordinary	5c2a12e11418d78a	3c75bc9ca19eeef4	d632cf8c7c3c387b	2dad8b1fc5291114	43	18	(v0 | ~ v0) ^ ~ (~ ((-0x1) * ~ (~ ((v0 & ~ v0) + (v0 + v1 | v1) | (v0 + v1 | v1)) | ~ (v0 + v1)) & (v0 + v1) + (v0 + v1)) & v0 + v1)	v0 + v1 + (-0x1) * (v0 + v1 & 0x2 * v0 + 0x2 * v1 & (-0x1) * v0 + (-0x1) * v1)
loki_tiny.csv	3312	1	edge1_ordinary_p7e_loki_tiny_csv_3312	ordinary	p7e	3c75bc9ca19eeef4	3c75bc9ca19eeef4	71ade93367589bab	495ea2162f642d64	18	18	v0 + v1 + (-0x1) * (v0 + v1 & 0x2 * v0 + 0x2 * v1 & (-0x1) * v0 + (-0x1) * v1)	v0 + v1 + (-0x1) * (v0 + v1 & 0x2 * v0 + 0x2 * v1 & (-0x1) * v0 + (-0x1) * v1)
loki_tiny.csv	3312	2	edge2_p9l_loki_tiny_csv_3312	p7e	retained	3c75bc9ca19eeef4	536a9b6c358c7562	40657d66161196d7	963ba980dcdd8c32	18	3	v0 + v1 + (-0x1) * (v0 + v1 & 0x2 * v0 + 0x2 * v1 & (-0x1) * v0 + (-0x1) * v1)	v0 + v1
loki_tiny.csv	3424	0	edge0_source_ordinary_loki_tiny_csv_3424	source	ordinary	2d804cc05e4bf49d	4bd336b6e4d4bbec	acf558d71d841262	6c7889bcfd10da83	31	16	(-0x1) * (v0 ^ (v0 ^ ((-0x1) * v0 ^ ((-0x1) * v0 ^ (-0x1) * v0 + ~ (~ ((-0x1) * v1) | v1 & (v1 ^ ~ (v1 ^ ~ v1 + (-0x1) * v1)))))))	v0 + v1 + (-0x1) * (v1 & (-0x1) * v1 & (-0x1) + (-0x2) * v1) + (v1 & (-0x1) * v1)
loki_tiny.csv	3424	1	edge1_ordinary_p7e_loki_tiny_csv_3424	ordinary	p7e	4bd336b6e4d4bbec	4bd336b6e4d4bbec	26f964bef451204b	a6b52815475ea934	16	16	v0 + v1 + (-0x1) * (v1 & (-0x1) * v1 & (-0x1) + (-0x2) * v1) + (v1 & (-0x1) * v1)	v0 + v1 + (-0x1) * (v1 & (-0x1) * v1 & (-0x1) + (-0x2) * v1) + (v1 & (-0x1) * v1)
loki_tiny.csv	3424	2	edge2_p9l_loki_tiny_csv_3424	p7e	retained	4bd336b6e4d4bbec	536a9b6c358c7562	eac83fff09c472a7	83f1b82e5fb84122	16	3	v0 + v1 + (-0x1) * (v1 & (-0x1) * v1 & (-0x1) + (-0x2) * v1) + (v1 & (-0x1) * v1)	v0 + v1
loki_tiny.csv	3894	0	edge0_source_ordinary_loki_tiny_csv_3894	source	ordinary	2aaa2388af75a554	bbca1d7dfeb0a104	0483e503acb5cae9	01e65f5748507838	81	13	v0 + ((-0x1) * v0 + (~ (~ (~ (~ ((-0x1) * v0 | (-0x1) * ((-0x1) * v0 + (-0x1) * v1)) + (-0x1) * ((-0x1) * v0 + (-0x1) * v1)) ^ (-0x1) * ((-0x1) * v0 + (-0x1) * v1)) ^ ~ ((~ (~ (~ ((-0x1) * v0 | (-0x1) * ((-0x1) * v0 + (-0x1) * v1)) + (-0x1) * ((-0x1) * v0 + (-0x1) * v1)) ^ (-0x1) * ((-0x1) * v0 + (-0x1) * v1)) | (-0x1) * ((-0x1) * v0 + (-0x1) * v1)) ^ (-0x1) * ((-0x1) * v0 + (-0x1) * v1))) ^ (-0x1) * ((-0x1) * v0 + (-0x1) * v1)))	v0 + v1 & v0 + (-0x1) + ((-0x1) * v0 & v0 + v1)
loki_tiny.csv	3894	1	edge1_ordinary_p7e_loki_tiny_csv_3894	ordinary	p7e	bbca1d7dfeb0a104	bbca1d7dfeb0a104	8f5e14a739cf2acd	ea97691ef19232e6	13	13	v0 + v1 & v0 + (-0x1) + ((-0x1) * v0 & v0 + v1)	v0 + v1 & v0 + (-0x1) + ((-0x1) * v0 & v0 + v1)
loki_tiny.csv	3894	2	edge2_p9l_loki_tiny_csv_3894	p7e	retained	bbca1d7dfeb0a104	536a9b6c358c7562	8209d73fa740e88b	3a97ce375c509c3c	13	3	v0 + v1 & v0 + (-0x1) + ((-0x1) * v0 & v0 + v1)	v0 + v1
loki_tiny.csv	3919	0	edge0_source_ordinary_loki_tiny_csv_3919	source	ordinary	d7c76e62b6d6e1e8	90fc4760dbd8d094	c807e2f5c39f7ceb	0714afe7b0b61a24	46	21	(((-0x1) * v0 & ~ (v0 & v0 + v0)) + ~ v1 ^ (-0x1) * ~ (((-0x1) * v0 & ~ (v0 & v0 + v0)) + ~ v1) & ~ (v0 + v1) | ~ (v0 + v1)) ^ (v0 + v1 | ~ (v0 + v1))	v0 + v1 + (-0x1) * (v0 + v1 & (-0x1) + (-0x1) * v0 + (-0x1) * v1 + (-0x1) * (v0 & 0x2 * v0 & (-0x1) * v0))
loki_tiny.csv	3919	1	edge1_ordinary_p7e_loki_tiny_csv_3919	ordinary	p7e	90fc4760dbd8d094	90fc4760dbd8d094	8a8e14ced8ee9a4f	11066ba9ec45cb30	21	21	v0 + v1 + (-0x1) * (v0 + v1 & (-0x1) + (-0x1) * v0 + (-0x1) * v1 + (-0x1) * (v0 & 0x2 * v0 & (-0x1) * v0))	v0 + v1 + (-0x1) * (v0 + v1 & (-0x1) + (-0x1) * v0 + (-0x1) * v1 + (-0x1) * (v0 & 0x2 * v0 & (-0x1) * v0))
loki_tiny.csv	3919	2	edge2_p9l_loki_tiny_csv_3919	p7e	retained	90fc4760dbd8d094	536a9b6c358c7562	d601a42b3a1a8997	b3bb38f638c44fb6	21	3	v0 + v1 + (-0x1) * (v0 + v1 & (-0x1) + (-0x1) * v0 + (-0x1) * v1 + (-0x1) * (v0 & 0x2 * v0 & (-0x1) * v0))	v0 + v1
loki_tiny.csv	3928	0	edge0_source_ordinary_loki_tiny_csv_3928	source	ordinary	fc24849cb5ec9666	89d5747db5e42801	0aa3d5230d86b508	5c3dd519652e93b9	167	35	~ (v0 + ~ (v0 + (v0 + v1) | ~ ((-0x1) * (v0 + (v0 + v1)) + ~ ((-0x1) * (v0 + (v0 + v1)) | (~ (v0 ^ v0 + v1) ^ ~ (v0 + v1)) + (v0 + v1))))) + (-0x1) * ~ (v0 + ~ (v0 + (v0 + v1) | ~ ((-0x1) * (v0 + (v0 + v1)) + ~ ((-0x1) * (v0 + (v0 + v1)) | (~ (v0 ^ v0 + v1) ^ ~ (v0 + v1)) + (v0 + v1)))) | (v0 + ~ (v0 + (v0 + v1) | ~ ((-0x1) * (v0 + (v0 + v1)) + ~ ((-0x1) * (v0 + (v0 + v1)) | (~ (v0 ^ v0 + v1) ^ ~ (v0 + v1)) + (v0 + v1))))) + ~ (v0 + ~ (v0 + (v0 + v1) | ~ ((-0x1) * (v0 + (v0 + v1)) + ~ ((-0x1) * (v0 + (v0 + v1)) | (~ (v0 ^ v0 + v1) ^ ~ (v0 + v1)) + (v0 + v1))))))	v0 + v1 + (-0x1) * (v1 + 0x2 * v0 & (-0x2) * v0 + (-0x1) * v1) + (v1 + 0x2 * v0 & (-0x1) + (-0x2) * v0 + (-0x1) * v1 + (v1 + 0x2 * v0 & (-0x2) * v0 + (-0x1) * v1))
loki_tiny.csv	3928	1	edge1_ordinary_p7e_loki_tiny_csv_3928	ordinary	p7e	89d5747db5e42801	3d54a8dc81ba06e8	670246bc21076fa2	c6c58cfc2ba97335	35	5	v0 + v1 + (-0x1) * (v1 + 0x2 * v0 & (-0x2) * v0 + (-0x1) * v1) + (v1 + 0x2 * v0 & (-0x1) + (-0x2) * v0 + (-0x1) * v1 + (v1 + 0x2 * v0 & (-0x2) * v0 + (-0x1) * v1))	(v0) + (v1)
loki_tiny.csv	3928	2	edge2_p7e_loki_tiny_csv_3928	p7e	retained	3d54a8dc81ba06e8	3d54a8dc81ba06e8	20f211d397d25cbd	e410c4e78824d2e6	5	5	(v0) + (v1)	(v0) + (v1)
loki_tiny.csv	3979	0	edge0_source_ordinary_loki_tiny_csv_3979	source	ordinary	e28f4276654333b3	a38bad52c39406cc	0eed53512c4424b6	4cce1ffb57c328bf	84	37	((-0x1) * (((~ ((-0x1) * v0) ^ (~ (~ ((-0x1) * v0) & ~ (~ ((-0x1) * v0) | v1)) | (~ ((-0x1) * v0) | v1))) + (-0x1) * v1) + (-0x1) * v1) | (-0x1) * ((~ (~ ((-0x1) * v0) & (~ ((-0x1) * v0) | v1)) + (-0x1) * v1) + (-0x1) * v1) + ((~ (~ ((-0x1) * v0) & (~ ((-0x1) * v0) | v1)) + (-0x1) * v1) + (-0x1) * v1 | (-0x1) * ((~ (~ ((-0x1) * v0) & (~ ((-0x1) * v0) | v1)) + (-0x1) * v1) + (-0x1) * v1))) + (-0x1) * v1	0x2 * v0 + 0x3 * v1 + (-0x1) * (v0 + 0x2 * v1 & v0 + 0x2 * v1 + (-0x1) * (v0 + 0x2 * v1 & (-0x2) * v1 + (-0x1) * v0)) + (-0x1) * (v0 + 0x2 * v1 & (-0x2) * v1 + (-0x1) * v0)
loki_tiny.csv	3979	1	edge1_ordinary_p7e_loki_tiny_csv_3979	ordinary	p7e	a38bad52c39406cc	3d54a8dc81ba06e8	adea44d8bf705fd7	8456731e0dd07be0	37	5	0x2 * v0 + 0x3 * v1 + (-0x1) * (v0 + 0x2 * v1 & v0 + 0x2 * v1 + (-0x1) * (v0 + 0x2 * v1 & (-0x2) * v1 + (-0x1) * v0)) + (-0x1) * (v0 + 0x2 * v1 & (-0x2) * v1 + (-0x1) * v0)	(v0) + (v1)
loki_tiny.csv	3979	2	edge2_p7e_loki_tiny_csv_3979	p7e	retained	3d54a8dc81ba06e8	3d54a8dc81ba06e8	20f211d397d25cbd	e410c4e78824d2e6	5	5	(v0) + (v1)	(v0) + (v1)
loki_tiny.csv	4081	0	edge0_source_ordinary_loki_tiny_csv_4081	source	ordinary	fa72b3d68c43fd13	6611679f2ca405b3	ee2467a0780e9f11	5aab710cd56758f0	82	19	~ ((v0 + v1 ^ v1) ^ ~ (v1 & ~ (~ (~ ((-0x1) * v1 & v1 + (-0x1) * ((-0x1) * v1 + (v1 & (~ v1 | ~ (v1 | (v1 | ~ v1)))))) & ~ (~ ((-0x1) * v1 & v1 + (-0x1) * ((-0x1) * v1 + (v1 & (~ v1 | ~ (v1 | (v1 | ~ v1)))))) & ~ (~ ((-0x1) * v1 & v1 + (-0x1) * ((-0x1) * v1 + (v1 & (~ v1 | ~ (v1 | (v1 | ~ v1))))))))))))	v0 + v1 + (-0x2) * (v1 & 0x2 * v1 & (-0x1) * v1 & v0 + v1) + (v1 & 0x2 * v1 & (-0x1) * v1)
loki_tiny.csv	4081	1	edge1_ordinary_p7e_loki_tiny_csv_4081	ordinary	p7e	6611679f2ca405b3	6611679f2ca405b3	71455df267879ba5	3afa50254e3e7c3a	19	19	v0 + v1 + (-0x2) * (v1 & 0x2 * v1 & (-0x1) * v1 & v0 + v1) + (v1 & 0x2 * v1 & (-0x1) * v1)	v0 + v1 + (-0x2) * (v1 & 0x2 * v1 & (-0x1) * v1 & v0 + v1) + (v1 & 0x2 * v1 & (-0x1) * v1)
loki_tiny.csv	4081	2	edge2_p9l_loki_tiny_csv_4081	p7e	retained	6611679f2ca405b3	536a9b6c358c7562	e1afb6199e50531c	e6ae6de6741941fd	19	3	v0 + v1 + (-0x2) * (v1 & 0x2 * v1 & (-0x1) * v1 & v0 + v1) + (v1 & 0x2 * v1 & (-0x1) * v1)	v0 + v1
loki_tiny.csv	4087	0	edge0_source_ordinary_loki_tiny_csv_4087	source	ordinary	3a49d1546fb36fc3	4ea8f659da4fef4b	b23a0efbd807b1b5	3acbbd710db77a86	236	22	~ ((~ (v0 | ~ v0) ^ (v0 + ~ (~ (v0 & v1) & ~ v1)) + ~ (v0 + ~ (~ (v0 & v1) & ~ v1))) + (-0x1) * (v0 + (~ (v0 ^ ~ v0) | ~ (~ (v0 & v1) & ~ v1))) | ((~ (v0 | ~ v0) ^ (v0 + ~ (~ (v0 & v1) & ~ v1)) + ~ (v0 + ~ (~ (v0 & v1) & ~ v1))) + (-0x1) * (v0 + (~ (v0 ^ ~ v0) | ~ (~ (v0 & v1) & ~ v1)))) + (-0x1) * ((~ (v0 | ~ v0) ^ (v0 + ~ (~ (v0 & v1) & ~ v1)) + ~ (v0 + ~ (~ (v0 & v1) & ~ v1))) + (-0x1) * (v0 + (~ (v0 ^ ~ v0) | ~ (~ (v0 & v1) & ~ v1))) & ((~ (v0 | ~ v0) ^ (v0 + ~ (~ (v0 & v1) & ~ v1)) + ~ (v0 + ~ (~ (v0 & v1) & ~ v1))) + (-0x1) * (v0 + (~ (v0 ^ ~ v0) | ~ (~ (v0 & v1) & ~ v1)))) + ((~ (v0 | ~ v0) ^ (v0 + ~ (~ (v0 & v1) & ~ v1)) + ~ (v0 + ~ (~ (v0 & v1) & ~ v1))) + (-0x1) * (v0 + (~ (v0 ^ ~ v0) | ~ (~ (v0 & v1) & ~ v1))))))	v0 + v1 + (-0x1) * (v0 + v1 & v0 + v1 + 0x1 + (v0 + v1 & (-0x2) + (-0x2) * v0 + (-0x2) * v1))
loki_tiny.csv	4087	1	edge1_ordinary_p7e_loki_tiny_csv_4087	ordinary	p7e	4ea8f659da4fef4b	4ea8f659da4fef4b	4f60730c3b9f5325	137bc2ae3f7711da	22	22	v0 + v1 + (-0x1) * (v0 + v1 & v0 + v1 + 0x1 + (v0 + v1 & (-0x2) + (-0x2) * v0 + (-0x2) * v1))	v0 + v1 + (-0x1) * (v0 + v1 & v0 + v1 + 0x1 + (v0 + v1 & (-0x2) + (-0x2) * v0 + (-0x2) * v1))
loki_tiny.csv	4087	2	edge2_p9l_loki_tiny_csv_4087	p7e	retained	4ea8f659da4fef4b	536a9b6c358c7562	a7a23932132fd654	3221c6811b449511	22	3	v0 + v1 + (-0x1) * (v0 + v1 & v0 + v1 + 0x1 + (v0 + v1 & (-0x2) + (-0x2) * v0 + (-0x2) * v1))	v0 + v1
loki_tiny.csv	4220	0	edge0_source_ordinary_loki_tiny_csv_4220	source	ordinary	21eda0d53536a9c0	a97f9ff414cddcae	08ebbfda715b5409	1d00b50b7e0ab688	55	43	(v0 & ((~ (v0 | ~ v0) | (-0x1) * ((-0x1) * (~ (~ (v0 | ~ v0) ^ ~ ((v0 | v1) & ~ ((-0x1) * (v0 | v1) & (-0x1) * ((v0 | v1) + (v0 | v1)))) | ~ (v0 | v1)) + ~ (v0 | v1)) + ~ (v0 | v1))) | v1)) + v1	v0 + v1 + (-0x1) * (v0 & 0x2 * (v0 & v1) + (-0x2) * v0 + (-0x2) * v1 & (-0x1) * v0 + (-0x1) * v1 + (v0 & v1)) + (v0 & v1 & 0x2 * (v0 & v1) + (-0x2) * v0 + (-0x2) * v1 & (-0x1) * v0 + (-0x1) * v1 + (v0 & v1))
loki_tiny.csv	4220	1	edge1_ordinary_p7e_loki_tiny_csv_4220	ordinary	p7e	a97f9ff414cddcae	a97f9ff414cddcae	20e0480d069699e3	fb9bf6ba46d5cc94	43	43	v0 + v1 + (-0x1) * (v0 & 0x2 * (v0 & v1) + (-0x2) * v0 + (-0x2) * v1 & (-0x1) * v0 + (-0x1) * v1 + (v0 & v1)) + (v0 & v1 & 0x2 * (v0 & v1) + (-0x2) * v0 + (-0x2) * v1 & (-0x1) * v0 + (-0x1) * v1 + (v0 & v1))	v0 + v1 + (-0x1) * (v0 & 0x2 * (v0 & v1) + (-0x2) * v0 + (-0x2) * v1 & (-0x1) * v0 + (-0x1) * v1 + (v0 & v1)) + (v0 & v1 & 0x2 * (v0 & v1) + (-0x2) * v0 + (-0x2) * v1 & (-0x1) * v0 + (-0x1) * v1 + (v0 & v1))
loki_tiny.csv	4220	2	edge2_p9l_loki_tiny_csv_4220	p7e	retained	a97f9ff414cddcae	536a9b6c358c7562	b093da2285bf29e5	55efce150ff39a98	43	3	v0 + v1 + (-0x1) * (v0 & 0x2 * (v0 & v1) + (-0x2) * v0 + (-0x2) * v1 & (-0x1) * v0 + (-0x1) * v1 + (v0 & v1)) + (v0 & v1 & 0x2 * (v0 & v1) + (-0x2) * v0 + (-0x2) * v1 & (-0x1) * v0 + (-0x1) * v1 + (v0 & v1))	v0 + v1
loki_tiny.csv	4310	0	edge0_source_ordinary_loki_tiny_csv_4310	source	ordinary	c0532d64b8664890	e25521ba6d4f93ba	64459ed5da1bcd77	8bc7cd2e6e18cb9c	85	70	~ (~ ((-0x1) * ~ (~ (v0 + ~ v0) ^ ~ ((v0 ^ ~ v0) ^ ((v0 ^ ~ v0) ^ (v0 ^ ~ (v0 ^ ~ v0)))) + (-0x1) * v1) & (v0 ^ (v0 ^ ~ v0)) + ((-0x1) * v1 | ~ (v1 | ~ v1 + (-0x1) * v1))) & (~ (v0 + ~ v0) ^ (v0 ^ (v0 ^ ~ v0)) + (-0x1) * v1) | (v0 ^ (v0 ^ ~ v0)) + ((-0x1) * v1 | ~ (v1 | ~ v1 + (-0x1) * v1)))	0x1 + 0x2 * v0 + (-0x1) * (v1 & (-0x1) * v1) + (-0x1) * (v1 & (-0x1) + (-0x2) * v1) + (-0x1) * ((-0x1) * v1 & (-0x1) + (-0x2) * v1) + (v1 & (-0x1) * v1 & (-0x1) + (-0x2) * v1) + (v1 + (-0x1) + (-0x1) * v0 + (-0x1) * (v1 & (-0x1) * v1 & (-0x1) + (-0x2) * v1) + (v1 & (-0x1) * v1) + (v1 & (-0x1) + (-0x2) * v1) + ((-0x1) * v1 & (-0x1) + (-0x2) * v1) & (-0x1) + (-0x1) * v0 + (-0x1) * v1)
loki_tiny.csv	4310	1	edge1_ordinary_p7e_loki_tiny_csv_4310	ordinary	p7e	e25521ba6d4f93ba	e25521ba6d4f93ba	ae5f008576b657db	d10b312c270651a4	70	70	0x1 + 0x2 * v0 + (-0x1) * (v1 & (-0x1) * v1) + (-0x1) * (v1 & (-0x1) + (-0x2) * v1) + (-0x1) * ((-0x1) * v1 & (-0x1) + (-0x2) * v1) + (v1 & (-0x1) * v1 & (-0x1) + (-0x2) * v1) + (v1 + (-0x1) + (-0x1) * v0 + (-0x1) * (v1 & (-0x1) * v1 & (-0x1) + (-0x2) * v1) + (v1 & (-0x1) * v1) + (v1 & (-0x1) + (-0x2) * v1) + ((-0x1) * v1 & (-0x1) + (-0x2) * v1) & (-0x1) + (-0x1) * v0 + (-0x1) * v1)	0x1 + 0x2 * v0 + (-0x1) * (v1 & (-0x1) * v1) + (-0x1) * (v1 & (-0x1) + (-0x2) * v1) + (-0x1) * ((-0x1) * v1 & (-0x1) + (-0x2) * v1) + (v1 & (-0x1) * v1 & (-0x1) + (-0x2) * v1) + (v1 + (-0x1) + (-0x1) * v0 + (-0x1) * (v1 & (-0x1) * v1 & (-0x1) + (-0x2) * v1) + (v1 & (-0x1) * v1) + (v1 & (-0x1) + (-0x2) * v1) + ((-0x1) * v1 & (-0x1) + (-0x2) * v1) & (-0x1) + (-0x1) * v0 + (-0x1) * v1)
loki_tiny.csv	4310	2	edge2_p9l_loki_tiny_csv_4310	p7e	retained	e25521ba6d4f93ba	536a9b6c358c7562	ccf86fca23487409	1a920a8f33bfe554	70	3	0x1 + 0x2 * v0 + (-0x1) * (v1 & (-0x1) * v1) + (-0x1) * (v1 & (-0x1) + (-0x2) * v1) + (-0x1) * ((-0x1) * v1 & (-0x1) + (-0x2) * v1) + (v1 & (-0x1) * v1 & (-0x1) + (-0x2) * v1) + (v1 + (-0x1) + (-0x1) * v0 + (-0x1) * (v1 & (-0x1) * v1 & (-0x1) + (-0x2) * v1) + (v1 & (-0x1) * v1) + (v1 & (-0x1) + (-0x2) * v1) + ((-0x1) * v1 & (-0x1) + (-0x2) * v1) & (-0x1) + (-0x1) * v0 + (-0x1) * v1)	v0 + v1
loki_tiny.csv	4549	0	edge0_source_ordinary_loki_tiny_csv_4549	source	ordinary	79c24b7db36c856b	5d696029f350dd32	595613e51fa31588	d37e0c5033039469	208	35	(-0x1) * ((-0x1) * v0 + (v0 + ~ (~ ((((v0 & (v0 | v0 + v1)) & ~ (v0 + v1) ^ v0 + v1) & v0 + v1) + (-0x1) * (((v0 & ~ (v0 + v1) ^ v0 + v1) & v0 + v1) + ~ ((-0x1) * ((v0 & ~ (v0 + v1) ^ v0 + v1) & v0 + v1))) & (-0x1) * (((v0 & ~ (v0 + v1) ^ v0 + v1) & v0 + v1) + (-0x1) * (((v0 & ~ (v0 + v1) ^ v0 + v1) & v0 + v1) + ~ ((-0x1) * ((v0 & ~ (v0 + v1) ^ v0 + v1) & v0 + v1)))) + (-0x1) * (((v0 & ~ (v0 + v1) ^ v0 + v1) & v0 + v1) + (-0x1) * (((v0 & ~ (v0 + v1) ^ v0 + v1) & v0 + v1) + ~ ((-0x1) * ((v0 & ~ (v0 + v1) ^ v0 + v1) & v0 + v1))))) & (-0x1) * (((v0 & ~ (v0 + v1) ^ v0 + v1) & v0 + v1) + (-0x1) * (((v0 & ~ (v0 + v1) ^ v0 + v1) & v0 + v1) + ~ ((-0x1) * ((v0 & ~ (v0 + v1) ^ v0 + v1) & v0 + v1)))))))	v0 + v1 + (-0x1) * (0x1 + (-0x1) * v0 + (-0x1) * v1 & (-0x2) + 0x2 * v0 + 0x2 * v1) + (0x1 + (-0x1) * v0 + (-0x1) * v1 & (-0x2) + 0x2 * v0 + 0x2 * v1 & (-0x1) * v0 + (-0x1) * v1)
loki_tiny.csv	4549	1	edge1_ordinary_p7e_loki_tiny_csv_4549	ordinary	p7e	5d696029f350dd32	5d696029f350dd32	62b9c50cc233b1b3	a7a6889a650b4e24	35	35	v0 + v1 + (-0x1) * (0x1 + (-0x1) * v0 + (-0x1) * v1 & (-0x2) + 0x2 * v0 + 0x2 * v1) + (0x1 + (-0x1) * v0 + (-0x1) * v1 & (-0x2) + 0x2 * v0 + 0x2 * v1 & (-0x1) * v0 + (-0x1) * v1)	v0 + v1 + (-0x1) * (0x1 + (-0x1) * v0 + (-0x1) * v1 & (-0x2) + 0x2 * v0 + 0x2 * v1) + (0x1 + (-0x1) * v0 + (-0x1) * v1 & (-0x2) + 0x2 * v0 + 0x2 * v1 & (-0x1) * v0 + (-0x1) * v1)
loki_tiny.csv	4549	2	edge2_p9l_loki_tiny_csv_4549	p7e	retained	5d696029f350dd32	536a9b6c358c7562	1ee2486471455269	6e390e23c87baf2c	35	3	v0 + v1 + (-0x1) * (0x1 + (-0x1) * v0 + (-0x1) * v1 & (-0x2) + 0x2 * v0 + 0x2 * v1) + (0x1 + (-0x1) * v0 + (-0x1) * v1 & (-0x2) + 0x2 * v0 + 0x2 * v1 & (-0x1) * v0 + (-0x1) * v1)	v0 + v1
loki_tiny.csv	4581	0	edge0_source_ordinary_loki_tiny_csv_4581	source	ordinary	51e69a47c72e2179	40d0d2a40d48a266	fb880a79be5c4266	387bce1153b5d147	41	62	v0 + (((-0x1) * v0 ^ ((-0x1) * v0 & (~ (~ ((-0x1) * v0 | ~ (~ (v0 & (-0x1) * v0 + (v0 + v0))) + v1) + (v0 + v1)) | v0 + v1) ^ v1)) ^ ~ (v0 + ~ v0))	v0 + v1 + 0x2 * (v1 & (-0x1) * v0 & v0 + v1 & v0 + (-0x1) + ((-0x1) * v0 & v0 + v1)) + (-0x2) * (v1 & (-0x1) * v0 & v0 + (-0x1) + ((-0x1) * v0 & v0 + v1)) + (-0x1) * ((-0x1) * v0 & v0 + v1 & v0 + (-0x1) + ((-0x1) * v0 & v0 + v1)) + ((-0x1) * v0 & v0 + (-0x1) + ((-0x1) * v0 & v0 + v1))
loki_tiny.csv	4581	1	edge1_ordinary_p7e_loki_tiny_csv_4581	ordinary	p7e	40d0d2a40d48a266	3d54a8dc81ba06e8	ea1c61b5ee6d2f1d	2c956efe0ba8370e	62	5	v0 + v1 + 0x2 * (v1 & (-0x1) * v0 & v0 + v1 & v0 + (-0x1) + ((-0x1) * v0 & v0 + v1)) + (-0x2) * (v1 & (-0x1) * v0 & v0 + (-0x1) + ((-0x1) * v0 & v0 + v1)) + (-0x1) * ((-0x1) * v0 & v0 + v1 & v0 + (-0x1) + ((-0x1) * v0 & v0 + v1)) + ((-0x1) * v0 & v0 + (-0x1) + ((-0x1) * v0 & v0 + v1))	(v0) + (v1)
loki_tiny.csv	4581	2	edge2_p7e_loki_tiny_csv_4581	p7e	retained	3d54a8dc81ba06e8	3d54a8dc81ba06e8	20f211d397d25cbd	e410c4e78824d2e6	5	5	(v0) + (v1)	(v0) + (v1)
loki_tiny.csv	4583	0	edge0_source_ordinary_loki_tiny_csv_4583	source	ordinary	06b8b88f500a5055	47ba2b8f3ae47056	e8f8d98313ba3ede	d53929ee0226f7a3	58	52	~ (~ (v0 + ((-0x1) * ((v0 | ~ (v0 | v1) ^ v1) + (-0x1) * v1) + v1)) & ~ (v1 + (-0x1) * ~ v1 & ~ (v1 + (-0x1) * ~ v1 & (-0x1) * ~ (~ ((-0x1) * (v1 + (-0x1) * ~ v1) & v1 + ~ (v1 + (~ ((-0x1) * ~ v1) + (-0x1) * v1))))))) + ~ v1	v0 + 0x1 + 0x3 * v1 + (-0x1) * ((-0x1) * (0x1 + 0x2 * v1 & (-0x1) + (-0x2) * v1) & 0x1 + 0x2 * v1) + (-0x1) * (v0 + 0x1 + 0x2 * v1 & 0x1 + 0x2 * v1) + ((-0x1) * (0x1 + 0x2 * v1 & (-0x1) + (-0x2) * v1) & v0 + 0x1 + 0x2 * v1 & 0x1 + 0x2 * v1)
loki_tiny.csv	4583	1	edge1_ordinary_p7e_loki_tiny_csv_4583	ordinary	p7e	47ba2b8f3ae47056	47ba2b8f3ae47056	44affee863854b4d	8f91d04659973c8a	52	52	v0 + 0x1 + 0x3 * v1 + (-0x1) * ((-0x1) * (0x1 + 0x2 * v1 & (-0x1) + (-0x2) * v1) & 0x1 + 0x2 * v1) + (-0x1) * (v0 + 0x1 + 0x2 * v1 & 0x1 + 0x2 * v1) + ((-0x1) * (0x1 + 0x2 * v1 & (-0x1) + (-0x2) * v1) & v0 + 0x1 + 0x2 * v1 & 0x1 + 0x2 * v1)	v0 + 0x1 + 0x3 * v1 + (-0x1) * ((-0x1) * (0x1 + 0x2 * v1 & (-0x1) + (-0x2) * v1) & 0x1 + 0x2 * v1) + (-0x1) * (v0 + 0x1 + 0x2 * v1 & 0x1 + 0x2 * v1) + ((-0x1) * (0x1 + 0x2 * v1 & (-0x1) + (-0x2) * v1) & v0 + 0x1 + 0x2 * v1 & 0x1 + 0x2 * v1)
loki_tiny.csv	4583	2	edge2_p9l_loki_tiny_csv_4583	p7e	retained	47ba2b8f3ae47056	536a9b6c358c7562	cfd6188ac467769d	f477377968ad6b42	52	3	v0 + 0x1 + 0x3 * v1 + (-0x1) * ((-0x1) * (0x1 + 0x2 * v1 & (-0x1) + (-0x2) * v1) & 0x1 + 0x2 * v1) + (-0x1) * (v0 + 0x1 + 0x2 * v1 & 0x1 + 0x2 * v1) + ((-0x1) * (0x1 + 0x2 * v1 & (-0x1) + (-0x2) * v1) & v0 + 0x1 + 0x2 * v1 & 0x1 + 0x2 * v1)	v0 + v1
loki_tiny.csv	4752	0	edge0_source_ordinary_loki_tiny_csv_4752	source	ordinary	611045838a2e32e2	926f92ba0a92f553	02d050ecf3f4ced2	5f70213bdf6d1be3	77	46	((-0x1) * ((-0x1) * ~ (~ ((-0x1) * (~ ((-0x1) * v0 + ~ v1) ^ ~ ((-0x1) * v0 + ~ v1 & ~ ((-0x1) * v0 + ~ v1))) | (-0x1) * (v0 ^ ~ v0))) & ~ (~ ((-0x1) * ((-0x1) * v0 + ~ v1) | (-0x1) * (v0 ^ (v0 ^ (v0 ^ ~ v0)))))) & ((-0x1) * ((-0x1) * v0 + ~ v1) & ~ (~ ((-0x1) * ((-0x1) * v0 + ~ v1) | (-0x1) * (v0 ^ ~ v0))))) + (v0 ^ ~ v0)	(-0x1) + (v0 + v1 + 0x1 & 0x2 * (v0 & v1 & 0x1) + (-0x1) * (v0 & 0x1) + (-0x1) * (v1 & 0x1) + (-0x1) * (v0 + v1 + 0x1 & (-0x1) + 0x2 * (v0 & v1 & 0x1) + (-0x1) * v0 + (-0x1) * v1 + (-0x1) * (v0 & 0x1) + (-0x1) * (v1 & 0x1)))
loki_tiny.csv	4752	1	edge1_ordinary_p7e_loki_tiny_csv_4752	ordinary	p7e	926f92ba0a92f553	926f92ba0a92f553	73c5b1dbc96be325	8dbf3008a4f7beda	46	46	(-0x1) + (v0 + v1 + 0x1 & 0x2 * (v0 & v1 & 0x1) + (-0x1) * (v0 & 0x1) + (-0x1) * (v1 & 0x1) + (-0x1) * (v0 + v1 + 0x1 & (-0x1) + 0x2 * (v0 & v1 & 0x1) + (-0x1) * v0 + (-0x1) * v1 + (-0x1) * (v0 & 0x1) + (-0x1) * (v1 & 0x1)))	(-0x1) + (v0 + v1 + 0x1 & 0x2 * (v0 & v1 & 0x1) + (-0x1) * (v0 & 0x1) + (-0x1) * (v1 & 0x1) + (-0x1) * (v0 + v1 + 0x1 & (-0x1) + 0x2 * (v0 & v1 & 0x1) + (-0x1) * v0 + (-0x1) * v1 + (-0x1) * (v0 & 0x1) + (-0x1) * (v1 & 0x1)))
loki_tiny.csv	4752	2	edge2_p9l_loki_tiny_csv_4752	p7e	retained	926f92ba0a92f553	536a9b6c358c7562	39ab454963d85988	98b306d93c46f0f5	46	3	(-0x1) + (v0 + v1 + 0x1 & 0x2 * (v0 & v1 & 0x1) + (-0x1) * (v0 & 0x1) + (-0x1) * (v1 & 0x1) + (-0x1) * (v0 + v1 + 0x1 & (-0x1) + 0x2 * (v0 & v1 & 0x1) + (-0x1) * v0 + (-0x1) * v1 + (-0x1) * (v0 & 0x1) + (-0x1) * (v1 & 0x1)))	v0 + v1
loki_tiny.csv	4900	0	edge0_source_ordinary_loki_tiny_csv_4900	source	ordinary	c8886ee4f084e9cf	f2f2563b5f90027e	8f98cd3a2b304e42	e66d728e6e38c0a9	64	21	(-0x1) * (((-0x1) * (v0 | v0 & v1) + (-0x1) * (~ (~ ((-0x1) * (v0 | v0 & v1)) & ((-0x1) * (v0 | v0 & v1) ^ ~ ((-0x1) * (v0 | v0 & v1)))) & (-0x1) * v1) | (-0x1) * ((v0 ^ ~ (v0 & v1)) ^ ~ (v0 & v1) + ((v0 & v1) & ~ (v0 & v1)) | v0 & v1)) + (-0x1) * v1)	v1 + 0x2 * v0 + ((-0x1) * v0 & (-0x1) * v1) + ((-0x1) * v0 & (-0x1) * v0 + (-0x1) * ((-0x1) * v0 & (-0x1) * v1))
loki_tiny.csv	4900	1	edge1_ordinary_p7e_loki_tiny_csv_4900	ordinary	p7e	f2f2563b5f90027e	3d54a8dc81ba06e8	42783a03ab6cdfa3	56365fa19b020234	21	5	v1 + 0x2 * v0 + ((-0x1) * v0 & (-0x1) * v1) + ((-0x1) * v0 & (-0x1) * v0 + (-0x1) * ((-0x1) * v0 & (-0x1) * v1))	(v0) + (v1)
loki_tiny.csv	4900	2	edge2_p7e_loki_tiny_csv_4900	p7e	retained	3d54a8dc81ba06e8	3d54a8dc81ba06e8	20f211d397d25cbd	e410c4e78824d2e6	5	5	(v0) + (v1)	(v0) + (v1)
loki_tiny.csv	4917	0	edge0_source_ordinary_loki_tiny_csv_4917	source	ordinary	2029cd4582cbd778	c4b20b9cf1330761	e9656427a9b4bc40	bd0443392c74a77b	96	63	v0 ^ (v0 ^ ((-0x1) * ((-0x1) * v0 + (-0x1) * v1) | (-0x1) * ((-0x1) * v0 + (-0x1) * v1 | ~ ((-0x1) * ((-0x1) * v0 + (-0x1) * v1) & ~ ((-0x1) * v0 + (-0x1) * v1 & (-0x1) * ((-0x1) * v0 + (-0x1) * v1))) ^ ((-0x1) * ((-0x1) * v0 + (-0x1) * v1) & ~ ((-0x1) * v0 + (-0x1) * v1 & (-0x1) * ((-0x1) * v0 + (-0x1) * v1)) ^ ~ (((-0x1) * ((-0x1) * v0 + (-0x1) * v1) & ~ ((-0x1) * v0 + (-0x1) * v1 & (-0x1) * ((-0x1) * v0 + (-0x1) * v1))) + ((-0x1) * v0 + (-0x1) * (v1 & ~ ((-0x1) * ~ (v1 | ~ v1)))))))))	0x2 * v0 + 0x2 * v1 + (-0x1) * (v0 + v1 & v0 + v1 + ((-0x1) * (v0 + v1 & (-0x1) * v0 + (-0x1) * v1) & (-0x1) * v0 + (-0x1) * v1) + (v0 + v1 & (-0x1) * v0 + (-0x1) * v1)) + ((-0x1) * (v0 + v1 & (-0x1) * v0 + (-0x1) * v1) & (-0x1) * v0 + (-0x1) * v1) + (v0 + v1 & (-0x1) * v0 + (-0x1) * v1)
loki_tiny.csv	4917	1	edge1_ordinary_p7e_loki_tiny_csv_4917	ordinary	p7e	c4b20b9cf1330761	3d54a8dc81ba06e8	c4a5dc0ed1c435a2	59d6f82af01eb44d	63	5	0x2 * v0 + 0x2 * v1 + (-0x1) * (v0 + v1 & v0 + v1 + ((-0x1) * (v0 + v1 & (-0x1) * v0 + (-0x1) * v1) & (-0x1) * v0 + (-0x1) * v1) + (v0 + v1 & (-0x1) * v0 + (-0x1) * v1)) + ((-0x1) * (v0 + v1 & (-0x1) * v0 + (-0x1) * v1) & (-0x1) * v0 + (-0x1) * v1) + (v0 + v1 & (-0x1) * v0 + (-0x1) * v1)	(v0) + (v1)
loki_tiny.csv	4917	2	edge2_p7e_loki_tiny_csv_4917	p7e	retained	3d54a8dc81ba06e8	3d54a8dc81ba06e8	20f211d397d25cbd	e410c4e78824d2e6	5	5	(v0) + (v1)	(v0) + (v1)
loki_tiny.csv	7246	0	edge0_source_ordinary_loki_tiny_csv_7246	source	ordinary	2a5450f512760dc2	cce29d160f434d4c	46bf38a2fc8518c5	74e037756b112a5e	66	31	~ (~ ((v0 | v0 & (~ v0 ^ ~ (v0 | ~ v0))) & v1) & ~ ((-0x1) * ~ ((v0 | v0 & (~ v0 ^ ~ (v0 | ~ v0))) & v1) & ~ ((v0 | v0 & (~ v0 ^ ~ (v0 | ~ v0))) & v1) + ~ ((v0 | v0 & (~ v0 ^ ~ (v0 | ~ v0))) & v1)))	(-0x1) * (v0 & v1 & 0x1 + (v0 & v1) & (-0x2) + (-0x2) * (v0 & v1)) + (v0 & v1) + (0x1 + (v0 & v1) & (-0x2) + (-0x2) * (v0 & v1))
loki_tiny.csv	7246	1	edge1_ordinary_p7e_loki_tiny_csv_7246	ordinary	p7e	cce29d160f434d4c	cce29d160f434d4c	189b55088fc1b697	4cc8953a6a584dc8	31	31	(-0x1) * (v0 & v1 & 0x1 + (v0 & v1) & (-0x2) + (-0x2) * (v0 & v1)) + (v0 & v1) + (0x1 + (v0 & v1) & (-0x2) + (-0x2) * (v0 & v1))	(-0x1) * (v0 & v1 & 0x1 + (v0 & v1) & (-0x2) + (-0x2) * (v0 & v1)) + (v0 & v1) + (0x1 + (v0 & v1) & (-0x2) + (-0x2) * (v0 & v1))
loki_tiny.csv	7246	2	edge2_p9l_loki_tiny_csv_7246	p7e	retained	cce29d160f434d4c	4ccc852f0e53a6dc	7ae0562ec010e79d	c0866f9d14a91e6c	31	3	(-0x1) * (v0 & v1 & 0x1 + (v0 & v1) & (-0x2) + (-0x2) * (v0 & v1)) + (v0 & v1) + (0x1 + (v0 & v1) & (-0x2) + (-0x2) * (v0 & v1))	v0 & v1
loki_tiny.csv	7492	0	edge0_source_ordinary_loki_tiny_csv_7492	source	ordinary	dd5730c181d51c67	6ad6496312b8d2ea	6ccb9fa4e2113e58	8b9cce9891f72d7d	27	29	~ (~ v0 | v1 ^ v1 + ~ (v1 & ~ ((-0x1) * v1 & (-0x1) * v1 + (-0x1) * (v1 & (v1 | (v1 | ~ v1))))))	v0 + 0x2 * (v0 & v1 & (-0x1) + (v1 & (-0x2) * v1 & (-0x1) * v1)) + (-0x1) * (v0 & v1) + (-0x1) * (v0 & (-0x1) + (v1 & (-0x2) * v1 & (-0x1) * v1))
loki_tiny.csv	7492	1	edge1_ordinary_p7e_loki_tiny_csv_7492	ordinary	p7e	6ad6496312b8d2ea	6ad6496312b8d2ea	36c92a08d9aeee07	75d9e66ef1dbf380	29	29	v0 + 0x2 * (v0 & v1 & (-0x1) + (v1 & (-0x2) * v1 & (-0x1) * v1)) + (-0x1) * (v0 & v1) + (-0x1) * (v0 & (-0x1) + (v1 & (-0x2) * v1 & (-0x1) * v1))	v0 + 0x2 * (v0 & v1 & (-0x1) + (v1 & (-0x2) * v1 & (-0x1) * v1)) + (-0x1) * (v0 & v1) + (-0x1) * (v0 & (-0x1) + (v1 & (-0x2) * v1 & (-0x1) * v1))
loki_tiny.csv	7492	2	edge2_p9l_loki_tiny_csv_7492	p7e	retained	6ad6496312b8d2ea	4ccc852f0e53a6dc	8d95c600c1cf7f73	3431dcab34025a42	29	3	v0 + 0x2 * (v0 & v1 & (-0x1) + (v1 & (-0x2) * v1 & (-0x1) * v1)) + (-0x1) * (v0 & v1) + (-0x1) * (v0 & (-0x1) + (v1 & (-0x2) * v1 & (-0x1) * v1))	v0 & v1
loki_tiny.csv	8173	0	edge0_source_ordinary_loki_tiny_csv_8173	source	ordinary	02dd1d0d53179382	045187b6b31666af	235b4623ef2edab4	83ff55c81f7f35dd	61	16	~ (((v0 & v1 ^ v1) + ~ (~ ((v0 & v1 ^ v1) + ~ (v0 & v1 ^ v1) & (-0x1) * v1))) + ((v0 & v1 ^ v1) + (-0x1) * v1) & ((v0 & v1 ^ v1) ^ ~ ((-0x1) * v1 | ~ ((-0x1) * v1))) + (-0x1) * v1 | ~ ((-0x1) * ((v0 & v1 ^ v1) + (-0x1) * v1)))	(-0x1) * (v0 & v1 & (-0x2) * (v0 & v1) & (-0x1) * (v0 & v1)) + (v0 & v1)
loki_tiny.csv	8173	1	edge1_ordinary_p7e_loki_tiny_csv_8173	ordinary	p7e	045187b6b31666af	045187b6b31666af	32e53ba4d53a3c05	69013a2f2d1a409a	16	16	(-0x1) * (v0 & v1 & (-0x2) * (v0 & v1) & (-0x1) * (v0 & v1)) + (v0 & v1)	(-0x1) * (v0 & v1 & (-0x2) * (v0 & v1) & (-0x1) * (v0 & v1)) + (v0 & v1)
loki_tiny.csv	8173	2	edge2_p9l_loki_tiny_csv_8173	p7e	retained	045187b6b31666af	4ccc852f0e53a6dc	0a035ad2fbbd3e5e	250dc2502ebcd07b	16	3	(-0x1) * (v0 & v1 & (-0x2) * (v0 & v1) & (-0x1) * (v0 & v1)) + (v0 & v1)	v0 & v1
loki_tiny.csv	8341	0	edge0_source_ordinary_loki_tiny_csv_8341	source	ordinary	3abdad425058dea0	b0eb3583a75fd613	2995c7828b5448da	79525788fdc6b371	50	12	~ (~ (v0 & (v0 ^ ~ v0)) | ~ (v1 & ~ (~ ((-0x1) * v1 & (-0x1) * v1 + (-0x1) * v1) ^ ~ (~ (~ ((-0x1) * v1 & (-0x1) * v1 + (-0x1) * v1)) & ~ ((-0x1) * v1 & (-0x1) * v1 + ((-0x1) * v1 ^ ~ (v1 ^ ~ v1)))))))	(-0x1) * (v0 & v1 & (-0x2) * v1 & (-0x1) * v1) + (v0 & v1)
loki_tiny.csv	8341	1	edge1_ordinary_p7e_loki_tiny_csv_8341	ordinary	p7e	b0eb3583a75fd613	b0eb3583a75fd613	d2e7daf6613056f5	b1ec78238ade400a	12	12	(-0x1) * (v0 & v1 & (-0x2) * v1 & (-0x1) * v1) + (v0 & v1)	(-0x1) * (v0 & v1 & (-0x2) * v1 & (-0x1) * v1) + (v0 & v1)
loki_tiny.csv	8341	2	edge2_p9l_loki_tiny_csv_8341	p7e	retained	b0eb3583a75fd613	4ccc852f0e53a6dc	0d1322b3ed749942	78c5fa760670a6bb	12	3	(-0x1) * (v0 & v1 & (-0x2) * v1 & (-0x1) * v1) + (v0 & v1)	v0 & v1
loki_tiny.csv	8584	0	edge0_source_ordinary_loki_tiny_csv_8584	source	ordinary	038e13d1381b8eb2	085f8e0123b37323	0b691e07c71a3636	d13f2c4fad30cd2b	84	36	(-0x1) * (~ (v0 & v1 | ~ v1 ^ v1 & ~ (~ v1 ^ ~ (v1 & ~ v1))) & ~ ((-0x1) * ~ (v0 & v1 | ~ v1 ^ v1 & ~ (~ v1 ^ ~ (v1 & ~ v1))) & ~ (v0 & v1 | ~ v1 ^ v1 & ~ (~ v1 ^ ~ (v1 & ~ v1))) + ~ (v0 & v1 | ~ v1 ^ v1 & ~ (~ v1 ^ ~ (v1 & ~ v1))))) + v1	(-0x1) * (v0 & v1 & 0x2 * v1 + (-0x2) * (v0 & v1) & (-0x1) * v1 + (v0 & v1)) + (v0 & v1) + (v1 & 0x2 * v1 + (-0x2) * (v0 & v1) & (-0x1) * v1 + (v0 & v1))
loki_tiny.csv	8584	1	edge1_ordinary_p7e_loki_tiny_csv_8584	ordinary	p7e	085f8e0123b37323	085f8e0123b37323	9a2eab275af7d5cd	d97faaf788178fe2	36	36	(-0x1) * (v0 & v1 & 0x2 * v1 + (-0x2) * (v0 & v1) & (-0x1) * v1 + (v0 & v1)) + (v0 & v1) + (v1 & 0x2 * v1 + (-0x2) * (v0 & v1) & (-0x1) * v1 + (v0 & v1))	(-0x1) * (v0 & v1 & 0x2 * v1 + (-0x2) * (v0 & v1) & (-0x1) * v1 + (v0 & v1)) + (v0 & v1) + (v1 & 0x2 * v1 + (-0x2) * (v0 & v1) & (-0x1) * v1 + (v0 & v1))
loki_tiny.csv	8584	2	edge2_p9l_loki_tiny_csv_8584	p7e	retained	085f8e0123b37323	4ccc852f0e53a6dc	f98e729d5e48321a	5cdb148f4ff2e423	36	3	(-0x1) * (v0 & v1 & 0x2 * v1 + (-0x2) * (v0 & v1) & (-0x1) * v1 + (v0 & v1)) + (v0 & v1) + (v1 & 0x2 * v1 + (-0x2) * (v0 & v1) & (-0x1) * v1 + (v0 & v1))	v0 & v1
loki_tiny.csv	8982	0	edge0_source_ordinary_loki_tiny_csv_8982	source	ordinary	b285834185a50ae7	e8f10dc0115bccec	ace70659f9957ca4	1e7e4ac0a2a85149	43	42	v0 & ~ (v0 + v1 & ~ (v0 + v1) | ~ ((v0 + v1) + ((-0x1) * (v0 + v1) + ((v0 + v1 | (v0 + v1 | (-0x1) * (v0 | v1)) + (v0 | v1)) + (-0x1) * (v0 | v1)))))	v0 & v0 + v1 + (-0x1) * (v0 + v1 & v0 + v1 + (-0x1) * (v0 + v1 & (-0x1) * v0 + (-0x1) * v1 + (v0 & v1))) + (-0x1) * (v0 + v1 & (-0x1) * v0 + (-0x1) * v1 + (v0 & v1)) + (v0 & v1)
loki_tiny.csv	8982	1	edge1_ordinary_p7e_loki_tiny_csv_8982	ordinary	p7e	e8f10dc0115bccec	e8f10dc0115bccec	c3d553a1470af6c7	15c4ff36a2c05958	42	42	v0 & v0 + v1 + (-0x1) * (v0 + v1 & v0 + v1 + (-0x1) * (v0 + v1 & (-0x1) * v0 + (-0x1) * v1 + (v0 & v1))) + (-0x1) * (v0 + v1 & (-0x1) * v0 + (-0x1) * v1 + (v0 & v1)) + (v0 & v1)	v0 & v0 + v1 + (-0x1) * (v0 + v1 & v0 + v1 + (-0x1) * (v0 + v1 & (-0x1) * v0 + (-0x1) * v1 + (v0 & v1))) + (-0x1) * (v0 + v1 & (-0x1) * v0 + (-0x1) * v1 + (v0 & v1)) + (v0 & v1)
loki_tiny.csv	8982	2	edge2_p9l_loki_tiny_csv_8982	p7e	retained	e8f10dc0115bccec	4ccc852f0e53a6dc	236a04867e5123c5	fb2f5c7f32a74f64	42	3	v0 & v0 + v1 + (-0x1) * (v0 + v1 & v0 + v1 + (-0x1) * (v0 + v1 & (-0x1) * v0 + (-0x1) * v1 + (v0 & v1))) + (-0x1) * (v0 + v1 & (-0x1) * v0 + (-0x1) * v1 + (v0 & v1)) + (v0 & v1)	v0 & v1
loki_tiny.csv	9594	0	edge0_source_ordinary_loki_tiny_csv_9594	source	ordinary	14e170dfda156727	72a40252251857bc	16fd4dd5e64908d2	d71962dcdde92307	48	18	~ (~ ((~ (~ (v0 & (~ v0 | v1)) | ~ v1) | ~ v1) + (-0x1) * ((v0 & v1 | ~ v1) + (-0x1) * ((v0 & v1 | ~ v1) ^ ~ v1))) & v1) ^ ~ (v1 & ~ ((-0x1) * v1 & v1 + v1))	(-0x2) * (v0 & v1 & 0x2 * v1 & (-0x1) * v1) + (v0 & v1) + (v1 & 0x2 * v1 & (-0x1) * v1)
loki_tiny.csv	9594	1	edge1_ordinary_p7e_loki_tiny_csv_9594	ordinary	p7e	72a40252251857bc	72a40252251857bc	f0d37a609df8ca63	ea3ad52c853895c4	18	18	(-0x2) * (v0 & v1 & 0x2 * v1 & (-0x1) * v1) + (v0 & v1) + (v1 & 0x2 * v1 & (-0x1) * v1)	(-0x2) * (v0 & v1 & 0x2 * v1 & (-0x1) * v1) + (v0 & v1) + (v1 & 0x2 * v1 & (-0x1) * v1)
loki_tiny.csv	9594	2	edge2_p9l_loki_tiny_csv_9594	p7e	retained	72a40252251857bc	4ccc852f0e53a6dc	661105afd0f4b459	15d5a230734bac3c	18	3	(-0x2) * (v0 & v1 & 0x2 * v1 & (-0x1) * v1) + (v0 & v1) + (v1 & 0x2 * v1 & (-0x1) * v1)	v0 & v1
loki_tiny.csv	9810	0	edge0_source_ordinary_loki_tiny_csv_9810	source	ordinary	4902c6d8cd26a8d2	2405651caae1ef86	28cee92ed01f9c3d	8cc1622093d9938a	91	12	~ (~ (~ (~ (~ (~ ((v0 ^ ~ v0) + (-0x1) * (v0 ^ v1)) & v1) & ~ (~ ((v0 ^ v1) & v1))) + (-0x1) * ~ (~ ((v0 ^ v1) & v1))) ^ ~ ((-0x1) * ~ (~ (~ (~ ((v0 ^ ~ v0) + (-0x1) * (v0 ^ v1)) & v1) & ~ (~ ((v0 ^ v1) & v1))) + (-0x1) * ~ (~ ((v0 ^ v1) & v1))) & ~ (v1 & ~ ((-0x1) * v1 & v1 + v1)))) | ~ (v1 & ~ ((-0x1) * v1 & v1 + v1)))	(-0x1) * (v0 & v1 & 0x2 * v1 & (-0x1) * v1) + (v0 & v1)
loki_tiny.csv	9810	1	edge1_ordinary_p7e_loki_tiny_csv_9810	ordinary	p7e	2405651caae1ef86	2405651caae1ef86	6a95debcdebe572f	916538a9cb78ef00	12	12	(-0x1) * (v0 & v1 & 0x2 * v1 & (-0x1) * v1) + (v0 & v1)	(-0x1) * (v0 & v1 & 0x2 * v1 & (-0x1) * v1) + (v0 & v1)
loki_tiny.csv	9810	2	edge2_p9l_loki_tiny_csv_9810	p7e	retained	2405651caae1ef86	4ccc852f0e53a6dc	b4e0b0f068928e63	626273f3df45f6ee	12	3	(-0x1) * (v0 & v1 & 0x2 * v1 & (-0x1) * v1) + (v0 & v1)	v0 & v1
loki_tiny.csv	11431	0	edge0_source_ordinary_loki_tiny_csv_11431	source	ordinary	2d66055e64418b2c	99cb1a2ad730d671	a98b324a727d3858	2c4edd9232cfff09	24	61	((v0 | v1) + v1 & (-0x1) * ((v0 | v1) + v1 & (-0x1) * ((v0 | v1) + v1))) + (-0x1) * v1 | v1	(-0x1) * (v1 & (-0x1) * v1 + ((-0x1) * (v0 + 0x2 * v1 + (-0x1) * (v0 & v1) & (-0x2) * v1 + (-0x1) * v0 + (v0 & v1)) & v0 + 0x2 * v1 + (-0x1) * (v0 & v1))) + ((-0x1) * (v0 + 0x2 * v1 + (-0x1) * (v0 & v1) & (-0x2) * v1 + (-0x1) * v0 + (v0 & v1)) & v0 + 0x2 * v1 + (-0x1) * (v0 & v1))
loki_tiny.csv	11431	1	edge1_ordinary_p7e_loki_tiny_csv_11431	ordinary	p7e	99cb1a2ad730d671	99cb1a2ad730d671	b18189e30d83ff7d	e24c2915d846002a	61	61	(-0x1) * (v1 & (-0x1) * v1 + ((-0x1) * (v0 + 0x2 * v1 + (-0x1) * (v0 & v1) & (-0x2) * v1 + (-0x1) * v0 + (v0 & v1)) & v0 + 0x2 * v1 + (-0x1) * (v0 & v1))) + ((-0x1) * (v0 + 0x2 * v1 + (-0x1) * (v0 & v1) & (-0x2) * v1 + (-0x1) * v0 + (v0 & v1)) & v0 + 0x2 * v1 + (-0x1) * (v0 & v1))	(-0x1) * (v1 & (-0x1) * v1 + ((-0x1) * (v0 + 0x2 * v1 + (-0x1) * (v0 & v1) & (-0x2) * v1 + (-0x1) * v0 + (v0 & v1)) & v0 + 0x2 * v1 + (-0x1) * (v0 & v1))) + ((-0x1) * (v0 + 0x2 * v1 + (-0x1) * (v0 & v1) & (-0x2) * v1 + (-0x1) * v0 + (v0 & v1)) & v0 + 0x2 * v1 + (-0x1) * (v0 & v1))
loki_tiny.csv	11431	2	edge2_p9l_loki_tiny_csv_11431	p7e	retained	99cb1a2ad730d671	22845ff142c4aa6c	f10f59afaa8e8f80	f2e1c906d5952791	61	7	(-0x1) * (v1 & (-0x1) * v1 + ((-0x1) * (v0 + 0x2 * v1 + (-0x1) * (v0 & v1) & (-0x2) * v1 + (-0x1) * v0 + (v0 & v1)) & v0 + 0x2 * v1 + (-0x1) * (v0 & v1))) + ((-0x1) * (v0 + 0x2 * v1 + (-0x1) * (v0 & v1) & (-0x2) * v1 + (-0x1) * v0 + (v0 & v1)) & v0 + 0x2 * v1 + (-0x1) * (v0 & v1))	v0 + v1 + (-0x1) * (v0 & v1)
loki_tiny.csv	12529	0	edge0_source_ordinary_loki_tiny_csv_12529	source	ordinary	b101615a7c438321	8a12b280d0831f58	bb1772219abb9738	3b33a79aec0f4a75	34	500	~ (~ (~ (v0 + ~ v0) + (~ (v0 | v1) & (v0 | v1) + (v0 | v1) | (-0x1) * (v0 | v1))) + (-0x1) * (v0 | v1)) | (v0 | v1)	0x2 * v0 + 0x2 * v1 + (-0x2) * (v0 & v1) + (-0x1) * (v0 & v1 & (-0x1) + 0x2 * (v0 & v1) + (-0x2) * v0 + (-0x2) * v1 + (-0x1) * (v0 & v1 & 0x2 * v0 + 0x2 * v1 + (-0x2) * (v0 & v1)) + (-0x1) * (v0 & 0x2 * v0 + 0x2 * v1 + (-0x2) * (v0 & v1) & (-0x1) * v0 + (-0x1) * v1 + (v0 & v1)) + (-0x1) * (v1 & 0x2 * v0 + 0x2 * v1 + (-0x2) * (v0 & v1) & (-0x1) * v0 + (-0x1) * v1 + (v0 & v1)) + (v0 & v1 & 0x2 * v0 + 0x2 * v1 + (-0x2) * (v0 & v1) & (-0x1) * v0 + (-0x1) * v1 + (v0 & v1)) + (v0 & 0x2 * v0 + 0x2 * v1 + (-0x2) * (v0 & v1)) + (v1 & 0x2 * v0 + 0x2 * v1 + (-0x2) * (v0 & v1)) + (0x2 * v0 + 0x2 * v1 + (-0x2) * (v0 & v1) & (-0x1) * v0 + (-0x1) * v1 + (v0 & v1))) + (-0x1) * (v0 & v1 & 0x2 * v0 + 0x2 * v1 + (-0x2) * (v0 & v1) & (-0x1) * v0 + (-0x1) * v1 + (v0 & v1)) + (-0x1) * (v0 & 0x2 * v0 + 0x2 * v1 + (-0x2) * (v0 & v1)) + (-0x1) * (v1 & 0x2 * v0 + 0x2 * v1 + (-0x2) * (v0 & v1)) + (-0x1) * (0x2 * v0 + 0x2 * v1 + (-0x2) * (v0 & v1) & (-0x1) * v0 + (-0x1) * v1 + (v0 & v1)) + (v0 & v1 & 0x2 * v0 + 0x2 * v1 + (-0x2) * (v0 & v1)) + (v0 & (-0x1) + 0x2 * (v0 & v1) + (-0x2) * v0 + (-0x2) * v1 + (-0x1) * (v0 & v1 & 0x2 * v0 + 0x2 * v1 + (-0x2) * (v0 & v1)) + (-0x1) * (v0 & 0x2 * v0 + 0x2 * v1 + (-0x2) * (v0 & v1) & (-0x1) * v0 + (-0x1) * v1 + (v0 & v1)) + (-0x1) * (v1 & 0x2 * v0 + 0x2 * v1 + (-0x2) * (v0 & v1) & (-0x1) * v0 + (-0x1) * v1 + (v0 & v1)) + (v0 & v1 & 0x2 * v0 + 0x2 * v1 + (-0x2) * (v0 & v1) & (-0x1) * v0 + (-0x1) * v1 + (v0 & v1)) + (v0 & 0x2 * v0 + 0x2 * v1 + (-0x2) * (v0 & v1)) + (v1 & 0x2 * v0 + 0x2 * v1 + (-0x2) * (v0 & v1)) + (0x2 * v0 + 0x2 * v1 + (-0x2) * (v0 & v1) & (-0x1) * v0 + (-0x1) * v1 + (v0 & v1))) + (v0 & 0x2 * v0 + 0x2 * v1 + (-0x2) * (v0 & v1) & (-0x1) * v0 + (-0x1) * v1 + (v0 & v1)) + (v1 & (-0x1) + 0x2 * (v0 & v1) + (-0x2) * v0 + (-0x2) * v1 + (-0x1) * (v0 & v1 & 0x2 * v0 + 0x2 * v1 + (-0x2) * (v0 & v1)) + (-0x1) * (v0 & 0x2 * v0 + 0x2 * v1 + (-0x2) * (v0 & v1) & (-0x1) * v0 + (-0x1) * v1 + (v0 & v1)) + (-0x1) * (v1 & 0x2 * v0 + 0x2 * v1 + (-0x2) * (v0 & v1) & (-0x1) * v0 + (-0x1) * v1 + (v0 & v1)) + (v0 & v1 & 0x2 * v0 + 0x2 * v1 + (-0x2) * (v0 & v1) & (-0x1) * v0 + (-0x1) * v1 + (v0 & v1)) + (v0 & 0x2 * v0 + 0x2 * v1 + (-0x2) * (v0 & v1)) + (v1 & 0x2 * v0 + 0x2 * v1 + (-0x2) * (v0 & v1)) + (0x2 * v0 + 0x2 * v1 + (-0x2) * (v0 & v1) & (-0x1) * v0 + (-0x1) * v1 + (v0 & v1))) + (v1 & 0x2 * v0 + 0x2 * v1 + (-0x2) * (v0 & v1) & (-0x1) * v0 + (-0x1) * v1 + (v0 & v1))
loki_tiny.csv	12529	1	edge1_ordinary_p7e_loki_tiny_csv_12529	ordinary	p7e	8a12b280d0831f58	8a12b280d0831f58	42d2a7408fadb00f	3900a18536ef5c30	500	500	0x2 * v0 + 0x2 * v1 + (-0x2) * (v0 & v1) + (-0x1) * (v0 & v1 & (-0x1) + 0x2 * (v0 & v1) + (-0x2) * v0 + (-0x2) * v1 + (-0x1) * (v0 & v1 & 0x2 * v0 + 0x2 * v1 + (-0x2) * (v0 & v1)) + (-0x1) * (v0 & 0x2 * v0 + 0x2 * v1 + (-0x2) * (v0 & v1) & (-0x1) * v0 + (-0x1) * v1 + (v0 & v1)) + (-0x1) * (v1 & 0x2 * v0 + 0x2 * v1 + (-0x2) * (v0 & v1) & (-0x1) * v0 + (-0x1) * v1 + (v0 & v1)) + (v0 & v1 & 0x2 * v0 + 0x2 * v1 + (-0x2) * (v0 & v1) & (-0x1) * v0 + (-0x1) * v1 + (v0 & v1)) + (v0 & 0x2 * v0 + 0x2 * v1 + (-0x2) * (v0 & v1)) + (v1 & 0x2 * v0 + 0x2 * v1 + (-0x2) * (v0 & v1)) + (0x2 * v0 + 0x2 * v1 + (-0x2) * (v0 & v1) & (-0x1) * v0 + (-0x1) * v1 + (v0 & v1))) + (-0x1) * (v0 & v1 & 0x2 * v0 + 0x2 * v1 + (-0x2) * (v0 & v1) & (-0x1) * v0 + (-0x1) * v1 + (v0 & v1)) + (-0x1) * (v0 & 0x2 * v0 + 0x2 * v1 + (-0x2) * (v0 & v1)) + (-0x1) * (v1 & 0x2 * v0 + 0x2 * v1 + (-0x2) * (v0 & v1)) + (-0x1) * (0x2 * v0 + 0x2 * v1 + (-0x2) * (v0 & v1) & (-0x1) * v0 + (-0x1) * v1 + (v0 & v1)) + (v0 & v1 & 0x2 * v0 + 0x2 * v1 + (-0x2) * (v0 & v1)) + (v0 & (-0x1) + 0x2 * (v0 & v1) + (-0x2) * v0 + (-0x2) * v1 + (-0x1) * (v0 & v1 & 0x2 * v0 + 0x2 * v1 + (-0x2) * (v0 & v1)) + (-0x1) * (v0 & 0x2 * v0 + 0x2 * v1 + (-0x2) * (v0 & v1) & (-0x1) * v0 + (-0x1) * v1 + (v0 & v1)) + (-0x1) * (v1 & 0x2 * v0 + 0x2 * v1 + (-0x2) * (v0 & v1) & (-0x1) * v0 + (-0x1) * v1 + (v0 & v1)) + (v0 & v1 & 0x2 * v0 + 0x2 * v1 + (-0x2) * (v0 & v1) & (-0x1) * v0 + (-0x1) * v1 + (v0 & v1)) + (v0 & 0x2 * v0 + 0x2 * v1 + (-0x2) * (v0 & v1)) + (v1 & 0x2 * v0 + 0x2 * v1 + (-0x2) * (v0 & v1)) + (0x2 * v0 + 0x2 * v1 + (-0x2) * (v0 & v1) & (-0x1) * v0 + (-0x1) * v1 + (v0 & v1))) + (v0 & 0x2 * v0 + 0x2 * v1 + (-0x2) * (v0 & v1) & (-0x1) * v0 + (-0x1) * v1 + (v0 & v1)) + (v1 & (-0x1) + 0x2 * (v0 & v1) + (-0x2) * v0 + (-0x2) * v1 + (-0x1) * (v0 & v1 & 0x2 * v0 + 0x2 * v1 + (-0x2) * (v0 & v1)) + (-0x1) * (v0 & 0x2 * v0 + 0x2 * v1 + (-0x2) * (v0 & v1) & (-0x1) * v0 + (-0x1) * v1 + (v0 & v1)) + (-0x1) * (v1 & 0x2 * v0 + 0x2 * v1 + (-0x2) * (v0 & v1) & (-0x1) * v0 + (-0x1) * v1 + (v0 & v1)) + (v0 & v1 & 0x2 * v0 + 0x2 * v1 + (-0x2) * (v0 & v1) & (-0x1) * v0 + (-0x1) * v1 + (v0 & v1)) + (v0 & 0x2 * v0 + 0x2 * v1 + (-0x2) * (v0 & v1)) + (v1 & 0x2 * v0 + 0x2 * v1 + (-0x2) * (v0 & v1)) + (0x2 * v0 + 0x2 * v1 + (-0x2) * (v0 & v1) & (-0x1) * v0 + (-0x1) * v1 + (v0 & v1))) + (v1 & 0x2 * v0 + 0x2 * v1 + (-0x2) * (v0 & v1) & (-0x1) * v0 + (-0x1) * v1 + (v0 & v1))	0x2 * v0 + 0x2 * v1 + (-0x2) * (v0 & v1) + (-0x1) * (v0 & v1 & (-0x1) + 0x2 * (v0 & v1) + (-0x2) * v0 + (-0x2) * v1 + (-0x1) * (v0 & v1 & 0x2 * v0 + 0x2 * v1 + (-0x2) * (v0 & v1)) + (-0x1) * (v0 & 0x2 * v0 + 0x2 * v1 + (-0x2) * (v0 & v1) & (-0x1) * v0 + (-0x1) * v1 + (v0 & v1)) + (-0x1) * (v1 & 0x2 * v0 + 0x2 * v1 + (-0x2) * (v0 & v1) & (-0x1) * v0 + (-0x1) * v1 + (v0 & v1)) + (v0 & v1 & 0x2 * v0 + 0x2 * v1 + (-0x2) * (v0 & v1) & (-0x1) * v0 + (-0x1) * v1 + (v0 & v1)) + (v0 & 0x2 * v0 + 0x2 * v1 + (-0x2) * (v0 & v1)) + (v1 & 0x2 * v0 + 0x2 * v1 + (-0x2) * (v0 & v1)) + (0x2 * v0 + 0x2 * v1 + (-0x2) * (v0 & v1) & (-0x1) * v0 + (-0x1) * v1 + (v0 & v1))) + (-0x1) * (v0 & v1 & 0x2 * v0 + 0x2 * v1 + (-0x2) * (v0 & v1) & (-0x1) * v0 + (-0x1) * v1 + (v0 & v1)) + (-0x1) * (v0 & 0x2 * v0 + 0x2 * v1 + (-0x2) * (v0 & v1)) + (-0x1) * (v1 & 0x2 * v0 + 0x2 * v1 + (-0x2) * (v0 & v1)) + (-0x1) * (0x2 * v0 + 0x2 * v1 + (-0x2) * (v0 & v1) & (-0x1) * v0 + (-0x1) * v1 + (v0 & v1)) + (v0 & v1 & 0x2 * v0 + 0x2 * v1 + (-0x2) * (v0 & v1)) + (v0 & (-0x1) + 0x2 * (v0 & v1) + (-0x2) * v0 + (-0x2) * v1 + (-0x1) * (v0 & v1 & 0x2 * v0 + 0x2 * v1 + (-0x2) * (v0 & v1)) + (-0x1) * (v0 & 0x2 * v0 + 0x2 * v1 + (-0x2) * (v0 & v1) & (-0x1) * v0 + (-0x1) * v1 + (v0 & v1)) + (-0x1) * (v1 & 0x2 * v0 + 0x2 * v1 + (-0x2) * (v0 & v1) & (-0x1) * v0 + (-0x1) * v1 + (v0 & v1)) + (v0 & v1 & 0x2 * v0 + 0x2 * v1 + (-0x2) * (v0 & v1) & (-0x1) * v0 + (-0x1) * v1 + (v0 & v1)) + (v0 & 0x2 * v0 + 0x2 * v1 + (-0x2) * (v0 & v1)) + (v1 & 0x2 * v0 + 0x2 * v1 + (-0x2) * (v0 & v1)) + (0x2 * v0 + 0x2 * v1 + (-0x2) * (v0 & v1) & (-0x1) * v0 + (-0x1) * v1 + (v0 & v1))) + (v0 & 0x2 * v0 + 0x2 * v1 + (-0x2) * (v0 & v1) & (-0x1) * v0 + (-0x1) * v1 + (v0 & v1)) + (v1 & (-0x1) + 0x2 * (v0 & v1) + (-0x2) * v0 + (-0x2) * v1 + (-0x1) * (v0 & v1 & 0x2 * v0 + 0x2 * v1 + (-0x2) * (v0 & v1)) + (-0x1) * (v0 & 0x2 * v0 + 0x2 * v1 + (-0x2) * (v0 & v1) & (-0x1) * v0 + (-0x1) * v1 + (v0 & v1)) + (-0x1) * (v1 & 0x2 * v0 + 0x2 * v1 + (-0x2) * (v0 & v1) & (-0x1) * v0 + (-0x1) * v1 + (v0 & v1)) + (v0 & v1 & 0x2 * v0 + 0x2 * v1 + (-0x2) * (v0 & v1) & (-0x1) * v0 + (-0x1) * v1 + (v0 & v1)) + (v0 & 0x2 * v0 + 0x2 * v1 + (-0x2) * (v0 & v1)) + (v1 & 0x2 * v0 + 0x2 * v1 + (-0x2) * (v0 & v1)) + (0x2 * v0 + 0x2 * v1 + (-0x2) * (v0 & v1) & (-0x1) * v0 + (-0x1) * v1 + (v0 & v1))) + (v1 & 0x2 * v0 + 0x2 * v1 + (-0x2) * (v0 & v1) & (-0x1) * v0 + (-0x1) * v1 + (v0 & v1))
loki_tiny.csv	12529	2	edge2_p9l_loki_tiny_csv_12529	p7e	retained	8a12b280d0831f58	22845ff142c4aa6c	c11f6916d5131763	5773e2fd787a271c	500	7	0x2 * v0 + 0x2 * v1 + (-0x2) * (v0 & v1) + (-0x1) * (v0 & v1 & (-0x1) + 0x2 * (v0 & v1) + (-0x2) * v0 + (-0x2) * v1 + (-0x1) * (v0 & v1 & 0x2 * v0 + 0x2 * v1 + (-0x2) * (v0 & v1)) + (-0x1) * (v0 & 0x2 * v0 + 0x2 * v1 + (-0x2) * (v0 & v1) & (-0x1) * v0 + (-0x1) * v1 + (v0 & v1)) + (-0x1) * (v1 & 0x2 * v0 + 0x2 * v1 + (-0x2) * (v0 & v1) & (-0x1) * v0 + (-0x1) * v1 + (v0 & v1)) + (v0 & v1 & 0x2 * v0 + 0x2 * v1 + (-0x2) * (v0 & v1) & (-0x1) * v0 + (-0x1) * v1 + (v0 & v1)) + (v0 & 0x2 * v0 + 0x2 * v1 + (-0x2) * (v0 & v1)) + (v1 & 0x2 * v0 + 0x2 * v1 + (-0x2) * (v0 & v1)) + (0x2 * v0 + 0x2 * v1 + (-0x2) * (v0 & v1) & (-0x1) * v0 + (-0x1) * v1 + (v0 & v1))) + (-0x1) * (v0 & v1 & 0x2 * v0 + 0x2 * v1 + (-0x2) * (v0 & v1) & (-0x1) * v0 + (-0x1) * v1 + (v0 & v1)) + (-0x1) * (v0 & 0x2 * v0 + 0x2 * v1 + (-0x2) * (v0 & v1)) + (-0x1) * (v1 & 0x2 * v0 + 0x2 * v1 + (-0x2) * (v0 & v1)) + (-0x1) * (0x2 * v0 + 0x2 * v1 + (-0x2) * (v0 & v1) & (-0x1) * v0 + (-0x1) * v1 + (v0 & v1)) + (v0 & v1 & 0x2 * v0 + 0x2 * v1 + (-0x2) * (v0 & v1)) + (v0 & (-0x1) + 0x2 * (v0 & v1) + (-0x2) * v0 + (-0x2) * v1 + (-0x1) * (v0 & v1 & 0x2 * v0 + 0x2 * v1 + (-0x2) * (v0 & v1)) + (-0x1) * (v0 & 0x2 * v0 + 0x2 * v1 + (-0x2) * (v0 & v1) & (-0x1) * v0 + (-0x1) * v1 + (v0 & v1)) + (-0x1) * (v1 & 0x2 * v0 + 0x2 * v1 + (-0x2) * (v0 & v1) & (-0x1) * v0 + (-0x1) * v1 + (v0 & v1)) + (v0 & v1 & 0x2 * v0 + 0x2 * v1 + (-0x2) * (v0 & v1) & (-0x1) * v0 + (-0x1) * v1 + (v0 & v1)) + (v0 & 0x2 * v0 + 0x2 * v1 + (-0x2) * (v0 & v1)) + (v1 & 0x2 * v0 + 0x2 * v1 + (-0x2) * (v0 & v1)) + (0x2 * v0 + 0x2 * v1 + (-0x2) * (v0 & v1) & (-0x1) * v0 + (-0x1) * v1 + (v0 & v1))) + (v0 & 0x2 * v0 + 0x2 * v1 + (-0x2) * (v0 & v1) & (-0x1) * v0 + (-0x1) * v1 + (v0 & v1)) + (v1 & (-0x1) + 0x2 * (v0 & v1) + (-0x2) * v0 + (-0x2) * v1 + (-0x1) * (v0 & v1 & 0x2 * v0 + 0x2 * v1 + (-0x2) * (v0 & v1)) + (-0x1) * (v0 & 0x2 * v0 + 0x2 * v1 + (-0x2) * (v0 & v1) & (-0x1) * v0 + (-0x1) * v1 + (v0 & v1)) + (-0x1) * (v1 & 0x2 * v0 + 0x2 * v1 + (-0x2) * (v0 & v1) & (-0x1) * v0 + (-0x1) * v1 + (v0 & v1)) + (v0 & v1 & 0x2 * v0 + 0x2 * v1 + (-0x2) * (v0 & v1) & (-0x1) * v0 + (-0x1) * v1 + (v0 & v1)) + (v0 & 0x2 * v0 + 0x2 * v1 + (-0x2) * (v0 & v1)) + (v1 & 0x2 * v0 + 0x2 * v1 + (-0x2) * (v0 & v1)) + (0x2 * v0 + 0x2 * v1 + (-0x2) * (v0 & v1) & (-0x1) * v0 + (-0x1) * v1 + (v0 & v1))) + (v1 & 0x2 * v0 + 0x2 * v1 + (-0x2) * (v0 & v1) & (-0x1) * v0 + (-0x1) * v1 + (v0 & v1))	v0 + v1 + (-0x1) * (v0 & v1)
loki_tiny.csv	12689	0	edge0_source_ordinary_loki_tiny_csv_12689	source	ordinary	3b3e4e19515091ae	f1c0ed5ba99047a4	27ae94a938b0546d	c2f9c9b09804fa16	78	145	((v0 & (-0x1) * v0 | (v0 & (-0x1) * v0) & ~ (~ (v0 | v1) | ~ ((-0x1) * ~ (v0 | v1)) & ~ (v0 | v1) + ~ (v0 | v1))) | ~ (~ (v0 | v1) | ~ ((-0x1) * ~ (v0 | v1)) & ~ (v0 | v1) + ~ (v0 | v1))) | ~ (~ (v0 | v1) | ~ ((-0x1) * ~ (v0 | v1)) & ~ (v0 | v1) + ~ (v0 | v1))	v0 + v1 + (-0x1) * (v0 & v1) + (-0x1) * (v0 & v1 & v0 + v1 + 0x1 + (-0x1) * (v0 & v1) & (-0x2) + 0x2 * (v0 & v1) + (-0x2) * v0 + (-0x2) * v1) + (-0x1) * (v0 & (-0x1) * v0 & v0 + v1 + 0x1 + (-0x1) * (v0 & v1) & (-0x2) + 0x2 * (v0 & v1) + (-0x2) * v0 + (-0x2) * v1) + (-0x1) * (v0 & (-0x2) + 0x2 * (v0 & v1) + (-0x2) * v0 + (-0x2) * v1) + (-0x1) * (v1 & (-0x2) + 0x2 * (v0 & v1) + (-0x2) * v0 + (-0x2) * v1) + (v0 & v1 & (-0x2) + 0x2 * (v0 & v1) + (-0x2) * v0 + (-0x2) * v1) + (v0 & (-0x1) * v0 & (-0x2) + 0x2 * (v0 & v1) + (-0x2) * v0 + (-0x2) * v1) + (v0 & v0 + v1 + 0x1 + (-0x1) * (v0 & v1) & (-0x2) + 0x2 * (v0 & v1) + (-0x2) * v0 + (-0x2) * v1) + (v1 & v0 + v1 + 0x1 + (-0x1) * (v0 & v1) & (-0x2) + 0x2 * (v0 & v1) + (-0x2) * v0 + (-0x2) * v1)
loki_tiny.csv	12689	1	edge1_ordinary_p7e_loki_tiny_csv_12689	ordinary	p7e	f1c0ed5ba99047a4	f1c0ed5ba99047a4	a1f901843b3216af	1acfbfe067e84290	145	145	v0 + v1 + (-0x1) * (v0 & v1) + (-0x1) * (v0 & v1 & v0 + v1 + 0x1 + (-0x1) * (v0 & v1) & (-0x2) + 0x2 * (v0 & v1) + (-0x2) * v0 + (-0x2) * v1) + (-0x1) * (v0 & (-0x1) * v0 & v0 + v1 + 0x1 + (-0x1) * (v0 & v1) & (-0x2) + 0x2 * (v0 & v1) + (-0x2) * v0 + (-0x2) * v1) + (-0x1) * (v0 & (-0x2) + 0x2 * (v0 & v1) + (-0x2) * v0 + (-0x2) * v1) + (-0x1) * (v1 & (-0x2) + 0x2 * (v0 & v1) + (-0x2) * v0 + (-0x2) * v1) + (v0 & v1 & (-0x2) + 0x2 * (v0 & v1) + (-0x2) * v0 + (-0x2) * v1) + (v0 & (-0x1) * v0 & (-0x2) + 0x2 * (v0 & v1) + (-0x2) * v0 + (-0x2) * v1) + (v0 & v0 + v1 + 0x1 + (-0x1) * (v0 & v1) & (-0x2) + 0x2 * (v0 & v1) + (-0x2) * v0 + (-0x2) * v1) + (v1 & v0 + v1 + 0x1 + (-0x1) * (v0 & v1) & (-0x2) + 0x2 * (v0 & v1) + (-0x2) * v0 + (-0x2) * v1)	v0 + v1 + (-0x1) * (v0 & v1) + (-0x1) * (v0 & v1 & v0 + v1 + 0x1 + (-0x1) * (v0 & v1) & (-0x2) + 0x2 * (v0 & v1) + (-0x2) * v0 + (-0x2) * v1) + (-0x1) * (v0 & (-0x1) * v0 & v0 + v1 + 0x1 + (-0x1) * (v0 & v1) & (-0x2) + 0x2 * (v0 & v1) + (-0x2) * v0 + (-0x2) * v1) + (-0x1) * (v0 & (-0x2) + 0x2 * (v0 & v1) + (-0x2) * v0 + (-0x2) * v1) + (-0x1) * (v1 & (-0x2) + 0x2 * (v0 & v1) + (-0x2) * v0 + (-0x2) * v1) + (v0 & v1 & (-0x2) + 0x2 * (v0 & v1) + (-0x2) * v0 + (-0x2) * v1) + (v0 & (-0x1) * v0 & (-0x2) + 0x2 * (v0 & v1) + (-0x2) * v0 + (-0x2) * v1) + (v0 & v0 + v1 + 0x1 + (-0x1) * (v0 & v1) & (-0x2) + 0x2 * (v0 & v1) + (-0x2) * v0 + (-0x2) * v1) + (v1 & v0 + v1 + 0x1 + (-0x1) * (v0 & v1) & (-0x2) + 0x2 * (v0 & v1) + (-0x2) * v0 + (-0x2) * v1)
loki_tiny.csv	12689	2	edge2_p9l_loki_tiny_csv_12689	p7e	retained	f1c0ed5ba99047a4	22845ff142c4aa6c	f3e49a2a19e73887	daa74436ec362238	145	7	v0 + v1 + (-0x1) * (v0 & v1) + (-0x1) * (v0 & v1 & v0 + v1 + 0x1 + (-0x1) * (v0 & v1) & (-0x2) + 0x2 * (v0 & v1) + (-0x2) * v0 + (-0x2) * v1) + (-0x1) * (v0 & (-0x1) * v0 & v0 + v1 + 0x1 + (-0x1) * (v0 & v1) & (-0x2) + 0x2 * (v0 & v1) + (-0x2) * v0 + (-0x2) * v1) + (-0x1) * (v0 & (-0x2) + 0x2 * (v0 & v1) + (-0x2) * v0 + (-0x2) * v1) + (-0x1) * (v1 & (-0x2) + 0x2 * (v0 & v1) + (-0x2) * v0 + (-0x2) * v1) + (v0 & v1 & (-0x2) + 0x2 * (v0 & v1) + (-0x2) * v0 + (-0x2) * v1) + (v0 & (-0x1) * v0 & (-0x2) + 0x2 * (v0 & v1) + (-0x2) * v0 + (-0x2) * v1) + (v0 & v0 + v1 + 0x1 + (-0x1) * (v0 & v1) & (-0x2) + 0x2 * (v0 & v1) + (-0x2) * v0 + (-0x2) * v1) + (v1 & v0 + v1 + 0x1 + (-0x1) * (v0 & v1) & (-0x2) + 0x2 * (v0 & v1) + (-0x2) * v0 + (-0x2) * v1)	v0 + v1 + (-0x1) * (v0 & v1)
loki_tiny.csv	13078	0	edge0_source_ordinary_loki_tiny_csv_13078	source	ordinary	f61d2dc1deafbd23	a055f0cecbbdbbdc	b379e3e5cdec168e	313411a41a15467f	55	45	v0 | ((-0x1) * ~ (~ (v0 & ~ v0) & v1) & ~ (~ (v0 & ~ v0) & v1) + ~ (~ (v0 & ~ (v0 | ~ ((-0x1) * v0 + (v0 ^ ~ v0)))) & v1) | ~ (~ (~ (v0 & ~ (v0 & ((-0x1) * v0 | ~ ((-0x1) * v0)))) & v1)))	v0 + v1 + (-0x1) * (v0 & v1) + (-0x1) * (v0 & v1 + 0x1 & (-0x2) + (-0x2) * v1) + (-0x1) * (v1 & v1 + 0x1 & (-0x2) + (-0x2) * v1) + (v0 & v1 & v1 + 0x1 & (-0x2) + (-0x2) * v1) + (v1 + 0x1 & (-0x2) + (-0x2) * v1)
loki_tiny.csv	13078	1	edge1_ordinary_p7e_loki_tiny_csv_13078	ordinary	p7e	a055f0cecbbdbbdc	a055f0cecbbdbbdc	5ba2833382f7eca3	351532dc1c1e754c	45	45	v0 + v1 + (-0x1) * (v0 & v1) + (-0x1) * (v0 & v1 + 0x1 & (-0x2) + (-0x2) * v1) + (-0x1) * (v1 & v1 + 0x1 & (-0x2) + (-0x2) * v1) + (v0 & v1 & v1 + 0x1 & (-0x2) + (-0x2) * v1) + (v1 + 0x1 & (-0x2) + (-0x2) * v1)	v0 + v1 + (-0x1) * (v0 & v1) + (-0x1) * (v0 & v1 + 0x1 & (-0x2) + (-0x2) * v1) + (-0x1) * (v1 & v1 + 0x1 & (-0x2) + (-0x2) * v1) + (v0 & v1 & v1 + 0x1 & (-0x2) + (-0x2) * v1) + (v1 + 0x1 & (-0x2) + (-0x2) * v1)
loki_tiny.csv	13078	2	edge2_p9l_loki_tiny_csv_13078	p7e	retained	a055f0cecbbdbbdc	22845ff142c4aa6c	64f7628ef21cb93f	98c87e785985ad7c	45	7	v0 + v1 + (-0x1) * (v0 & v1) + (-0x1) * (v0 & v1 + 0x1 & (-0x2) + (-0x2) * v1) + (-0x1) * (v1 & v1 + 0x1 & (-0x2) + (-0x2) * v1) + (v0 & v1 & v1 + 0x1 & (-0x2) + (-0x2) * v1) + (v1 + 0x1 & (-0x2) + (-0x2) * v1)	v0 + v1 + (-0x1) * (v0 & v1)
loki_tiny.csv	13174	0	edge0_source_ordinary_loki_tiny_csv_13174	source	ordinary	f8189a9c5865a4c2	40c3d6831dca013e	a364fa265a8d9615	0323719abc91fc5a	49	48	~ (~ (v0 | ~ (~ (~ ((~ v0 ^ v0 + (-0x1) * (v0 + (-0x1) * ~ v0)) & v0 + (-0x1) * (v0 + (-0x1) * ~ v0)) & v0 + (-0x1) * (v0 + ((-0x1) * ~ v0 | v0 & ~ v0 + ~ v0))))) | ~ (v0 | v1))	v0 + (-0x1) * (v0 & v1 & (-0x1) + (-0x1) * v0 + (-0x1) * (v0 & (-0x2) + (-0x2) * v0) + (v0 & v0 + 0x1 & (-0x2) + (-0x2) * v0)) + (v1 & (-0x1) + (-0x1) * v0 + (-0x1) * (v0 & (-0x2) + (-0x2) * v0) + (v0 & v0 + 0x1 & (-0x2) + (-0x2) * v0))
loki_tiny.csv	13174	1	edge1_ordinary_p7e_loki_tiny_csv_13174	ordinary	p7e	40c3d6831dca013e	40c3d6831dca013e	35ff83e09210bf4f	1e7a3a0c87543a00	48	48	v0 + (-0x1) * (v0 & v1 & (-0x1) + (-0x1) * v0 + (-0x1) * (v0 & (-0x2) + (-0x2) * v0) + (v0 & v0 + 0x1 & (-0x2) + (-0x2) * v0)) + (v1 & (-0x1) + (-0x1) * v0 + (-0x1) * (v0 & (-0x2) + (-0x2) * v0) + (v0 & v0 + 0x1 & (-0x2) + (-0x2) * v0))	v0 + (-0x1) * (v0 & v1 & (-0x1) + (-0x1) * v0 + (-0x1) * (v0 & (-0x2) + (-0x2) * v0) + (v0 & v0 + 0x1 & (-0x2) + (-0x2) * v0)) + (v1 & (-0x1) + (-0x1) * v0 + (-0x1) * (v0 & (-0x2) + (-0x2) * v0) + (v0 & v0 + 0x1 & (-0x2) + (-0x2) * v0))
loki_tiny.csv	13174	2	edge2_p9l_loki_tiny_csv_13174	p7e	retained	40c3d6831dca013e	22845ff142c4aa6c	bb2e2166b22161ed	06ae92c7716af8ae	48	7	v0 + (-0x1) * (v0 & v1 & (-0x1) + (-0x1) * v0 + (-0x1) * (v0 & (-0x2) + (-0x2) * v0) + (v0 & v0 + 0x1 & (-0x2) + (-0x2) * v0)) + (v1 & (-0x1) + (-0x1) * v0 + (-0x1) * (v0 & (-0x2) + (-0x2) * v0) + (v0 & v0 + 0x1 & (-0x2) + (-0x2) * v0))	v0 + v1 + (-0x1) * (v0 & v1)
loki_tiny.csv	13238	0	edge0_source_ordinary_loki_tiny_csv_13238	source	ordinary	67441f2950002beb	54e9d8b2837362ea	3acd073e8314af10	72c0b0056f9617e5	92	27	((-0x1) * ~ ((-0x1) * v0 | (-0x1) * v0 + (-0x1) * ((-0x1) * v0 & (-0x1) * ~ v1)) + (v0 ^ (-0x1) * ((-0x1) * ~ v0 + ~ (v0 | ~ v1)))) + ((-0x1) * ((-0x1) * ~ ((-0x1) * v0 | (-0x1) * v0 + (-0x1) * ((-0x1) * v0 & (-0x1) * ~ v1)) + (v0 ^ (-0x1) * ((-0x1) * ~ v0 + ~ (v0 | ~ v1)))) + ((-0x1) * (((-0x1) * ~ ((-0x1) * v0 | (-0x1) * v0 + (-0x1) * ((-0x1) * v0 & (-0x1) * ~ v1)) + (v0 ^ (-0x1) * ((-0x1) * ~ v0 + ~ (v0 | ~ v1)))) + v1) + v1))	v1 + 0x2 * v0 + (-0x1) * (v0 & v1) + ((-0x1) * v0 & v1 + 0x1) + ((-0x1) * v0 & (-0x1) * v0 + (-0x1) * ((-0x1) * v0 & v1 + 0x1))
loki_tiny.csv	13238	1	edge1_ordinary_p7e_loki_tiny_csv_13238	ordinary	p7e	54e9d8b2837362ea	21feb9deab5d4a5a	03f04f5e1b4028b3	980a254a0d1df47c	27	9	v1 + 0x2 * v0 + (-0x1) * (v0 & v1) + ((-0x1) * v0 & v1 + 0x1) + ((-0x1) * v0 & (-0x1) * v0 + (-0x1) * ((-0x1) * v0 & v1 + 0x1))	(v0) + (v1) + (-0x1) * (v0 & v1)
loki_tiny.csv	13238	2	edge2_p7e_loki_tiny_csv_13238	p7e	retained	21feb9deab5d4a5a	21feb9deab5d4a5a	9c977222c6d7f5cf	d1b2899c6325d5f0	9	9	(v0) + (v1) + (-0x1) * (v0 & v1)	(v0) + (v1) + (-0x1) * (v0 & v1)
loki_tiny.csv	13752	0	edge0_source_ordinary_loki_tiny_csv_13752	source	ordinary	a1d757e9007344fa	3faae9d7110ce82e	a48e90494138c5a3	46c54e8989fd9cd4	37	131	(v0 | ((-0x1) * v1 + ~ ((-0x1) * v1 ^ v1 + v1 | v1 + v1) & v1 + v1 | (-0x1) * (v1 | v1 + (-0x1) * (v1 & ~ v1))) + (v1 + v1)) | v1	v0 + 0x2 * v1 + (-0x1) * (v0 & v1) + (-0x1) * (v0 & v1 + (-0x1) * (0x2 * v1 & (-0x1) * v1 & (-0x1) + (-0x2) * v1 + (0x2 * v1 & (-0x1) * v1)) + (0x2 * v1 & (-0x1) + (-0x2) * v1 + (0x2 * v1 & (-0x1) * v1))) + (-0x1) * (v1 & v1 + (-0x1) * (0x2 * v1 & (-0x1) * v1 & (-0x1) + (-0x2) * v1 + (0x2 * v1 & (-0x1) * v1)) + (0x2 * v1 & (-0x1) + (-0x2) * v1 + (0x2 * v1 & (-0x1) * v1))) + (-0x1) * (0x2 * v1 & (-0x1) * v1 & (-0x1) + (-0x2) * v1 + (0x2 * v1 & (-0x1) * v1)) + (v0 & v1 & v1 + (-0x1) * (0x2 * v1 & (-0x1) * v1 & (-0x1) + (-0x2) * v1 + (0x2 * v1 & (-0x1) * v1)) + (0x2 * v1 & (-0x1) + (-0x2) * v1 + (0x2 * v1 & (-0x1) * v1))) + (0x2 * v1 & (-0x1) + (-0x2) * v1 + (0x2 * v1 & (-0x1) * v1))
loki_tiny.csv	13752	1	edge1_ordinary_p7e_loki_tiny_csv_13752	ordinary	p7e	3faae9d7110ce82e	21feb9deab5d4a5a	de7ed92e7933963d	59a54949445dece2	131	9	v0 + 0x2 * v1 + (-0x1) * (v0 & v1) + (-0x1) * (v0 & v1 + (-0x1) * (0x2 * v1 & (-0x1) * v1 & (-0x1) + (-0x2) * v1 + (0x2 * v1 & (-0x1) * v1)) + (0x2 * v1 & (-0x1) + (-0x2) * v1 + (0x2 * v1 & (-0x1) * v1))) + (-0x1) * (v1 & v1 + (-0x1) * (0x2 * v1 & (-0x1) * v1 & (-0x1) + (-0x2) * v1 + (0x2 * v1 & (-0x1) * v1)) + (0x2 * v1 & (-0x1) + (-0x2) * v1 + (0x2 * v1 & (-0x1) * v1))) + (-0x1) * (0x2 * v1 & (-0x1) * v1 & (-0x1) + (-0x2) * v1 + (0x2 * v1 & (-0x1) * v1)) + (v0 & v1 & v1 + (-0x1) * (0x2 * v1 & (-0x1) * v1 & (-0x1) + (-0x2) * v1 + (0x2 * v1 & (-0x1) * v1)) + (0x2 * v1 & (-0x1) + (-0x2) * v1 + (0x2 * v1 & (-0x1) * v1))) + (0x2 * v1 & (-0x1) + (-0x2) * v1 + (0x2 * v1 & (-0x1) * v1))	(v0) + (v1) + (-0x1) * (v0 & v1)
loki_tiny.csv	13752	2	edge2_p7e_loki_tiny_csv_13752	p7e	retained	21feb9deab5d4a5a	21feb9deab5d4a5a	9c977222c6d7f5cf	d1b2899c6325d5f0	9	9	(v0) + (v1) + (-0x1) * (v0 & v1)	(v0) + (v1) + (-0x1) * (v0 & v1)
loki_tiny.csv	14143	0	edge0_source_ordinary_loki_tiny_csv_14143	source	ordinary	65464b78cc3f3e83	ff6c232f18eba5d5	de2a3f0bee62b54f	33992762a1aea5f0	78	21	~ (~ v0 & ~ (~ (v0 & ~ (~ v0 | (-0x1) * v1) + (-0x1) * (v1 | v1 & v1 + ~ v1)) & (~ (v0 & ~ (~ v0 | (-0x1) * v1) + (-0x1) * (v1 | v1 & v1 + ~ v1)) ^ (v0 ^ ~ (v0 & ~ (~ v0 | (-0x1) * v1) + (-0x1) * (v1 | v1 & v1 + ~ v1))))) + ~ (~ ((-0x1) * v1 & ~ (v1 & v1 + v1))))	v1 + (v0 & (-0x1) + (-0x1) * v1 + (-0x1) * (v1 & 0x2 * v1 & (-0x1) * v1)) + (v1 & 0x2 * v1 & (-0x1) * v1)
loki_tiny.csv	14143	1	edge1_ordinary_p7e_loki_tiny_csv_14143	ordinary	p7e	ff6c232f18eba5d5	ff6c232f18eba5d5	5514a474bd3382c9	73e30faaa03d397e	21	21	v1 + (v0 & (-0x1) + (-0x1) * v1 + (-0x1) * (v1 & 0x2 * v1 & (-0x1) * v1)) + (v1 & 0x2 * v1 & (-0x1) * v1)	v1 + (v0 & (-0x1) + (-0x1) * v1 + (-0x1) * (v1 & 0x2 * v1 & (-0x1) * v1)) + (v1 & 0x2 * v1 & (-0x1) * v1)
loki_tiny.csv	14143	2	edge2_p9l_loki_tiny_csv_14143	p7e	retained	ff6c232f18eba5d5	22845ff142c4aa6c	82b432b06c9577ea	6e59e7cf4bfffe07	21	7	v1 + (v0 & (-0x1) + (-0x1) * v1 + (-0x1) * (v1 & 0x2 * v1 & (-0x1) * v1)) + (v1 & 0x2 * v1 & (-0x1) * v1)	v0 + v1 + (-0x1) * (v0 & v1)
loki_tiny.csv	14221	0	edge0_source_ordinary_loki_tiny_csv_14221	source	ordinary	1ae0dcee629d605f	78da9144414ba2dc	a407f767aaec529c	ecf94501b96ac43f	93	67	((~ (((-0x1) * (~ v0 & v1 | ~ (~ (v0 | v1))) & (v0 | v1) + (v0 | v1) | ~ (v0 | v1)) + (-0x1) * v1) ^ ~ (~ (((-0x1) * (~ v0 & v1 | ~ (~ (v0 | v1))) & (v0 | v1) + (v0 | v1) | ~ (v0 | v1)) + (-0x1) * v1) ^ (((-0x1) * (~ v0 & v1 | ~ (~ (v0 | v1))) & (v0 | v1) + (v0 | v1) | ~ (v0 | v1)) + (-0x1) * v1 ^ v1))) ^ v1) + (-0x1) * v1	v0 + v1 + (-0x1) * (v0 & v1) + (-0x1) * (v0 & 0x2 * v0 + 0x2 * v1 + (-0x2) * (v0 & v1) & (-0x1) * v0 + (-0x1) * v1 + (v0 & v1)) + (-0x1) * (v1 & 0x2 * v0 + 0x2 * v1 + (-0x2) * (v0 & v1) & (-0x1) * v0 + (-0x1) * v1 + (v0 & v1)) + (v0 & v1 & 0x2 * v0 + 0x2 * v1 + (-0x2) * (v0 & v1) & (-0x1) * v0 + (-0x1) * v1 + (v0 & v1))
loki_tiny.csv	14221	1	edge1_ordinary_p7e_loki_tiny_csv_14221	ordinary	p7e	78da9144414ba2dc	78da9144414ba2dc	97cdd93f6f76579d	33732e1aae4b8c4a	67	67	v0 + v1 + (-0x1) * (v0 & v1) + (-0x1) * (v0 & 0x2 * v0 + 0x2 * v1 + (-0x2) * (v0 & v1) & (-0x1) * v0 + (-0x1) * v1 + (v0 & v1)) + (-0x1) * (v1 & 0x2 * v0 + 0x2 * v1 + (-0x2) * (v0 & v1) & (-0x1) * v0 + (-0x1) * v1 + (v0 & v1)) + (v0 & v1 & 0x2 * v0 + 0x2 * v1 + (-0x2) * (v0 & v1) & (-0x1) * v0 + (-0x1) * v1 + (v0 & v1))	v0 + v1 + (-0x1) * (v0 & v1) + (-0x1) * (v0 & 0x2 * v0 + 0x2 * v1 + (-0x2) * (v0 & v1) & (-0x1) * v0 + (-0x1) * v1 + (v0 & v1)) + (-0x1) * (v1 & 0x2 * v0 + 0x2 * v1 + (-0x2) * (v0 & v1) & (-0x1) * v0 + (-0x1) * v1 + (v0 & v1)) + (v0 & v1 & 0x2 * v0 + 0x2 * v1 + (-0x2) * (v0 & v1) & (-0x1) * v0 + (-0x1) * v1 + (v0 & v1))
loki_tiny.csv	14221	2	edge2_p9l_loki_tiny_csv_14221	p7e	retained	78da9144414ba2dc	22845ff142c4aa6c	934359b3679d34fb	5563cccc5d8fc30a	67	7	v0 + v1 + (-0x1) * (v0 & v1) + (-0x1) * (v0 & 0x2 * v0 + 0x2 * v1 + (-0x2) * (v0 & v1) & (-0x1) * v0 + (-0x1) * v1 + (v0 & v1)) + (-0x1) * (v1 & 0x2 * v0 + 0x2 * v1 + (-0x2) * (v0 & v1) & (-0x1) * v0 + (-0x1) * v1 + (v0 & v1)) + (v0 & v1 & 0x2 * v0 + 0x2 * v1 + (-0x2) * (v0 & v1) & (-0x1) * v0 + (-0x1) * v1 + (v0 & v1))	v0 + v1 + (-0x1) * (v0 & v1)
loki_tiny.csv	14369	0	edge0_source_ordinary_loki_tiny_csv_14369	source	ordinary	701f118054e14490	9d4620667e21ec3c	35795b55244ab921	50603346d2ff7b36	84	35	v0 + ((v0 & (v0 + (~ (~ ((-0x1) * v0 & ~ (v0 & v0 + v0))) + (v0 & v1)) | v0 & v1) | (v0 & (v0 + (~ (~ ((-0x1) * v0 & ~ (v0 & v0 + v0))) + (v0 & v1)) | v0 & v1)) & (-0x1) * (v0 & (v0 + (~ (~ ((-0x1) * v0 & ~ (v0 & v0 + ~ (~ (v0 | ~ (v0 | ~ v0)))))) + (v0 & v1)) | v0 & v1))) ^ v1)	v0 + v1 + (-0x1) * (v0 & v1) + (-0x1) * (v0 & v1 & (-0x1) * (v0 & 0x2 * v0 & (-0x1) * v0) + (v0 & v1)) + (v0 & (-0x1) * (v0 & 0x2 * v0 & (-0x1) * v0) + (v0 & v1))
loki_tiny.csv	14369	1	edge1_ordinary_p7e_loki_tiny_csv_14369	ordinary	p7e	9d4620667e21ec3c	9d4620667e21ec3c	231fb093018b45ad	3300c75381c3d442	35	35	v0 + v1 + (-0x1) * (v0 & v1) + (-0x1) * (v0 & v1 & (-0x1) * (v0 & 0x2 * v0 & (-0x1) * v0) + (v0 & v1)) + (v0 & (-0x1) * (v0 & 0x2 * v0 & (-0x1) * v0) + (v0 & v1))	v0 + v1 + (-0x1) * (v0 & v1) + (-0x1) * (v0 & v1 & (-0x1) * (v0 & 0x2 * v0 & (-0x1) * v0) + (v0 & v1)) + (v0 & (-0x1) * (v0 & 0x2 * v0 & (-0x1) * v0) + (v0 & v1))
loki_tiny.csv	14369	2	edge2_p9l_loki_tiny_csv_14369	p7e	retained	9d4620667e21ec3c	22845ff142c4aa6c	93bf52a080d9757b	102dfd4b08e8ca52	35	7	v0 + v1 + (-0x1) * (v0 & v1) + (-0x1) * (v0 & v1 & (-0x1) * (v0 & 0x2 * v0 & (-0x1) * v0) + (v0 & v1)) + (v0 & (-0x1) * (v0 & 0x2 * v0 & (-0x1) * v0) + (v0 & v1))	v0 + v1 + (-0x1) * (v0 & v1)
loki_tiny.csv	14497	0	edge0_source_ordinary_loki_tiny_csv_14497	source	ordinary	1498cffffadf1862	b9bf876ea62e06f4	6149bbb071d4cf15	47686e941960eb26	45	22	(v0 + (v1 ^ (~ (~ v1 + ((-0x1) * ~ v1 + ~ (v1 ^ ~ v1))) | (-0x1) * v1)) | ~ (~ ((-0x1) * ~ v1 & ~ ((-0x1) * ~ v1)))) + (-0x1) * ~ (v1 & ~ ((-0x1) * v1 & v1 + v1)) | v1	v0 + v1 + (-0x1) * (v1 & 0x2 * v1 & (-0x1) * v1) + (-0x1) * (v1 & v0 + (-0x1) * (v1 & 0x2 * v1 & (-0x1) * v1))
loki_tiny.csv	14497	1	edge1_ordinary_p7e_loki_tiny_csv_14497	ordinary	p7e	b9bf876ea62e06f4	b9bf876ea62e06f4	3deb398835c6a05b	4ea15d83e3aca4a4	22	22	v0 + v1 + (-0x1) * (v1 & 0x2 * v1 & (-0x1) * v1) + (-0x1) * (v1 & v0 + (-0x1) * (v1 & 0x2 * v1 & (-0x1) * v1))	v0 + v1 + (-0x1) * (v1 & 0x2 * v1 & (-0x1) * v1) + (-0x1) * (v1 & v0 + (-0x1) * (v1 & 0x2 * v1 & (-0x1) * v1))
loki_tiny.csv	14497	2	edge2_p9l_loki_tiny_csv_14497	p7e	retained	b9bf876ea62e06f4	22845ff142c4aa6c	b194b0077eb1164b	e8cdb412bf830254	22	7	v0 + v1 + (-0x1) * (v1 & 0x2 * v1 & (-0x1) * v1) + (-0x1) * (v1 & v0 + (-0x1) * (v1 & 0x2 * v1 & (-0x1) * v1))	v0 + v1 + (-0x1) * (v0 & v1)
loki_tiny.csv	14545	0	edge0_source_ordinary_loki_tiny_csv_14545	source	ordinary	7feacd7e0a5f1917	c97023925da1a56c	062203696d6f30f4	4e66167a12522995	39	40	~ v0 + (-0x1) * (((-0x1) * ((-0x1) * ~ v0 + (~ v0 + (v0 | v0 + v0))) | (-0x1) * (v0 & (v0 ^ ~ v0))) + ~ (~ (~ v0 | (-0x1) * (v0 & v1) + v1))) | v1	v1 + 0x4 * v0 + (-0x1) * (v0 & 0x2 * v0) + (-0x1) * (v1 & 0x4 * v0 + (-0x1) * (v0 & 0x2 * v0) + ((-0x1) * v0 & (-0x3) * v0 + (v0 & 0x2 * v0))) + ((-0x1) * v0 & (-0x3) * v0 + (v0 & 0x2 * v0))
loki_tiny.csv	14545	1	edge1_ordinary_p7e_loki_tiny_csv_14545	ordinary	p7e	c97023925da1a56c	c97023925da1a56c	a6ac0a6e3fe0c4c3	93d4faa4d807260c	40	40	v1 + 0x4 * v0 + (-0x1) * (v0 & 0x2 * v0) + (-0x1) * (v1 & 0x4 * v0 + (-0x1) * (v0 & 0x2 * v0) + ((-0x1) * v0 & (-0x3) * v0 + (v0 & 0x2 * v0))) + ((-0x1) * v0 & (-0x3) * v0 + (v0 & 0x2 * v0))	v1 + 0x4 * v0 + (-0x1) * (v0 & 0x2 * v0) + (-0x1) * (v1 & 0x4 * v0 + (-0x1) * (v0 & 0x2 * v0) + ((-0x1) * v0 & (-0x3) * v0 + (v0 & 0x2 * v0))) + ((-0x1) * v0 & (-0x3) * v0 + (v0 & 0x2 * v0))
loki_tiny.csv	14545	2	edge2_p9l_loki_tiny_csv_14545	p7e	retained	c97023925da1a56c	22845ff142c4aa6c	08e105ea2549072b	3862adcc27d95434	40	7	v1 + 0x4 * v0 + (-0x1) * (v0 & 0x2 * v0) + (-0x1) * (v1 & 0x4 * v0 + (-0x1) * (v0 & 0x2 * v0) + ((-0x1) * v0 & (-0x3) * v0 + (v0 & 0x2 * v0))) + ((-0x1) * v0 & (-0x3) * v0 + (v0 & 0x2 * v0))	v0 + v1 + (-0x1) * (v0 & v1)
loki_tiny.csv	16073	0	edge0_source_ordinary_loki_tiny_csv_16073	source	ordinary	fa69cb27569f28f2	6eb8567fc108a341	2c46d6b09e44e52c	a2f965113f2206bb	26	48	(~ (~ v0 + v1) & (~ v0 + v1) + (~ v0 + v1) | (-0x1) * (~ v0 + v1)) + (v0 | ~ v0)	v1 + (-0x2) + (-0x1) * v0 + (-0x1) * (v0 + 0x1 + (-0x1) * v1 & (-0x2) + 0x2 * v1 + (-0x2) * v0) + (-0x1) * (v1 + (-0x1) + (-0x1) * v0 & (-0x2) + 0x2 * v1 + (-0x2) * v0) + (v0 + 0x1 + (-0x1) * v1 & v1 + (-0x1) + (-0x1) * v0 & (-0x2) + 0x2 * v1 + (-0x2) * v0)
loki_tiny.csv	16073	1	edge1_ordinary_p7e_loki_tiny_csv_16073	ordinary	p7e	6eb8567fc108a341	6eb8567fc108a341	efd16b0e52f717e1	47fec94d57e1cc5e	48	48	v1 + (-0x2) + (-0x1) * v0 + (-0x1) * (v0 + 0x1 + (-0x1) * v1 & (-0x2) + 0x2 * v1 + (-0x2) * v0) + (-0x1) * (v1 + (-0x1) + (-0x1) * v0 & (-0x2) + 0x2 * v1 + (-0x2) * v0) + (v0 + 0x1 + (-0x1) * v1 & v1 + (-0x1) + (-0x1) * v0 & (-0x2) + 0x2 * v1 + (-0x2) * v0)	v1 + (-0x2) + (-0x1) * v0 + (-0x1) * (v0 + 0x1 + (-0x1) * v1 & (-0x2) + 0x2 * v1 + (-0x2) * v0) + (-0x1) * (v1 + (-0x1) + (-0x1) * v0 & (-0x2) + 0x2 * v1 + (-0x2) * v0) + (v0 + 0x1 + (-0x1) * v1 & v1 + (-0x1) + (-0x1) * v0 & (-0x2) + 0x2 * v1 + (-0x2) * v0)
loki_tiny.csv	16073	2	edge2_p9l_loki_tiny_csv_16073	p7e	retained	6eb8567fc108a341	a4cfaed11e2fee97	05183d93af5c9bab	06273048670e612c	48	4	v1 + (-0x2) + (-0x1) * v0 + (-0x1) * (v0 + 0x1 + (-0x1) * v1 & (-0x2) + 0x2 * v1 + (-0x2) * v0) + (-0x1) * (v1 + (-0x1) + (-0x1) * v0 & (-0x2) + 0x2 * v1 + (-0x2) * v0) + (v0 + 0x1 + (-0x1) * v1 & v1 + (-0x1) + (-0x1) * v0 & (-0x2) + 0x2 * v1 + (-0x2) * v0)	v0 + (-0x1) * v1
loki_tiny.csv	17380	0	edge0_source_ordinary_loki_tiny_csv_17380	source	ordinary	1c2d1fee3e47421c	fae114f48be88635	9d2bccd942478892	51802d6f11983a69	76	40	v0 + ~ (~ ((-0x1) * (v0 + ((-0x1) * (v0 + (-0x1) * v1) | v0 + (-0x1) * v1 & (-0x1) * (v0 + (-0x1) * v1 | v1)) & v1) | (-0x1) * (v0 + ((-0x1) * (v0 + (-0x1) * v1) | v0 + (-0x1) * v1 & (-0x1) * (v0 + (-0x1) * v1 | v1)) & v1) & ~ ((-0x1) * (v0 + ((-0x1) * (v0 + (-0x1) * v1) | v0 + (-0x1) * v1 & (-0x1) * (v0 + (-0x1) * v1 | v1)) & v1))))	v0 + (-0x1) * (v1 & v1 + (-0x1) * (v0 + (-0x1) * v1 & v1 + (-0x1) * v0 & (-0x1) * v0 + (v1 & v0 + (-0x1) * v1)) + (v0 + (-0x1) * v1 & (-0x1) * v0 + (v1 & v0 + (-0x1) * v1)))
loki_tiny.csv	17380	1	edge1_ordinary_p7e_loki_tiny_csv_17380	ordinary	p7e	fae114f48be88635	fae114f48be88635	1b2dbf741dbb2941	20992414a492393e	40	40	v0 + (-0x1) * (v1 & v1 + (-0x1) * (v0 + (-0x1) * v1 & v1 + (-0x1) * v0 & (-0x1) * v0 + (v1 & v0 + (-0x1) * v1)) + (v0 + (-0x1) * v1 & (-0x1) * v0 + (v1 & v0 + (-0x1) * v1)))	v0 + (-0x1) * (v1 & v1 + (-0x1) * (v0 + (-0x1) * v1 & v1 + (-0x1) * v0 & (-0x1) * v0 + (v1 & v0 + (-0x1) * v1)) + (v0 + (-0x1) * v1 & (-0x1) * v0 + (v1 & v0 + (-0x1) * v1)))
loki_tiny.csv	17380	2	edge2_p9l_loki_tiny_csv_17380	p7e	retained	fae114f48be88635	a4cfaed11e2fee97	0c0918dad3ea67fb	eb9ed84de719e498	40	4	v0 + (-0x1) * (v1 & v1 + (-0x1) * (v0 + (-0x1) * v1 & v1 + (-0x1) * v0 & (-0x1) * v0 + (v1 & v0 + (-0x1) * v1)) + (v0 + (-0x1) * v1 & (-0x1) * v0 + (v1 & v0 + (-0x1) * v1)))	v0 + (-0x1) * v1
loki_tiny.csv	17524	0	edge0_source_ordinary_loki_tiny_csv_17524	source	ordinary	c4157435951ad5aa	2cabb893a92579ac	96f107f052155337	2825cdf81b30a910	42	21	~ (v0 + (-0x1) * ((-0x1) * ~ v0 + ~ (~ (v0 & (v0 ^ ~ v0)) + v1 & (-0x1) * ~ (~ (~ (v0 & (v0 ^ ~ v0)) + v1 & (-0x1) * (~ (v0 & (v0 ^ ~ v0)) + v1))))))	(-0x1) + (-0x1) * ((-0x1) * (v0 + 0x1 + (-0x1) * v1 & v1 + (-0x1) + (-0x1) * v0) & v1 + (-0x1) + (-0x1) * v0)
loki_tiny.csv	17524	1	edge1_ordinary_p7e_loki_tiny_csv_17524	ordinary	p7e	2cabb893a92579ac	2cabb893a92579ac	fa2122f301e10a6b	cd9c0c1b5d6d2de4	21	21	(-0x1) + (-0x1) * ((-0x1) * (v0 + 0x1 + (-0x1) * v1 & v1 + (-0x1) + (-0x1) * v0) & v1 + (-0x1) + (-0x1) * v0)	(-0x1) + (-0x1) * ((-0x1) * (v0 + 0x1 + (-0x1) * v1 & v1 + (-0x1) + (-0x1) * v0) & v1 + (-0x1) + (-0x1) * v0)
loki_tiny.csv	17524	2	edge2_p9l_loki_tiny_csv_17524	p7e	retained	2cabb893a92579ac	a4cfaed11e2fee97	ae722304f26b8b24	d5e71af1292bf19b	21	4	(-0x1) + (-0x1) * ((-0x1) * (v0 + 0x1 + (-0x1) * v1 & v1 + (-0x1) + (-0x1) * v0) & v1 + (-0x1) + (-0x1) * v0)	v0 + (-0x1) * v1
loki_tiny.csv	17578	0	edge0_source_ordinary_loki_tiny_csv_17578	source	ordinary	b5ad2221e750b54c	e1ed809cd68fe74f	d8386299f0dd07f2	e5c58313cdb2648f	34	21	(-0x1) * ((-0x1) * (v0 + v0) + ((-0x1) * (v0 + v0) + ((v0 + v0 & (-0x1) * ~ (~ (v0 + v0 & (-0x1) * (v0 + v0)))) + (v0 + v1)) & v0 + v1))	0x2 * v0 + (-0x1) * (v0 + v1 & v1 + (-0x1) * v0 + (0x2 * v0 & (-0x1) * (0x2 * v0 & (-0x2) * v0)))
loki_tiny.csv	17578	1	edge1_ordinary_p7e_loki_tiny_csv_17578	ordinary	p7e	e1ed809cd68fe74f	e1ed809cd68fe74f	22712c47ee1e2405	30dc88a02d221d5a	21	21	0x2 * v0 + (-0x1) * (v0 + v1 & v1 + (-0x1) * v0 + (0x2 * v0 & (-0x1) * (0x2 * v0 & (-0x2) * v0)))	0x2 * v0 + (-0x1) * (v0 + v1 & v1 + (-0x1) * v0 + (0x2 * v0 & (-0x1) * (0x2 * v0 & (-0x2) * v0)))
loki_tiny.csv	17578	2	edge2_p9l_loki_tiny_csv_17578	p7e	retained	e1ed809cd68fe74f	a4cfaed11e2fee97	0fdfb97dc7434a21	80180631eb8c5baa	21	4	0x2 * v0 + (-0x1) * (v0 + v1 & v1 + (-0x1) * v0 + (0x2 * v0 & (-0x1) * (0x2 * v0 & (-0x2) * v0)))	v0 + (-0x1) * v1
loki_tiny.csv	17633	0	edge0_source_ordinary_loki_tiny_csv_17633	source	ordinary	9924bb4395767339	72a6989bfd30e396	c20a65711a8601fe	cad40a37318b8765	122	19	(-0x1) * (((-0x1) * ~ (~ v0 & ~ (v0 & v1)) + ~ (~ v0 & ~ (v0 & v1) | ~ (~ v0 & ~ (v0 & v1)))) + v1) & ~ (((-0x1) * ~ (~ v0 & ~ (v0 & v1)) + ~ (~ v0 & ~ (v0 & v1) | ~ (~ v0 & ~ (v0 & v1)))) + v1 & (-0x1) * ((((-0x1) * ~ (~ v0 & ~ (v0 & v1)) + ~ (~ v0 & ~ (v0 & v1) | ~ (~ v0 & ~ (v0 & v1)))) + v1) + (((-0x1) * ~ (~ v0 & ~ (v0 & v1)) + ~ (~ v0 & ~ (v0 & v1) | ~ (~ v0 & ~ (v0 & v1)))) + v1)))	v0 + (-0x1) * v1 + (-0x1) * (v0 + (-0x1) * v1 & v1 + (-0x1) * v0 & 0x2 * v0 + (-0x2) * v1)
loki_tiny.csv	17633	1	edge1_ordinary_p7e_loki_tiny_csv_17633	ordinary	p7e	72a6989bfd30e396	72a6989bfd30e396	38f42f638d46a741	4eaf00f7d1ea1466	19	19	v0 + (-0x1) * v1 + (-0x1) * (v0 + (-0x1) * v1 & v1 + (-0x1) * v0 & 0x2 * v0 + (-0x2) * v1)	v0 + (-0x1) * v1 + (-0x1) * (v0 + (-0x1) * v1 & v1 + (-0x1) * v0 & 0x2 * v0 + (-0x2) * v1)
loki_tiny.csv	17633	2	edge2_p9l_loki_tiny_csv_17633	p7e	retained	72a6989bfd30e396	a4cfaed11e2fee97	dc93f1a84c63bdaa	2bd90714b415b9f3	19	4	v0 + (-0x1) * v1 + (-0x1) * (v0 + (-0x1) * v1 & v1 + (-0x1) * v0 & 0x2 * v0 + (-0x2) * v1)	v0 + (-0x1) * v1
loki_tiny.csv	17818	0	edge0_source_ordinary_loki_tiny_csv_17818	source	ordinary	91fc3ae4c03ea159	ef4c424b96c92807	58215a668963db5b	bf738a9f40dc38e2	56	21	~ ((-0x1) * v0 + ~ ((-0x1) * ~ (v0 + ~ v0 & ~ v1)) & ~ (v0 + ~ (~ ((-0x1) * ~ (v0 + ~ v0 & ~ v1)) | ~ (v0 + ~ v0 & ~ v1) & ~ (v0 + ~ v0 & ~ v1) + ~ (v0 + ~ v0 & ~ v1))))	v0 + (-0x1) * v1 + (v0 + (-0x1) * v1 + (-0x1) * (v1 & 0x2 * v1 & (-0x1) * v1) & v1 + (-0x1) + (-0x1) * v0)
loki_tiny.csv	17818	1	edge1_ordinary_p7e_loki_tiny_csv_17818	ordinary	p7e	ef4c424b96c92807	ef4c424b96c92807	80dd5d5ed2a78185	1e6a3fd36833ceea	21	21	v0 + (-0x1) * v1 + (v0 + (-0x1) * v1 + (-0x1) * (v1 & 0x2 * v1 & (-0x1) * v1) & v1 + (-0x1) + (-0x1) * v0)	v0 + (-0x1) * v1 + (v0 + (-0x1) * v1 + (-0x1) * (v1 & 0x2 * v1 & (-0x1) * v1) & v1 + (-0x1) + (-0x1) * v0)
loki_tiny.csv	17818	2	edge2_p9l_loki_tiny_csv_17818	p7e	retained	ef4c424b96c92807	a4cfaed11e2fee97	29910d452057d221	b4102d38d30a40ca	21	4	v0 + (-0x1) * v1 + (v0 + (-0x1) * v1 + (-0x1) * (v1 & 0x2 * v1 & (-0x1) * v1) & v1 + (-0x1) + (-0x1) * v0)	v0 + (-0x1) * v1
loki_tiny.csv	17825	0	edge0_source_ordinary_loki_tiny_csv_17825	source	ordinary	82b7c570e84e73a5	ae0e13d748b4f394	009aa768d2e60c58	11bb47ba4e3d4333	64	18	~ (~ v0 & ~ (v1 & ~ (v1 & ~ ((-0x1) * v1 & (-0x1) * v1 + (-0x1) * v1)))) ^ ~ (~ (~ (~ v0 & ~ (v1 & ~ (v1 & ~ ((-0x1) * v1 & (-0x1) * v1 + (-0x1) * v1))))) ^ ~ (~ v0 & ~ (v1 & ~ (v1 & ~ ((-0x1) * v1 & (-0x1) * v1 + (-0x1) * v1)))) + (-0x1) * v1)	v0 + (-0x1) * v1 + (-0x1) * (v0 & v1 & (-0x2) * v1 & (-0x1) * v1) + (v1 & (-0x2) * v1 & (-0x1) * v1)
loki_tiny.csv	17825	1	edge1_ordinary_p7e_loki_tiny_csv_17825	ordinary	p7e	ae0e13d748b4f394	ae0e13d748b4f394	937f58ee1d07fe35	2580e52d9a060746	18	18	v0 + (-0x1) * v1 + (-0x1) * (v0 & v1 & (-0x2) * v1 & (-0x1) * v1) + (v1 & (-0x2) * v1 & (-0x1) * v1)	v0 + (-0x1) * v1 + (-0x1) * (v0 & v1 & (-0x2) * v1 & (-0x1) * v1) + (v1 & (-0x2) * v1 & (-0x1) * v1)
loki_tiny.csv	17825	2	edge2_p9l_loki_tiny_csv_17825	p7e	retained	ae0e13d748b4f394	a4cfaed11e2fee97	3cd791b8390fa490	7556bd657935afb5	18	4	v0 + (-0x1) * v1 + (-0x1) * (v0 & v1 & (-0x2) * v1 & (-0x1) * v1) + (v1 & (-0x2) * v1 & (-0x1) * v1)	v0 + (-0x1) * v1
loki_tiny.csv	17972	0	edge0_source_ordinary_loki_tiny_csv_17972	source	ordinary	cab964f6acf473ba	04355a75544968ef	4181f11365508272	f3d5f56e0d4e6029	47	10	v0 + ~ (v1 + (~ v1 + ~ (~ ((-0x1) * (~ v1 + (-0x1) * (v1 ^ ~ v1)) & ~ (~ v1 + (-0x1) * (v1 ^ ~ v1) & (~ v1 + (-0x1) * (v1 ^ ~ v1)) + (~ v1 + (-0x1) * (v1 ^ ~ v1)))))))	v0 + (-0x1) * v1 + (v1 & (-0x2) * v1 & (-0x1) * v1)
loki_tiny.csv	17972	1	edge1_ordinary_p7e_loki_tiny_csv_17972	ordinary	p7e	04355a75544968ef	04355a75544968ef	64d8bd8aaada1edd	96d564357abff46a	10	10	v0 + (-0x1) * v1 + (v1 & (-0x2) * v1 & (-0x1) * v1)	v0 + (-0x1) * v1 + (v1 & (-0x2) * v1 & (-0x1) * v1)
loki_tiny.csv	17972	2	edge2_p9l_loki_tiny_csv_17972	p7e	retained	04355a75544968ef	a4cfaed11e2fee97	7dcf5d4051944d65	7810931e08fa534e	10	4	v0 + (-0x1) * v1 + (v1 & (-0x2) * v1 & (-0x1) * v1)	v0 + (-0x1) * v1
loki_tiny.csv	17980	0	edge0_source_ordinary_loki_tiny_csv_17980	source	ordinary	3f6bd2738ae8eec7	76be60ac84708aec	923be5c02abe6962	97388ef74ddb4483	28	19	((-0x1) * ((-0x1) * v0 + v1) & ~ ((-0x1) * v0 + v1 & ((-0x1) * v0 + v1) + ((-0x1) * v0 + v1))) + (-0x1) * ~ (v0 | ~ v0)	v0 + (-0x1) * v1 + (-0x1) * (v0 + (-0x1) * v1 & v1 + (-0x1) * v0 & 0x2 * v1 + (-0x2) * v0)
loki_tiny.csv	17980	1	edge1_ordinary_p7e_loki_tiny_csv_17980	ordinary	p7e	76be60ac84708aec	76be60ac84708aec	62a90fd4a5ce450d	c48ad0f1047bda3a	19	19	v0 + (-0x1) * v1 + (-0x1) * (v0 + (-0x1) * v1 & v1 + (-0x1) * v0 & 0x2 * v1 + (-0x2) * v0)	v0 + (-0x1) * v1 + (-0x1) * (v0 + (-0x1) * v1 & v1 + (-0x1) * v0 & 0x2 * v1 + (-0x2) * v0)
loki_tiny.csv	17980	2	edge2_p9l_loki_tiny_csv_17980	p7e	retained	76be60ac84708aec	a4cfaed11e2fee97	fa7f1fdb2c86c9bc	830a0b593a103ef1	19	4	v0 + (-0x1) * v1 + (-0x1) * (v0 + (-0x1) * v1 & v1 + (-0x1) * v0 & 0x2 * v1 + (-0x2) * v0)	v0 + (-0x1) * v1
loki_tiny.csv	17981	0	edge0_source_ordinary_loki_tiny_csv_17981	source	ordinary	2fc097d463cdf6f8	8f257f010fdd183f	4100c2f51dbdc1d8	8acd9894b373c819	42	10	(-0x1) * v0 + (((-0x1) * ((-0x1) * v0 + ~ (~ ((-0x1) * v0) | v0 & v0 + v0)) & (~ ((-0x1) * ((-0x1) * v0 + ~ (~ ((-0x1) * v0) | v0 & v0 + v0)) & (-0x1) * v1) ^ (-0x1) * v1)) + (-0x1) * v1)	v0 + (-0x1) * v1 + (v0 & 0x2 * v0 & (-0x1) * v0)
loki_tiny.csv	17981	1	edge1_ordinary_p7e_loki_tiny_csv_17981	ordinary	p7e	8f257f010fdd183f	8f257f010fdd183f	31d2ad4e84a4f27d	4b57e7b085aec90a	10	10	v0 + (-0x1) * v1 + (v0 & 0x2 * v0 & (-0x1) * v0)	v0 + (-0x1) * v1 + (v0 & 0x2 * v0 & (-0x1) * v0)
loki_tiny.csv	17981	2	edge2_p9l_loki_tiny_csv_17981	p7e	retained	8f257f010fdd183f	a4cfaed11e2fee97	65b85806393938d5	02be36702eb3fd76	10	4	v0 + (-0x1) * v1 + (v0 & 0x2 * v0 & (-0x1) * v0)	v0 + (-0x1) * v1
loki_tiny.csv	18104	0	edge0_source_ordinary_loki_tiny_csv_18104	source	ordinary	cc8d14aeb61bb8a8	f2ead8e8e4717b89	fa5574aab700e960	2ed32b6198e66e13	46	11	~ (((~ (~ (~ v0 & (v0 & ~ (~ ((-0x1) * v1) | v1 & v1 + v1)))) + (-0x1) * ~ (~ ((-0x1) * v1) | v1 & v1 + v1)) + (~ (v0 + (-0x1) * (~ (v0 | v1) & v1)) + v1)) + (-0x1) * v1)	v0 + (-0x1) * v1 + (-0x1) * (v1 & 0x2 * v1 & (-0x1) * v1)
loki_tiny.csv	18104	1	edge1_ordinary_p7e_loki_tiny_csv_18104	ordinary	p7e	f2ead8e8e4717b89	f2ead8e8e4717b89	83177e2b23a3af21	cd4a97a00f17e86a	11	11	v0 + (-0x1) * v1 + (-0x1) * (v1 & 0x2 * v1 & (-0x1) * v1)	v0 + (-0x1) * v1 + (-0x1) * (v1 & 0x2 * v1 & (-0x1) * v1)
loki_tiny.csv	18104	2	edge2_p9l_loki_tiny_csv_18104	p7e	retained	f2ead8e8e4717b89	a4cfaed11e2fee97	1a38cd9249fac75f	dfd8a695fbcdaa76	11	4	v0 + (-0x1) * v1 + (-0x1) * (v1 & 0x2 * v1 & (-0x1) * v1)	v0 + (-0x1) * v1
loki_tiny.csv	18200	0	edge0_source_ordinary_loki_tiny_csv_18200	source	ordinary	cf9d361bd8df45f3	6ffb41b8ec7fb18e	1dc3c185b9404548	b410fbc1e66179e5	47	21	(v0 | ~ v0) + (-0x1) * ~ ((v0 | ~ (v0 | ~ ((-0x1) * v0 | ~ (v0 + v0)))) + ((v0 + (-0x1) * v1) + (-0x1) * ~ (~ (v0 + (-0x1) * v1) & ~ (~ (v0 + (-0x1) * v1) | (-0x1) * ~ (v0 + (-0x1) * v1)))))	(-0x1) * v0 + (-0x1) * v1 + (-0x1) * (v0 & 0x2 * v0 & (-0x1) * v0) + (v0 & 0x2 * v0) + (0x2 * v0 & (-0x1) * v0)
loki_tiny.csv	18200	1	edge1_ordinary_p7e_loki_tiny_csv_18200	ordinary	p7e	6ffb41b8ec7fb18e	6ffb41b8ec7fb18e	4e97882b99ca34a1	59ad07d1c5c421fa	21	21	(-0x1) * v0 + (-0x1) * v1 + (-0x1) * (v0 & 0x2 * v0 & (-0x1) * v0) + (v0 & 0x2 * v0) + (0x2 * v0 & (-0x1) * v0)	(-0x1) * v0 + (-0x1) * v1 + (-0x1) * (v0 & 0x2 * v0 & (-0x1) * v0) + (v0 & 0x2 * v0) + (0x2 * v0 & (-0x1) * v0)
loki_tiny.csv	18200	2	edge2_p9l_loki_tiny_csv_18200	p7e	retained	6ffb41b8ec7fb18e	a4cfaed11e2fee97	127048183c27770e	1171bf2a37bc6cab	21	4	(-0x1) * v0 + (-0x1) * v1 + (-0x1) * (v0 & 0x2 * v0 & (-0x1) * v0) + (v0 & 0x2 * v0) + (0x2 * v0 & (-0x1) * v0)	v0 + (-0x1) * v1
loki_tiny.csv	18437	0	edge0_source_ordinary_loki_tiny_csv_18437	source	ordinary	0adbbdb8a016ad78	6b45d5980529ed6c	a6c940fbd13151e7	3b0ad4daf522cc16	50	20	((~ v0 ^ ~ v1) ^ v1 | ~ (((v0 ^ ~ (~ (v1 | ~ v1))) ^ ~ v1) ^ v1)) + (((~ v0 ^ ~ v1) ^ v1) + ((-0x1) * ~ ((-0x1) * v1) & (-0x1) * ~ ((-0x1) * v1) + ~ (~ ((-0x1) * v1) | (-0x1) * ~ ((-0x1) * v1))))	v0 + (-0x1) + (0x1 + (-0x2) * v1 + (-0x1) * ((-0x1) * v1 & 0x1 + (-0x1) * v1) & 0x1 + (-0x1) * v1)
loki_tiny.csv	18437	1	edge1_ordinary_p7e_loki_tiny_csv_18437	ordinary	p7e	6b45d5980529ed6c	6b45d5980529ed6c	ac193c3b926de02f	7a4eddcef3c0b640	20	20	v0 + (-0x1) + (0x1 + (-0x2) * v1 + (-0x1) * ((-0x1) * v1 & 0x1 + (-0x1) * v1) & 0x1 + (-0x1) * v1)	v0 + (-0x1) + (0x1 + (-0x2) * v1 + (-0x1) * ((-0x1) * v1 & 0x1 + (-0x1) * v1) & 0x1 + (-0x1) * v1)
loki_tiny.csv	18437	2	edge2_p9l_loki_tiny_csv_18437	p7e	retained	6b45d5980529ed6c	a4cfaed11e2fee97	04002f0000dd4728	e97020fd5f48d99b	20	4	v0 + (-0x1) + (0x1 + (-0x2) * v1 + (-0x1) * ((-0x1) * v1 & 0x1 + (-0x1) * v1) & 0x1 + (-0x1) * v1)	v0 + (-0x1) * v1
loki_tiny.csv	18523	0	edge0_source_ordinary_loki_tiny_csv_18523	source	ordinary	7004d5db763bbcf6	197922acd8c6078c	fc16614a076bbcc7	81bb9d48bb1ffbe4	52	15	(-0x1) * ((-0x1) * v0 + (~ (v0 | ~ v0) ^ v1)) & (-0x1) * ~ (~ ((-0x1) * v0 + (~ (~ (~ (v0 | ~ v0) ^ v1) ^ v1) ^ v1) & (-0x1) * ((-0x1) * v0 + (~ (v0 | v0 ^ ~ ((-0x1) * v0 & ~ (v0 | (-0x1) * v0))) ^ v1))))	(-0x1) * (v0 + (-0x1) * v1 & v1 + (-0x1) * v0) & v0 + (-0x1) * v1
loki_tiny.csv	18523	1	edge1_ordinary_p7e_loki_tiny_csv_18523	ordinary	p7e	197922acd8c6078c	197922acd8c6078c	5a407f0d4e8c1571	90c380e3e9f16452	15	15	(-0x1) * (v0 + (-0x1) * v1 & v1 + (-0x1) * v0) & v0 + (-0x1) * v1	(-0x1) * (v0 + (-0x1) * v1 & v1 + (-0x1) * v0) & v0 + (-0x1) * v1
loki_tiny.csv	18523	2	edge2_p9l_loki_tiny_csv_18523	p7e	retained	197922acd8c6078c	a4cfaed11e2fee97	3161893f70b8c916	2b2a52451d430ab9	15	4	(-0x1) * (v0 + (-0x1) * v1 & v1 + (-0x1) * v0) & v0 + (-0x1) * v1	v0 + (-0x1) * v1
loki_tiny.csv	18631	0	edge0_source_ordinary_loki_tiny_csv_18631	source	ordinary	5e1d872ebd66682c	6ef847f9965c8c8e	43a5112519f2c997	3b9ba017e77dead8	90	51	~ (~ (((-0x1) * v0 | (-0x1) * v0 & v1 + v1) + v1 & (-0x1) * (v0 + (-0x1) * ~ (~ (~ (v0 | v1) & v1) ^ v1))) + (-0x1) * ((-0x1) * v0 + v1 & (-0x1) * (v0 + (-0x1) * ~ (~ (~ (v0 | v1) & v1) ^ v1))) | (-0x1) * v0 + v1 & (-0x1) * (v0 + (-0x1) * ~ (~ (~ (v0 | v1) & v1) ^ v1))) | (-0x1) * ((-0x1) * v0 + v1 & (-0x1) * (v0 + (-0x1) * ~ (~ (~ (v0 | v1) & v1) ^ v1)))	v1 + (-0x1) * v0 + (-0x1) * (v0 + (-0x1) * v1 & v1 + (-0x1) * v0 & (-0x1) + 0x2 * v0 + (-0x2) * v1) + (v0 + (-0x1) * v1 & v1 + (-0x1) * v0) + (v0 + (-0x1) * v1 & (-0x1) + 0x2 * v0 + (-0x2) * v1) + (v1 + (-0x1) * v0 & (-0x1) + 0x2 * v0 + (-0x2) * v1)
loki_tiny.csv	18631	1	edge1_ordinary_p7e_loki_tiny_csv_18631	ordinary	p7e	6ef847f9965c8c8e	6ef847f9965c8c8e	75fd54a894404a13	40b61aa00d324614	51	51	v1 + (-0x1) * v0 + (-0x1) * (v0 + (-0x1) * v1 & v1 + (-0x1) * v0 & (-0x1) + 0x2 * v0 + (-0x2) * v1) + (v0 + (-0x1) * v1 & v1 + (-0x1) * v0) + (v0 + (-0x1) * v1 & (-0x1) + 0x2 * v0 + (-0x2) * v1) + (v1 + (-0x1) * v0 & (-0x1) + 0x2 * v0 + (-0x2) * v1)	v1 + (-0x1) * v0 + (-0x1) * (v0 + (-0x1) * v1 & v1 + (-0x1) * v0 & (-0x1) + 0x2 * v0 + (-0x2) * v1) + (v0 + (-0x1) * v1 & v1 + (-0x1) * v0) + (v0 + (-0x1) * v1 & (-0x1) + 0x2 * v0 + (-0x2) * v1) + (v1 + (-0x1) * v0 & (-0x1) + 0x2 * v0 + (-0x2) * v1)
loki_tiny.csv	18631	2	edge2_p9l_loki_tiny_csv_18631	p7e	retained	6ef847f9965c8c8e	a4cfaed11e2fee97	594281595fe7e00c	aab124b7876ecc59	51	4	v1 + (-0x1) * v0 + (-0x1) * (v0 + (-0x1) * v1 & v1 + (-0x1) * v0 & (-0x1) + 0x2 * v0 + (-0x2) * v1) + (v0 + (-0x1) * v1 & v1 + (-0x1) * v0) + (v0 + (-0x1) * v1 & (-0x1) + 0x2 * v0 + (-0x2) * v1) + (v1 + (-0x1) * v0 & (-0x1) + 0x2 * v0 + (-0x2) * v1)	v0 + (-0x1) * v1
loki_tiny.csv	18685	0	edge0_source_ordinary_loki_tiny_csv_18685	source	ordinary	6b24f856f4e8d561	cdbee45ef21a6ff2	56ee449920e30ae6	d74df87773f5d6a5	46	18	(v0 | (v0 | v1) + (-0x1) * (~ ((-0x1) * ~ ((-0x1) * ~ (~ v1 & ~ (v1 & (-0x1) * v1)) & v1 + v1)) + (-0x1) * ~ ((-0x1) * v1 & v1 + v1) & (v1 & ~ ((-0x1) * v1 & v1 + v1)))) + (-0x1) * v1	v0 + (-0x1) * v1 + (-0x1) * (v0 & v1 & 0x2 * v1 & (-0x1) * v1) + (v1 & 0x2 * v1 & (-0x1) * v1)
loki_tiny.csv	18685	1	edge1_ordinary_p7e_loki_tiny_csv_18685	ordinary	p7e	cdbee45ef21a6ff2	cdbee45ef21a6ff2	23b08d63341c4bfd	f1cfc462a065beb6	18	18	v0 + (-0x1) * v1 + (-0x1) * (v0 & v1 & 0x2 * v1 & (-0x1) * v1) + (v1 & 0x2 * v1 & (-0x1) * v1)	v0 + (-0x1) * v1 + (-0x1) * (v0 & v1 & 0x2 * v1 & (-0x1) * v1) + (v1 & 0x2 * v1 & (-0x1) * v1)
loki_tiny.csv	18685	2	edge2_p9l_loki_tiny_csv_18685	p7e	retained	cdbee45ef21a6ff2	a4cfaed11e2fee97	34a8cf7493def9ea	446960beda947a03	18	4	v0 + (-0x1) * v1 + (-0x1) * (v0 & v1 & 0x2 * v1 & (-0x1) * v1) + (v1 & 0x2 * v1 & (-0x1) * v1)	v0 + (-0x1) * v1
loki_tiny.csv	18731	0	edge0_source_ordinary_loki_tiny_csv_18731	source	ordinary	6a7cca7e178bc2ff	1ad04fc0a5f998c5	8709ce12794638b7	a497b67fc4fae9a4	74	26	(((~ v0 + (-0x1) * v1) + (-0x1) * ~ ((-0x1) * ~ (~ (~ (v0 + v0) & (-0x1) * (~ (v0 + v0) & (-0x1) * ~ (v0 + v0)))))) + (-0x1) * ~ (~ (~ (v0 + v0) & (-0x1) * (~ (v0 + v0) & (-0x1) * ~ (v0 + v0))))) + ~ ((-0x1) * ~ (~ ((-0x1) * (~ (v0 + v0) & (-0x1) * ~ (v0 + v0)) & ~ (v0 + (v0 | ~ (v0 | ~ v0))))))	v0 + (-0x1) * v1 + (-0x1) * (0x2 * v0 & 0x1 + 0x2 * v0) + (0x2 * v0 & (-0x1) + (-0x2) * v0 + (0x2 * v0 & 0x1 + 0x2 * v0))
loki_tiny.csv	18731	1	edge1_ordinary_p7e_loki_tiny_csv_18731	ordinary	p7e	1ad04fc0a5f998c5	56661808ab44687d	1c365de1416fdefd	e1cde4c9b9b9d146	26	6	v0 + (-0x1) * v1 + (-0x1) * (0x2 * v0 & 0x1 + 0x2 * v0) + (0x2 * v0 & (-0x1) + (-0x2) * v0 + (0x2 * v0 & 0x1 + 0x2 * v0))	(v0) + (-0x1) * (v1)
loki_tiny.csv	18731	2	edge2_p7e_loki_tiny_csv_18731	p7e	retained	56661808ab44687d	56661808ab44687d	7bd6f669d22b2e55	b93d635c8c9e4e62	6	6	(v0) + (-0x1) * (v1)	(v0) + (-0x1) * (v1)
loki_tiny.csv	19290	0	edge0_source_ordinary_loki_tiny_csv_19290	source	ordinary	a79175ae27289382	facac9d1bad84044	04f6bd15f23f2489	0fd9c554b57da54e	101	63	(~ (~ v0 & (~ v0 | v1)) + v1) + ~ (((v0 + (-0x1) * (v1 + (~ ((-0x1) * v1) + (-0x1) * ~ ((-0x1) * v1 + ~ ((-0x1) * v1))))) + (-0x1) * (v1 + ~ ((-0x1) * v1)) | ((v0 + (-0x1) * (v1 + (~ ((-0x1) * v1) + (-0x1) * ~ ((-0x1) * v1 + ~ ((-0x1) * v1))))) + (-0x1) * (v1 + ~ ((-0x1) * v1))) + ~ (~ (~ ((v0 + (-0x1) * (v1 + (~ ((-0x1) * v1) + (-0x1) * ~ ((-0x1) * v1 + ~ ((-0x1) * v1))))) + (-0x1) * (v1 + ~ ((-0x1) * v1))) & v1 + ~ ((-0x1) * v1)))) & v1 + ~ ((-0x1) * v1))	v0 + v1 + (-0x1) + (-0x1) * (v0 + 0x1 + (-0x2) * v1 + (-0x1) * (v0 + 0x2 + (-0x4) * v1 & (-0x1) + 0x2 * v1) & (-0x1) + 0x2 * v1) + (-0x1) * (v0 + 0x2 + (-0x4) * v1 & (-0x1) + 0x2 * v1) + (v0 + 0x1 + (-0x2) * v1 + (-0x1) * (v0 + 0x2 + (-0x4) * v1 & (-0x1) + 0x2 * v1) & v0 + 0x2 + (-0x4) * v1 & (-0x1) + 0x2 * v1)
loki_tiny.csv	19290	1	edge1_ordinary_p7e_loki_tiny_csv_19290	ordinary	p7e	facac9d1bad84044	56661808ab44687d	d048429f444607ec	d787eb522815c589	63	6	v0 + v1 + (-0x1) + (-0x1) * (v0 + 0x1 + (-0x2) * v1 + (-0x1) * (v0 + 0x2 + (-0x4) * v1 & (-0x1) + 0x2 * v1) & (-0x1) + 0x2 * v1) + (-0x1) * (v0 + 0x2 + (-0x4) * v1 & (-0x1) + 0x2 * v1) + (v0 + 0x1 + (-0x2) * v1 + (-0x1) * (v0 + 0x2 + (-0x4) * v1 & (-0x1) + 0x2 * v1) & v0 + 0x2 + (-0x4) * v1 & (-0x1) + 0x2 * v1)	(v0) + (-0x1) * (v1)
loki_tiny.csv	19290	2	edge2_p7e_loki_tiny_csv_19290	p7e	retained	56661808ab44687d	56661808ab44687d	7bd6f669d22b2e55	b93d635c8c9e4e62	6	6	(v0) + (-0x1) * (v1)	(v0) + (-0x1) * (v1)
loki_tiny.csv	19299	0	edge0_source_ordinary_loki_tiny_csv_19299	source	ordinary	fd6737912e6b398c	b91347740ab954f4	cbd5793ef3ed70b3	d488434c4735f334	40	39	(-0x1) * (((-0x1) * v0 + (~ ((-0x1) * v0) ^ ~ (v0 & ~ v0))) + ((-0x1) * (~ (~ ((-0x1) * v0 + (v0 + v0)) + (-0x1) * v1 & ~ (v0 + v1)) & (-0x1) * (v0 + v1)) & v0 + v1))	v0 + (-0x1) * v1 + (-0x1) * ((-0x1) + (-0x1) * v0 + (-0x1) * v1 & (-0x1) * v0 + (-0x1) * v1) + (v0 + v1 + ((-0x1) + (-0x1) * v0 + (-0x1) * v1 & (-0x1) * v0 + (-0x1) * v1) & (-0x1) + (-0x1) * v0 + (-0x1) * v1)
loki_tiny.csv	19299	1	edge1_ordinary_p7e_loki_tiny_csv_19299	ordinary	p7e	b91347740ab954f4	56661808ab44687d	a26e70de6b8537cc	fb83c9661eb3bcd1	39	6	v0 + (-0x1) * v1 + (-0x1) * ((-0x1) + (-0x1) * v0 + (-0x1) * v1 & (-0x1) * v0 + (-0x1) * v1) + (v0 + v1 + ((-0x1) + (-0x1) * v0 + (-0x1) * v1 & (-0x1) * v0 + (-0x1) * v1) & (-0x1) + (-0x1) * v0 + (-0x1) * v1)	(v0) + (-0x1) * (v1)
loki_tiny.csv	19299	2	edge2_p7e_loki_tiny_csv_19299	p7e	retained	56661808ab44687d	56661808ab44687d	7bd6f669d22b2e55	b93d635c8c9e4e62	6	6	(v0) + (-0x1) * (v1)	(v0) + (-0x1) * (v1)
loki_tiny.csv	19329	0	edge0_source_ordinary_loki_tiny_csv_19329	source	ordinary	21822e415999e22c	01fab17d753e4f08	797328a6306b077b	02e1fa8d17f3e414	60	54	~ ((v0 ^ ~ v0) & ~ (v0 + (-0x1) * v1 & (v0 + (-0x1) * v1) + ~ (v0 + (-0x1) * v1 & (v0 + (-0x1) * v1) + (v0 + (-0x1) * v1 | (-0x1) * (v0 + ~ (~ ((-0x1) * v1) & ~ (v1 & ~ v1)))) | (-0x1) * (v0 + (-0x1) * (v1 | ~ (~ (v1 & ~ ((-0x1) * v1))))))))	v0 + (-0x1) * v1 & (-0x1) + 0x2 * v0 + (-0x2) * v1 + (-0x1) * (v0 + (-0x1) * v1 & v0 + (-0x1) * v1 + (-0x1) * (v0 + (-0x1) * v1 & v1 + (-0x1) * v0)) + (v0 + (-0x1) * v1 & v0 + (-0x1) * v1 + (-0x1) * (v0 + (-0x1) * v1 & v1 + (-0x1) * v0) & v1 + (-0x1) * v0)
loki_tiny.csv	19329	1	edge1_ordinary_p7e_loki_tiny_csv_19329	ordinary	p7e	01fab17d753e4f08	01fab17d753e4f08	05f50162d9704771	054903002e641516	54	54	v0 + (-0x1) * v1 & (-0x1) + 0x2 * v0 + (-0x2) * v1 + (-0x1) * (v0 + (-0x1) * v1 & v0 + (-0x1) * v1 + (-0x1) * (v0 + (-0x1) * v1 & v1 + (-0x1) * v0)) + (v0 + (-0x1) * v1 & v0 + (-0x1) * v1 + (-0x1) * (v0 + (-0x1) * v1 & v1 + (-0x1) * v0) & v1 + (-0x1) * v0)	v0 + (-0x1) * v1 & (-0x1) + 0x2 * v0 + (-0x2) * v1 + (-0x1) * (v0 + (-0x1) * v1 & v0 + (-0x1) * v1 + (-0x1) * (v0 + (-0x1) * v1 & v1 + (-0x1) * v0)) + (v0 + (-0x1) * v1 & v0 + (-0x1) * v1 + (-0x1) * (v0 + (-0x1) * v1 & v1 + (-0x1) * v0) & v1 + (-0x1) * v0)
loki_tiny.csv	19329	2	edge2_p9l_loki_tiny_csv_19329	p7e	retained	01fab17d753e4f08	a4cfaed11e2fee97	4797d3763fe2da76	1dd99fb8d4255751	54	4	v0 + (-0x1) * v1 & (-0x1) + 0x2 * v0 + (-0x2) * v1 + (-0x1) * (v0 + (-0x1) * v1 & v0 + (-0x1) * v1 + (-0x1) * (v0 + (-0x1) * v1 & v1 + (-0x1) * v0)) + (v0 + (-0x1) * v1 & v0 + (-0x1) * v1 + (-0x1) * (v0 + (-0x1) * v1 & v1 + (-0x1) * v0) & v1 + (-0x1) * v0)	v0 + (-0x1) * v1
loki_tiny.csv	19565	0	edge0_source_ordinary_loki_tiny_csv_19565	source	ordinary	3cefbd673e5bee9c	089010014539b442	3315d7fb16a8db9f	ff5084677bfb75c6	193	29	(~ (((~ (~ v0 + (-0x1) * (~ v0 + (-0x1) * ~ (v0 + (-0x1) * v1)) | (-0x1) * v0) ^ (-0x1) * v0) & (-0x1) * v0) + (~ v0 + (-0x1) * (~ v0 + (-0x1) * ~ (v0 + (-0x1) * ~ (~ (v1 | ~ (~ (v1 & ~ v1)))))))) | (-0x1) * (((~ (~ v0 + (-0x1) * (~ v0 + (-0x1) * ~ (v0 + (-0x1) * v1)) | (-0x1) * v0) ^ (-0x1) * v0) & (-0x1) * v0) + (~ v0 + (-0x1) * (~ v0 + (-0x1) * ~ (v0 + (-0x1) * ~ (~ (v1 | ~ (~ (v1 & ~ v1)))))))) + (((~ (~ v0 + (-0x1) * (~ v0 + (-0x1) * ~ (v0 + (-0x1) * v1)) | (-0x1) * v0) ^ (-0x1) * v0) & (-0x1) * v0) + (~ v0 + (-0x1) * (~ v0 + (-0x1) * ~ (v0 + (-0x1) * ~ (~ (v1 | ~ (~ (v1 & ~ v1))))))) | (-0x1) * (((~ (~ v0 + (-0x1) * (~ v0 + (-0x1) * ~ (v0 + (-0x1) * v1)) | (-0x1) * v0) ^ (-0x1) * v0) & (-0x1) * v0) + (~ v0 + (-0x1) * (~ v0 + (-0x1) * ~ (v0 + (-0x1) * ~ (~ (v1 | ~ (~ (v1 & ~ v1)))))))))) + (-0x1) * v0	v0 + (-0x1) * v1 + (v1 + (-0x1) + (-0x2) * v0 & 0x1 + 0x2 * v0 + (-0x1) * v1 + (-0x1) * (v1 + (-0x1) + (-0x2) * v0 & 0x1 + 0x2 * v0 + (-0x1) * v1))
loki_tiny.csv	19565	1	edge1_ordinary_p7e_loki_tiny_csv_19565	ordinary	p7e	089010014539b442	089010014539b442	5a60d9fdbd342871	b101e09e353e893a	29	29	v0 + (-0x1) * v1 + (v1 + (-0x1) + (-0x2) * v0 & 0x1 + 0x2 * v0 + (-0x1) * v1 + (-0x1) * (v1 + (-0x1) + (-0x2) * v0 & 0x1 + 0x2 * v0 + (-0x1) * v1))	v0 + (-0x1) * v1 + (v1 + (-0x1) + (-0x2) * v0 & 0x1 + 0x2 * v0 + (-0x1) * v1 + (-0x1) * (v1 + (-0x1) + (-0x2) * v0 & 0x1 + 0x2 * v0 + (-0x1) * v1))
loki_tiny.csv	19565	2	edge2_p9l_loki_tiny_csv_19565	p7e	retained	089010014539b442	a4cfaed11e2fee97	220c7a814230dc72	fcf8390f6bbea597	29	4	v0 + (-0x1) * v1 + (v1 + (-0x1) + (-0x2) * v0 & 0x1 + 0x2 * v0 + (-0x1) * v1 + (-0x1) * (v1 + (-0x1) + (-0x2) * v0 & 0x1 + 0x2 * v0 + (-0x1) * v1))	v0 + (-0x1) * v1
loki_tiny.csv	19597	0	edge0_source_ordinary_loki_tiny_csv_19597	source	ordinary	36bd43e6cc25ffb6	2b2f5744408b4d68	da47fbcfd710aaaf	88956a2d84c8b3ac	44	11	v0 + ~ ((-0x1) * v1 ^ ~ ((-0x1) * v1) + ((-0x1) * v1 + (-0x1) * ~ ((-0x1) * v1 ^ ~ (((-0x1) * v1 & v1 + ((-0x1) * v1 + ~ ((-0x1) * (v1 + v1) & (v1 & (-0x1) * (v1 + v1))))) & (v1 | ~ v1)))))	v0 + (-0x1) * v1 + (-0x1) * (v1 & (-0x2) * v1 & (-0x1) * v1)
loki_tiny.csv	19597	1	edge1_ordinary_p7e_loki_tiny_csv_19597	ordinary	p7e	2b2f5744408b4d68	2b2f5744408b4d68	111d9b0effc3bff9	67287484cb3138fa	11	11	v0 + (-0x1) * v1 + (-0x1) * (v1 & (-0x2) * v1 & (-0x1) * v1)	v0 + (-0x1) * v1 + (-0x1) * (v1 & (-0x2) * v1 & (-0x1) * v1)
loki_tiny.csv	19597	2	edge2_p9l_loki_tiny_csv_19597	p7e	retained	2b2f5744408b4d68	a4cfaed11e2fee97	a3e0c7c08d6bcde4	42e39b3125c2d3b5	11	4	v0 + (-0x1) * v1 + (-0x1) * (v1 & (-0x2) * v1 & (-0x1) * v1)	v0 + (-0x1) * v1
loki_tiny.csv	19704	0	edge0_source_ordinary_loki_tiny_csv_19704	source	ordinary	2fdc253010bd5121	568782af8bbd69e7	7e4daceb31717457	20cc67c7db517482	52	29	v0 + (~ v0 + (-0x1) * ~ (v0 + ((-0x1) * ((-0x1) * ~ (~ v1 + (-0x1) * v1 ^ ~ v1 + (-0x1) * v1 & (v1 ^ ~ (~ (v1 & ~ v1)))) + (v1 ^ ~ (~ (v1 & ~ v1)))) | (-0x1) * v1 + ~ (v1 | (v1 | ~ v1)))))	v0 + v1 + (-0x1) * (v1 & (-0x1) * v1 & (-0x1) + (-0x2) * v1) + (v1 & (-0x1) * v1) + (v1 & (-0x1) + (-0x2) * v1) + ((-0x1) * v1 & (-0x1) + (-0x2) * v1)
loki_tiny.csv	19704	1	edge1_ordinary_p7e_loki_tiny_csv_19704	ordinary	p7e	568782af8bbd69e7	568782af8bbd69e7	60b15b9d5215042d	21e1401de8f988f2	29	29	v0 + v1 + (-0x1) * (v1 & (-0x1) * v1 & (-0x1) + (-0x2) * v1) + (v1 & (-0x1) * v1) + (v1 & (-0x1) + (-0x2) * v1) + ((-0x1) * v1 & (-0x1) + (-0x2) * v1)	v0 + v1 + (-0x1) * (v1 & (-0x1) * v1 & (-0x1) + (-0x2) * v1) + (v1 & (-0x1) * v1) + (v1 & (-0x1) + (-0x2) * v1) + ((-0x1) * v1 & (-0x1) + (-0x2) * v1)
loki_tiny.csv	19704	2	edge2_p9l_loki_tiny_csv_19704	p7e	retained	568782af8bbd69e7	a4cfaed11e2fee97	64e26650d15d9f6d	25aff6f628448fcc	29	4	v0 + v1 + (-0x1) * (v1 & (-0x1) * v1 & (-0x1) + (-0x2) * v1) + (v1 & (-0x1) * v1) + (v1 & (-0x1) + (-0x2) * v1) + ((-0x1) * v1 & (-0x1) + (-0x2) * v1)	v0 + (-0x1) * v1
loki_tiny.csv	19728	0	edge0_source_ordinary_loki_tiny_csv_19728	source	ordinary	5f6b3ab1e022ef5e	aa25fc54d7230f57	92c7b5c7aad832fc	777292f770e8be75	94	62	v0 + ((v0 + v0 | (-0x1) * ((-0x1) * v1 + (v1 + v1))) & (((~ (~ (v0 + v0 | (-0x1) * ((-0x1) * v1 + (v1 + v1))) | (-0x1) * ((-0x1) * v1 + (v1 + v1))) | (-0x1) * ((-0x1) * v1 + (v1 + v1))) ^ ~ ((v0 + v0 | (-0x1) * ((-0x1) * v1 + (v1 + v1))) & (-0x1) * (((-0x1) * v1 & (-0x1) * v1 + ~ ((-0x1) * v1 | v1 + v1)) + (v1 + v1)))) & (-0x1) * (((-0x1) * v1 & (-0x1) * v1 + ~ ((-0x1) * v1 | v1 + v1)) + (v1 + v1))))	v0 + (-0x1) * (0x2 * v0 & (-0x1) * v1 & (-0x2) * v1 + (-0x1) * ((-0x1) * v1 & (-0x1) + (-0x2) * v1 + (0x2 * v1 & (-0x1) * v1))) + (0x2 * v0 & (-0x2) * v1 + (-0x1) * ((-0x1) * v1 & (-0x1) + (-0x2) * v1 + (0x2 * v1 & (-0x1) * v1))) + ((-0x1) * v1 & (-0x2) * v1 + (-0x1) * ((-0x1) * v1 & (-0x1) + (-0x2) * v1 + (0x2 * v1 & (-0x1) * v1)))
loki_tiny.csv	19728	1	edge1_ordinary_p7e_loki_tiny_csv_19728	ordinary	p7e	aa25fc54d7230f57	aa25fc54d7230f57	29f9ce05d336f0b5	d548db31c1f12ace	62	62	v0 + (-0x1) * (0x2 * v0 & (-0x1) * v1 & (-0x2) * v1 + (-0x1) * ((-0x1) * v1 & (-0x1) + (-0x2) * v1 + (0x2 * v1 & (-0x1) * v1))) + (0x2 * v0 & (-0x2) * v1 + (-0x1) * ((-0x1) * v1 & (-0x1) + (-0x2) * v1 + (0x2 * v1 & (-0x1) * v1))) + ((-0x1) * v1 & (-0x2) * v1 + (-0x1) * ((-0x1) * v1 & (-0x1) + (-0x2) * v1 + (0x2 * v1 & (-0x1) * v1)))	v0 + (-0x1) * (0x2 * v0 & (-0x1) * v1 & (-0x2) * v1 + (-0x1) * ((-0x1) * v1 & (-0x1) + (-0x2) * v1 + (0x2 * v1 & (-0x1) * v1))) + (0x2 * v0 & (-0x2) * v1 + (-0x1) * ((-0x1) * v1 & (-0x1) + (-0x2) * v1 + (0x2 * v1 & (-0x1) * v1))) + ((-0x1) * v1 & (-0x2) * v1 + (-0x1) * ((-0x1) * v1 & (-0x1) + (-0x2) * v1 + (0x2 * v1 & (-0x1) * v1)))
loki_tiny.csv	19728	2	edge2_p9l_loki_tiny_csv_19728	p7e	retained	aa25fc54d7230f57	a4cfaed11e2fee97	1160899db6937a59	b648f464c288cae0	62	4	v0 + (-0x1) * (0x2 * v0 & (-0x1) * v1 & (-0x2) * v1 + (-0x1) * ((-0x1) * v1 & (-0x1) + (-0x2) * v1 + (0x2 * v1 & (-0x1) * v1))) + (0x2 * v0 & (-0x2) * v1 + (-0x1) * ((-0x1) * v1 & (-0x1) + (-0x2) * v1 + (0x2 * v1 & (-0x1) * v1))) + ((-0x1) * v1 & (-0x2) * v1 + (-0x1) * ((-0x1) * v1 & (-0x1) + (-0x2) * v1 + (0x2 * v1 & (-0x1) * v1)))	v0 + (-0x1) * v1
loki_tiny.csv	19966	0	edge0_source_ordinary_loki_tiny_csv_19966	source	ordinary	12ee7e3616134709	1ff1cd3765dcf6c7	f32a53055a84a987	746cf0c128a4bfe6	80	118	(~ v0 | ~ (v0 + (-0x1) * (~ v0 + v1) ^ (-0x1) * (v0 + (-0x1) * (~ v0 + v1)) + ~ (v0 + (-0x1) * (~ v0 + v1) & ~ (~ (v0 & ~ (v0 + ((-0x1) * (~ v0 + v1) & ~ (~ v0 + v1 & (~ v0 + v1) + (~ v0 + v1))))))))) + (v0 + ((-0x1) * (~ v0 + v1) ^ ~ ((-0x1) * (~ v0 + v1) | ~ ((-0x1) * (~ v0 + v1)))))	0x2 * v0 + 0x2 * (v0 & v1 + (-0x2) + (-0x2) * v0 + (-0x1) * (v0 & 0x1 + 0x2 * v0 + (-0x1) * v1) + (v0 & 0x1 + 0x2 * v0 + (-0x1) * v1 & 0x1 + 0x2 * v0 + (-0x1) * v1 + (-0x1) * (v0 + 0x1 + (-0x1) * v1 & v1 + (-0x1) + (-0x1) * v0 & (-0x2) + 0x2 * v1 + (-0x2) * v0)) & 0x1 + 0x2 * v0 + (-0x1) * v1) + (-0x1) * v1 + (-0x1) * (v0 & v1 + (-0x2) + (-0x2) * v0 + (-0x1) * (v0 & 0x1 + 0x2 * v0 + (-0x1) * v1) + (v0 & 0x1 + 0x2 * v0 + (-0x1) * v1 & 0x1 + 0x2 * v0 + (-0x1) * v1 + (-0x1) * (v0 + 0x1 + (-0x1) * v1 & v1 + (-0x1) + (-0x1) * v0 & (-0x2) + 0x2 * v1 + (-0x2) * v0))) + (-0x1) * (v0 & 0x1 + 0x2 * v0 + (-0x1) * v1)
loki_tiny.csv	19966	1	edge1_ordinary_p7e_loki_tiny_csv_19966	ordinary	p7e	1ff1cd3765dcf6c7	1ff1cd3765dcf6c7	6ac7848f629466c5	8dfda53749fe53ea	118	118	0x2 * v0 + 0x2 * (v0 & v1 + (-0x2) + (-0x2) * v0 + (-0x1) * (v0 & 0x1 + 0x2 * v0 + (-0x1) * v1) + (v0 & 0x1 + 0x2 * v0 + (-0x1) * v1 & 0x1 + 0x2 * v0 + (-0x1) * v1 + (-0x1) * (v0 + 0x1 + (-0x1) * v1 & v1 + (-0x1) + (-0x1) * v0 & (-0x2) + 0x2 * v1 + (-0x2) * v0)) & 0x1 + 0x2 * v0 + (-0x1) * v1) + (-0x1) * v1 + (-0x1) * (v0 & v1 + (-0x2) + (-0x2) * v0 + (-0x1) * (v0 & 0x1 + 0x2 * v0 + (-0x1) * v1) + (v0 & 0x1 + 0x2 * v0 + (-0x1) * v1 & 0x1 + 0x2 * v0 + (-0x1) * v1 + (-0x1) * (v0 + 0x1 + (-0x1) * v1 & v1 + (-0x1) + (-0x1) * v0 & (-0x2) + 0x2 * v1 + (-0x2) * v0))) + (-0x1) * (v0 & 0x1 + 0x2 * v0 + (-0x1) * v1)	0x2 * v0 + 0x2 * (v0 & v1 + (-0x2) + (-0x2) * v0 + (-0x1) * (v0 & 0x1 + 0x2 * v0 + (-0x1) * v1) + (v0 & 0x1 + 0x2 * v0 + (-0x1) * v1 & 0x1 + 0x2 * v0 + (-0x1) * v1 + (-0x1) * (v0 + 0x1 + (-0x1) * v1 & v1 + (-0x1) + (-0x1) * v0 & (-0x2) + 0x2 * v1 + (-0x2) * v0)) & 0x1 + 0x2 * v0 + (-0x1) * v1) + (-0x1) * v1 + (-0x1) * (v0 & v1 + (-0x2) + (-0x2) * v0 + (-0x1) * (v0 & 0x1 + 0x2 * v0 + (-0x1) * v1) + (v0 & 0x1 + 0x2 * v0 + (-0x1) * v1 & 0x1 + 0x2 * v0 + (-0x1) * v1 + (-0x1) * (v0 + 0x1 + (-0x1) * v1 & v1 + (-0x1) + (-0x1) * v0 & (-0x2) + 0x2 * v1 + (-0x2) * v0))) + (-0x1) * (v0 & 0x1 + 0x2 * v0 + (-0x1) * v1)
loki_tiny.csv	19966	2	edge2_p9l_loki_tiny_csv_19966	p7e	retained	1ff1cd3765dcf6c7	a4cfaed11e2fee97	2a9c0c43133904c9	af4c14c6f763274e	118	4	0x2 * v0 + 0x2 * (v0 & v1 + (-0x2) + (-0x2) * v0 + (-0x1) * (v0 & 0x1 + 0x2 * v0 + (-0x1) * v1) + (v0 & 0x1 + 0x2 * v0 + (-0x1) * v1 & 0x1 + 0x2 * v0 + (-0x1) * v1 + (-0x1) * (v0 + 0x1 + (-0x1) * v1 & v1 + (-0x1) + (-0x1) * v0 & (-0x2) + 0x2 * v1 + (-0x2) * v0)) & 0x1 + 0x2 * v0 + (-0x1) * v1) + (-0x1) * v1 + (-0x1) * (v0 & v1 + (-0x2) + (-0x2) * v0 + (-0x1) * (v0 & 0x1 + 0x2 * v0 + (-0x1) * v1) + (v0 & 0x1 + 0x2 * v0 + (-0x1) * v1 & 0x1 + 0x2 * v0 + (-0x1) * v1 + (-0x1) * (v0 + 0x1 + (-0x1) * v1 & v1 + (-0x1) + (-0x1) * v0 & (-0x2) + 0x2 * v1 + (-0x2) * v0))) + (-0x1) * (v0 & 0x1 + 0x2 * v0 + (-0x1) * v1)	v0 + (-0x1) * v1
loki_tiny.csv	19996	0	edge0_source_ordinary_loki_tiny_csv_19996	source	ordinary	8cce54556f6b89aa	5fe88d86ecce2cbf	8830f64f5786b0f0	f076c44ee16f3ff7	79	40	~ (((v0 + ~ (v0 + v0)) + (((v0 + ~ (v0 + v0)) + ~ (v0 + ~ (v0 + v0)) & v1 ^ v1) ^ v1)) + (-0x1) * ((v0 + ~ (v0 + v0)) + v1 & (-0x1) * ~ ((-0x1) * ((v0 + ~ (v0 + v0)) + v1)) + ~ ((v0 + ~ (v0 + v0)) + v1 & ~ ((v0 + ~ (v0 + v0)) + v1))) | (v0 + ~ (v0 + v0)) + v1)	0x1 + 0x2 * v0 + (-0x2) * v1 + (v0 + 0x1 + (-0x1) * v1 & v1 + (-0x1) + (-0x1) * v0) + (v1 + (-0x1) + (-0x1) * v0 & v1 + (-0x1) + (-0x1) * v0 + (-0x1) * (v0 + 0x1 + (-0x1) * v1 & v1 + (-0x1) + (-0x1) * v0))
loki_tiny.csv	19996	1	edge1_ordinary_p7e_loki_tiny_csv_19996	ordinary	p7e	5fe88d86ecce2cbf	56661808ab44687d	f1c02394687d8217	78366d8a0dbebc2a	40	6	0x1 + 0x2 * v0 + (-0x2) * v1 + (v0 + 0x1 + (-0x1) * v1 & v1 + (-0x1) + (-0x1) * v0) + (v1 + (-0x1) + (-0x1) * v0 & v1 + (-0x1) + (-0x1) * v0 + (-0x1) * (v0 + 0x1 + (-0x1) * v1 & v1 + (-0x1) + (-0x1) * v0))	(v0) + (-0x1) * (v1)
loki_tiny.csv	19996	2	edge2_p7e_loki_tiny_csv_19996	p7e	retained	56661808ab44687d	56661808ab44687d	7bd6f669d22b2e55	b93d635c8c9e4e62	6	6	(v0) + (-0x1) * (v1)	(v0) + (-0x1) * (v1)
loki_tiny.csv	22103	0	edge0_source_ordinary_loki_tiny_csv_22103	source	ordinary	65c4a15ac98d1072	adb287436fb0b539	f1fe725825b88012	ad074b15bf46d281	46	68	~ ((-0x1) * (v0 | v1) + ~ (~ ((-0x1) * (v0 | v1) & (-0x1) * ((v0 | v1) + (v0 | v1))) + (-0x1) * ((v0 | v1) | ~ ((-0x1) * (v0 | v1) & (-0x1) * ((v0 | v1) + (v0 | v1))))) | v0 ^ ~ v1)	v0 + v1 + 0x2 * (v0 & v1 & 0x2 * (v0 & v1) + (-0x2) * v0 + (-0x2) * v1 & (-0x1) * v0 + (-0x1) * v1 + (v0 & v1)) + (-0x2) * (v0 & v1) + (-0x1) * (v0 & 0x2 * (v0 & v1) + (-0x2) * v0 + (-0x2) * v1 & (-0x1) * v0 + (-0x1) * v1 + (v0 & v1)) + (-0x1) * (v1 & 0x2 * (v0 & v1) + (-0x2) * v0 + (-0x2) * v1 & (-0x1) * v0 + (-0x1) * v1 + (v0 & v1))
loki_tiny.csv	22103	1	edge1_ordinary_p7e_loki_tiny_csv_22103	ordinary	p7e	adb287436fb0b539	adb287436fb0b539	7b7102d9258b9459	c74bcd14f8ad689e	68	68	v0 + v1 + 0x2 * (v0 & v1 & 0x2 * (v0 & v1) + (-0x2) * v0 + (-0x2) * v1 & (-0x1) * v0 + (-0x1) * v1 + (v0 & v1)) + (-0x2) * (v0 & v1) + (-0x1) * (v0 & 0x2 * (v0 & v1) + (-0x2) * v0 + (-0x2) * v1 & (-0x1) * v0 + (-0x1) * v1 + (v0 & v1)) + (-0x1) * (v1 & 0x2 * (v0 & v1) + (-0x2) * v0 + (-0x2) * v1 & (-0x1) * v0 + (-0x1) * v1 + (v0 & v1))	v0 + v1 + 0x2 * (v0 & v1 & 0x2 * (v0 & v1) + (-0x2) * v0 + (-0x2) * v1 & (-0x1) * v0 + (-0x1) * v1 + (v0 & v1)) + (-0x2) * (v0 & v1) + (-0x1) * (v0 & 0x2 * (v0 & v1) + (-0x2) * v0 + (-0x2) * v1 & (-0x1) * v0 + (-0x1) * v1 + (v0 & v1)) + (-0x1) * (v1 & 0x2 * (v0 & v1) + (-0x2) * v0 + (-0x2) * v1 & (-0x1) * v0 + (-0x1) * v1 + (v0 & v1))
loki_tiny.csv	22103	2	edge2_p9l_loki_tiny_csv_22103	p7e	retained	adb287436fb0b539	6e1d2aff68e3620d	184987b347b3f7ad	dc9c86ca9bda903a	68	7	v0 + v1 + 0x2 * (v0 & v1 & 0x2 * (v0 & v1) + (-0x2) * v0 + (-0x2) * v1 & (-0x1) * v0 + (-0x1) * v1 + (v0 & v1)) + (-0x2) * (v0 & v1) + (-0x1) * (v0 & 0x2 * (v0 & v1) + (-0x2) * v0 + (-0x2) * v1 & (-0x1) * v0 + (-0x1) * v1 + (v0 & v1)) + (-0x1) * (v1 & 0x2 * (v0 & v1) + (-0x2) * v0 + (-0x2) * v1 & (-0x1) * v0 + (-0x1) * v1 + (v0 & v1))	v0 + v1 + (-0x2) * (v0 & v1)
loki_tiny.csv	23004	0	edge0_source_ordinary_loki_tiny_csv_23004	source	ordinary	5a0bb7d9b3102cbf	2b6580d42143bfc7	ff5bf4852c644add	d54cb7606ade89ac	61	52	~ v0 ^ ~ (((~ v0 & v1) & v1 ^ v1) + (~ ((v0 & ~ (~ (v0 | v0 ^ v1))) & ~ ((-0x1) * (v0 & ~ (~ (v0 | v0 ^ v1))) & (-0x1) * (v0 & ~ (~ (v0 | v0 ^ v1))) + (-0x1) * (v0 & ~ (~ (v0 | v0 ^ v1))))) & v1) | v1)	v0 + 0x2 * v1 + 0x2 * (v0 & v1 & v1 + (v0 & v1 & (-0x2) * v0 & (-0x1) * v0)) + (-0x2) * (v0 & v1) + (-0x2) * (v0 & v1 + (v0 & v1 & (-0x2) * v0 & (-0x1) * v0)) + (-0x1) * (v1 & v1 + (v0 & v1 & (-0x2) * v0 & (-0x1) * v0)) + (v0 & v1 & (-0x2) * v0 & (-0x1) * v0)
loki_tiny.csv	23004	1	edge1_ordinary_p7e_loki_tiny_csv_23004	ordinary	p7e	2b6580d42143bfc7	2b6580d42143bfc7	525f02884f7935ad	111f03c9331ada72	52	52	v0 + 0x2 * v1 + 0x2 * (v0 & v1 & v1 + (v0 & v1 & (-0x2) * v0 & (-0x1) * v0)) + (-0x2) * (v0 & v1) + (-0x2) * (v0 & v1 + (v0 & v1 & (-0x2) * v0 & (-0x1) * v0)) + (-0x1) * (v1 & v1 + (v0 & v1 & (-0x2) * v0 & (-0x1) * v0)) + (v0 & v1 & (-0x2) * v0 & (-0x1) * v0)	v0 + 0x2 * v1 + 0x2 * (v0 & v1 & v1 + (v0 & v1 & (-0x2) * v0 & (-0x1) * v0)) + (-0x2) * (v0 & v1) + (-0x2) * (v0 & v1 + (v0 & v1 & (-0x2) * v0 & (-0x1) * v0)) + (-0x1) * (v1 & v1 + (v0 & v1 & (-0x2) * v0 & (-0x1) * v0)) + (v0 & v1 & (-0x2) * v0 & (-0x1) * v0)
loki_tiny.csv	23004	2	edge2_p9l_loki_tiny_csv_23004	p7e	retained	2b6580d42143bfc7	6e1d2aff68e3620d	146846f35b7a5f6b	fdb43f3df6958edc	52	7	v0 + 0x2 * v1 + 0x2 * (v0 & v1 & v1 + (v0 & v1 & (-0x2) * v0 & (-0x1) * v0)) + (-0x2) * (v0 & v1) + (-0x2) * (v0 & v1 + (v0 & v1 & (-0x2) * v0 & (-0x1) * v0)) + (-0x1) * (v1 & v1 + (v0 & v1 & (-0x2) * v0 & (-0x1) * v0)) + (v0 & v1 & (-0x2) * v0 & (-0x1) * v0)	v0 + v1 + (-0x2) * (v0 & v1)
loki_tiny.csv	23488	0	edge0_source_ordinary_loki_tiny_csv_23488	source	ordinary	2e6658374e78d73c	09233927f9e1a745	1f03b5942e6d4dd8	273c2cb1a9863f5d	50	42	~ ((-0x1) * v0 + (v0 + ((-0x1) * (v0 ^ (v0 ^ (-0x1) * ~ v0)) | ~ (v0 ^ (v0 ^ (-0x1) * ~ v0) | ~ ((v0 ^ (v0 ^ (-0x1) * ~ v0)) + (v0 ^ (v0 ^ (-0x1) * ~ (v0 & v0 + ~ (v0 | ~ v0))))))))) ^ v1	v0 + v1 + 0x2 * (v0 & v1 & 0x2 + 0x2 * v0) + (-0x2) * (v0 & v1) + (-0x2) * (v0 & v1 & v0 + 0x1 & 0x2 + 0x2 * v0) + (-0x1) * (v0 & 0x2 + 0x2 * v0) + (v0 & v0 + 0x1 & 0x2 + 0x2 * v0)
loki_tiny.csv	23488	1	edge1_ordinary_p7e_loki_tiny_csv_23488	ordinary	p7e	09233927f9e1a745	09233927f9e1a745	c4446ea37acb2121	4ecd59ed46c7a332	42	42	v0 + v1 + 0x2 * (v0 & v1 & 0x2 + 0x2 * v0) + (-0x2) * (v0 & v1) + (-0x2) * (v0 & v1 & v0 + 0x1 & 0x2 + 0x2 * v0) + (-0x1) * (v0 & 0x2 + 0x2 * v0) + (v0 & v0 + 0x1 & 0x2 + 0x2 * v0)	v0 + v1 + 0x2 * (v0 & v1 & 0x2 + 0x2 * v0) + (-0x2) * (v0 & v1) + (-0x2) * (v0 & v1 & v0 + 0x1 & 0x2 + 0x2 * v0) + (-0x1) * (v0 & 0x2 + 0x2 * v0) + (v0 & v0 + 0x1 & 0x2 + 0x2 * v0)
loki_tiny.csv	23488	2	edge2_p9l_loki_tiny_csv_23488	p7e	retained	09233927f9e1a745	6e1d2aff68e3620d	4588fdd78328b181	734e4821e7013f0c	42	7	v0 + v1 + 0x2 * (v0 & v1 & 0x2 + 0x2 * v0) + (-0x2) * (v0 & v1) + (-0x2) * (v0 & v1 & v0 + 0x1 & 0x2 + 0x2 * v0) + (-0x1) * (v0 & 0x2 + 0x2 * v0) + (v0 & v0 + 0x1 & 0x2 + 0x2 * v0)	v0 + v1 + (-0x2) * (v0 & v1)
loki_tiny.csv	23652	0	edge0_source_ordinary_loki_tiny_csv_23652	source	ordinary	19517ce654c4d166	85f488de202834ac	85f59d1342111bf1	65433b1466e6d936	52	40	~ v0 ^ ~ (v0 + (-0x1) * ~ (~ (v0 + (-0x1) * v1 & (-0x1) * (v0 + (-0x1) * v1 & (-0x1) * (v0 + (-0x1) * v1) + ~ (v0 + (-0x1) * v1 ^ ~ (v0 + (-0x1) * v1) & ~ (v0 + (-0x1) * v1 & (-0x1) * ~ (v0 + (-0x1) * v1) + v1))))))	0x2 * v0 + (-0x2) * (v0 & v0 + (-0x1) * ((-0x1) * (v0 + (-0x1) * v1 & v1 + (-0x1) * v0) & v0 + (-0x1) * v1)) + (-0x1) * ((-0x1) * (v0 + (-0x1) * v1 & v1 + (-0x1) * v0) & v0 + (-0x1) * v1)
loki_tiny.csv	23652	1	edge1_ordinary_p7e_loki_tiny_csv_23652	ordinary	p7e	85f488de202834ac	85f488de202834ac	bd0f7216ebdcc8a5	73b7e07a2640bb1a	40	40	0x2 * v0 + (-0x2) * (v0 & v0 + (-0x1) * ((-0x1) * (v0 + (-0x1) * v1 & v1 + (-0x1) * v0) & v0 + (-0x1) * v1)) + (-0x1) * ((-0x1) * (v0 + (-0x1) * v1 & v1 + (-0x1) * v0) & v0 + (-0x1) * v1)	0x2 * v0 + (-0x2) * (v0 & v0 + (-0x1) * ((-0x1) * (v0 + (-0x1) * v1 & v1 + (-0x1) * v0) & v0 + (-0x1) * v1)) + (-0x1) * ((-0x1) * (v0 + (-0x1) * v1 & v1 + (-0x1) * v0) & v0 + (-0x1) * v1)
loki_tiny.csv	23652	2	edge2_p9l_loki_tiny_csv_23652	p7e	retained	85f488de202834ac	6e1d2aff68e3620d	aa9562b482a1c15e	7b8338e815e178d7	40	7	0x2 * v0 + (-0x2) * (v0 & v0 + (-0x1) * ((-0x1) * (v0 + (-0x1) * v1 & v1 + (-0x1) * v0) & v0 + (-0x1) * v1)) + (-0x1) * ((-0x1) * (v0 + (-0x1) * v1 & v1 + (-0x1) * v0) & v0 + (-0x1) * v1)	v0 + v1 + (-0x2) * (v0 & v1)
loki_tiny.csv	23810	0	edge0_source_ordinary_loki_tiny_csv_23810	source	ordinary	63c5177e7d0b99f2	ca31bad11a8c5926	0311cc81813452a7	552325ebd88ea9dc	38	45	~ (((~ v0 + (-0x1) * v1) + v1) + (-0x1) * (((~ v0 + (-0x1) * v1) + v1) + (-0x1) * ((~ v0 + (-0x1) * v1) + v1 ^ ~ (~ (v1 | (-0x1) * ((-0x1) * v1 | v1 + v1))))))	v0 + 0x2 * (v0 & v1 & (-0x1) * v1 + (0x2 * v1 & (-0x1) * v1)) + (-0x2) * (v0 & v1) + (-0x2) * (v0 & (-0x1) * v1 + (0x2 * v1 & (-0x1) * v1)) + (-0x1) * (v1 & (-0x1) * v1 + (0x2 * v1 & (-0x1) * v1)) + (0x2 * v1 & (-0x1) * v1)
loki_tiny.csv	23810	1	edge1_ordinary_p7e_loki_tiny_csv_23810	ordinary	p7e	ca31bad11a8c5926	ca31bad11a8c5926	a12e63635d7eea53	b01a746adb9e3774	45	45	v0 + 0x2 * (v0 & v1 & (-0x1) * v1 + (0x2 * v1 & (-0x1) * v1)) + (-0x2) * (v0 & v1) + (-0x2) * (v0 & (-0x1) * v1 + (0x2 * v1 & (-0x1) * v1)) + (-0x1) * (v1 & (-0x1) * v1 + (0x2 * v1 & (-0x1) * v1)) + (0x2 * v1 & (-0x1) * v1)	v0 + 0x2 * (v0 & v1 & (-0x1) * v1 + (0x2 * v1 & (-0x1) * v1)) + (-0x2) * (v0 & v1) + (-0x2) * (v0 & (-0x1) * v1 + (0x2 * v1 & (-0x1) * v1)) + (-0x1) * (v1 & (-0x1) * v1 + (0x2 * v1 & (-0x1) * v1)) + (0x2 * v1 & (-0x1) * v1)
loki_tiny.csv	23810	2	edge2_p9l_loki_tiny_csv_23810	p7e	retained	ca31bad11a8c5926	6e1d2aff68e3620d	a7b78f709519ac40	869a10c66341db07	45	7	v0 + 0x2 * (v0 & v1 & (-0x1) * v1 + (0x2 * v1 & (-0x1) * v1)) + (-0x2) * (v0 & v1) + (-0x2) * (v0 & (-0x1) * v1 + (0x2 * v1 & (-0x1) * v1)) + (-0x1) * (v1 & (-0x1) * v1 + (0x2 * v1 & (-0x1) * v1)) + (0x2 * v1 & (-0x1) * v1)	v0 + v1 + (-0x2) * (v0 & v1)
loki_tiny.csv	23816	0	edge0_source_ordinary_loki_tiny_csv_23816	source	ordinary	be2ed4a4006639b2	543a3a74298da387	2353e539a29e48d2	d30224b449e97cb7	47	23	(-0x1) * ((-0x1) * ~ ((v0 ^ ~ ((~ v0 ^ v1 | v1) & v1)) + ((-0x1) * v1 | (-0x1) * (v1 | v1 + v1))) + (-0x1) * (~ ((v0 ^ ~ v1) + (-0x1) * v1) + (-0x1) * v1)) + (-0x1) * ~ ((v0 ^ ~ v1) + (-0x1) * v1)	v0 + 0x4 * v1 + (-0x2) * (v0 & v1) + (-0x1) * (v1 & 0x2 * v1) + ((-0x1) * v1 & (-0x3) * v1 + (v1 & 0x2 * v1))
loki_tiny.csv	23816	1	edge1_ordinary_p7e_loki_tiny_csv_23816	ordinary	p7e	543a3a74298da387	543a3a74298da387	c19d4fa77c16b36d	eee6d7bda2615faa	23	23	v0 + 0x4 * v1 + (-0x2) * (v0 & v1) + (-0x1) * (v1 & 0x2 * v1) + ((-0x1) * v1 & (-0x3) * v1 + (v1 & 0x2 * v1))	v0 + 0x4 * v1 + (-0x2) * (v0 & v1) + (-0x1) * (v1 & 0x2 * v1) + ((-0x1) * v1 & (-0x3) * v1 + (v1 & 0x2 * v1))
loki_tiny.csv	23816	2	edge2_p9l_loki_tiny_csv_23816	p7e	retained	543a3a74298da387	6e1d2aff68e3620d	db188020640ec243	37d481410cdfb390	23	7	v0 + 0x4 * v1 + (-0x2) * (v0 & v1) + (-0x1) * (v1 & 0x2 * v1) + ((-0x1) * v1 & (-0x3) * v1 + (v1 & 0x2 * v1))	v0 + v1 + (-0x2) * (v0 & v1)
loki_tiny.csv	24044	0	edge0_source_ordinary_loki_tiny_csv_24044	source	ordinary	b697931d1fd82908	ddea81925630de51	5f478113100ae46c	6dc88cf94077a161	46	24	~ (~ (~ v0 | ~ (v0 | (-0x1) * v0))) ^ v0 + ~ ((~ (((-0x1) * v0 & ~ (v0 & (-0x1) * v0 + (-0x1) * v0)) + ~ (~ (~ ((-0x1) * v0 + ~ v1 | v1)) & v1)) + (-0x1) * ~ v1) + ~ v1)	v1 + 0x2 * (v0 & (-0x1) + (-0x1) * v1 + (-0x1) * (v0 & (-0x2) * v0 & (-0x1) * v0)) + (-0x1) * v0 + (v0 & (-0x2) * v0 & (-0x1) * v0)
loki_tiny.csv	24044	1	edge1_ordinary_p7e_loki_tiny_csv_24044	ordinary	p7e	ddea81925630de51	ddea81925630de51	f1a668d36d041085	5e6cd57d83d55862	24	24	v1 + 0x2 * (v0 & (-0x1) + (-0x1) * v1 + (-0x1) * (v0 & (-0x2) * v0 & (-0x1) * v0)) + (-0x1) * v0 + (v0 & (-0x2) * v0 & (-0x1) * v0)	v1 + 0x2 * (v0 & (-0x1) + (-0x1) * v1 + (-0x1) * (v0 & (-0x2) * v0 & (-0x1) * v0)) + (-0x1) * v0 + (v0 & (-0x2) * v0 & (-0x1) * v0)
loki_tiny.csv	24044	2	edge2_p9l_loki_tiny_csv_24044	p7e	retained	ddea81925630de51	6e1d2aff68e3620d	ee0c02af60e12121	9213c58e1ba9b17a	24	7	v1 + 0x2 * (v0 & (-0x1) + (-0x1) * v1 + (-0x1) * (v0 & (-0x2) * v0 & (-0x1) * v0)) + (-0x1) * v0 + (v0 & (-0x2) * v0 & (-0x1) * v0)	v0 + v1 + (-0x2) * (v0 & v1)
loki_tiny.csv	24286	0	edge0_source_ordinary_loki_tiny_csv_24286	source	ordinary	0ee9bc142634cdfe	07a82e85e8bdbabc	de3492eb104f9871	41406f2d12e4162e	50	58	~ v0 + (-0x1) * ~ (v0 | ((-0x1) * ~ v0 | (-0x1) * ~ (~ ((-0x1) * v0) & ((-0x1) * v0 | ~ ((-0x1) * v0)) + (-0x1) * (v0 + v0))) & (-0x1) * ~ (~ ((-0x1) * v0) & ((-0x1) * v0 | ~ ((-0x1) * v0)) + (-0x1) * (v0 + v0))) | v0 ^ v1	v1 + (-0x2) * (v0 & v1) + (-0x1) * v0 + (-0x1) * (v0 & (-0x2) * v0 + (-0x1) * ((-0x1) * v0 & (-0x1) + (-0x2) * v0)) + (-0x1) * (v1 & (-0x2) * v0 + (-0x1) * ((-0x1) * v0 & (-0x1) + (-0x2) * v0)) + (-0x1) * ((-0x1) * v0 & (-0x1) + (-0x2) * v0) + (v0 & v1 & (-0x2) * v0 + (-0x1) * ((-0x1) * v0 & (-0x1) + (-0x2) * v0))
loki_tiny.csv	24286	1	edge1_ordinary_p7e_loki_tiny_csv_24286	ordinary	p7e	07a82e85e8bdbabc	07a82e85e8bdbabc	d4b78c6e3d70e9a7	23e07f66857b6d68	58	58	v1 + (-0x2) * (v0 & v1) + (-0x1) * v0 + (-0x1) * (v0 & (-0x2) * v0 + (-0x1) * ((-0x1) * v0 & (-0x1) + (-0x2) * v0)) + (-0x1) * (v1 & (-0x2) * v0 + (-0x1) * ((-0x1) * v0 & (-0x1) + (-0x2) * v0)) + (-0x1) * ((-0x1) * v0 & (-0x1) + (-0x2) * v0) + (v0 & v1 & (-0x2) * v0 + (-0x1) * ((-0x1) * v0 & (-0x1) + (-0x2) * v0))	v1 + (-0x2) * (v0 & v1) + (-0x1) * v0 + (-0x1) * (v0 & (-0x2) * v0 + (-0x1) * ((-0x1) * v0 & (-0x1) + (-0x2) * v0)) + (-0x1) * (v1 & (-0x2) * v0 + (-0x1) * ((-0x1) * v0 & (-0x1) + (-0x2) * v0)) + (-0x1) * ((-0x1) * v0 & (-0x1) + (-0x2) * v0) + (v0 & v1 & (-0x2) * v0 + (-0x1) * ((-0x1) * v0 & (-0x1) + (-0x2) * v0))
loki_tiny.csv	24286	2	edge2_p9l_loki_tiny_csv_24286	p7e	retained	07a82e85e8bdbabc	6e1d2aff68e3620d	3b9f9305c0cff30c	f2b56abcf747328d	58	7	v1 + (-0x2) * (v0 & v1) + (-0x1) * v0 + (-0x1) * (v0 & (-0x2) * v0 + (-0x1) * ((-0x1) * v0 & (-0x1) + (-0x2) * v0)) + (-0x1) * (v1 & (-0x2) * v0 + (-0x1) * ((-0x1) * v0 & (-0x1) + (-0x2) * v0)) + (-0x1) * ((-0x1) * v0 & (-0x1) + (-0x2) * v0) + (v0 & v1 & (-0x2) * v0 + (-0x1) * ((-0x1) * v0 & (-0x1) + (-0x2) * v0))	v0 + v1 + (-0x2) * (v0 & v1)
loki_tiny.csv	24338	0	edge0_source_ordinary_loki_tiny_csv_24338	source	ordinary	4cdaa01ce9ed7a19	f6daf815bfb5cff9	39f62474c910e569	e3edfe552746b472	57	42	~ (~ (v0 & (v0 | v1)) | ~ ((-0x1) * ~ (v0 & (v0 | v1))) & ~ (v0 & (v0 | v1)) + ~ (v0 & ~ (((~ (~ ((v0 | v1) & ~ v1) & ~ v1) ^ v1) ^ ~ (~ (v0 | v1) & ~ (~ (v0 | v1)))) ^ v1))) ^ v1	v0 + v1 + 0x2 * (v0 & v1 & (-0x2) + (-0x2) * v0) + (-0x2) * (v0 & v1) + (-0x2) * (v0 & v1 & v0 + 0x1 & (-0x2) + (-0x2) * v0) + (-0x1) * (v0 & (-0x2) + (-0x2) * v0) + (v0 & v0 + 0x1 & (-0x2) + (-0x2) * v0)
loki_tiny.csv	24338	1	edge1_ordinary_p7e_loki_tiny_csv_24338	ordinary	p7e	f6daf815bfb5cff9	f6daf815bfb5cff9	37a56a81d3121ec9	fa9375fe3f919e4a	42	42	v0 + v1 + 0x2 * (v0 & v1 & (-0x2) + (-0x2) * v0) + (-0x2) * (v0 & v1) + (-0x2) * (v0 & v1 & v0 + 0x1 & (-0x2) + (-0x2) * v0) + (-0x1) * (v0 & (-0x2) + (-0x2) * v0) + (v0 & v0 + 0x1 & (-0x2) + (-0x2) * v0)	v0 + v1 + 0x2 * (v0 & v1 & (-0x2) + (-0x2) * v0) + (-0x2) * (v0 & v1) + (-0x2) * (v0 & v1 & v0 + 0x1 & (-0x2) + (-0x2) * v0) + (-0x1) * (v0 & (-0x2) + (-0x2) * v0) + (v0 & v0 + 0x1 & (-0x2) + (-0x2) * v0)
loki_tiny.csv	24338	2	edge2_p9l_loki_tiny_csv_24338	p7e	retained	f6daf815bfb5cff9	6e1d2aff68e3620d	d28962909d835a1d	fa12e535a9423ed8	42	7	v0 + v1 + 0x2 * (v0 & v1 & (-0x2) + (-0x2) * v0) + (-0x2) * (v0 & v1) + (-0x2) * (v0 & v1 & v0 + 0x1 & (-0x2) + (-0x2) * v0) + (-0x1) * (v0 & (-0x2) + (-0x2) * v0) + (v0 & v0 + 0x1 & (-0x2) + (-0x2) * v0)	v0 + v1 + (-0x2) * (v0 & v1)
loki_tiny.csv	24490	0	edge0_source_ordinary_loki_tiny_csv_24490	source	ordinary	d924f0286624cbd7	29e6ddced2abe517	e0fec63069d249b9	abf0eae56b384370	56	24	~ (~ ((~ v0 ^ ((-0x1) * v1 & ~ (v1 & (-0x1) * v1 + (-0x1) * v1)) + (v1 + ~ v1)) + (-0x1) * ((-0x1) * ((-0x1) * v1 + (v1 + ~ v1)) + (((-0x1) * v1 + (v1 + ~ v1)) + ((-0x1) * v1 + (v1 + ~ v1))))) + (-0x1) * ((-0x1) * v1 + (v1 + ~ v1)))	v1 + 0x2 * (v0 & (-0x1) + (-0x1) * v1 + (-0x1) * (v1 & (-0x2) * v1 & (-0x1) * v1)) + (-0x1) * v0 + (v1 & (-0x2) * v1 & (-0x1) * v1)
loki_tiny.csv	24490	1	edge1_ordinary_p7e_loki_tiny_csv_24490	ordinary	p7e	29e6ddced2abe517	29e6ddced2abe517	9cd5198a25db25fd	9ae83612407a10fa	24	24	v1 + 0x2 * (v0 & (-0x1) + (-0x1) * v1 + (-0x1) * (v1 & (-0x2) * v1 & (-0x1) * v1)) + (-0x1) * v0 + (v1 & (-0x2) * v1 & (-0x1) * v1)	v1 + 0x2 * (v0 & (-0x1) + (-0x1) * v1 + (-0x1) * (v1 & (-0x2) * v1 & (-0x1) * v1)) + (-0x1) * v0 + (v1 & (-0x2) * v1 & (-0x1) * v1)
loki_tiny.csv	24490	2	edge2_p9l_loki_tiny_csv_24490	p7e	retained	29e6ddced2abe517	6e1d2aff68e3620d	d4972065befad8e7	2a3923e194354658	24	7	v1 + 0x2 * (v0 & (-0x1) + (-0x1) * v1 + (-0x1) * (v1 & (-0x2) * v1 & (-0x1) * v1)) + (-0x1) * v0 + (v1 & (-0x2) * v1 & (-0x1) * v1)	v0 + v1 + (-0x2) * (v0 & v1)
loki_tiny.csv	24796	0	edge0_source_ordinary_loki_tiny_csv_24796	source	ordinary	cac0396e1f14c479	3c9e3be9cbefd030	5e63835d959993c8	8d9d53f9caf1b8d5	44	25	((((-0x1) * ~ v0 & ~ (~ v0 & (-0x1) * (~ v0 + ~ v0))) + ~ (~ (v0 & ~ (~ v0 | v0 ^ v1)) + (-0x1) * (v0 ^ v1))) + (-0x1) * v0) + ~ ((v0 & ~ (v0 ^ v1)) & v1)	v0 + v1 + (-0x2) * (v0 & v1) + (-0x1) * (v0 + 0x1 & 0x2 + 0x2 * v0) + (v0 & v0 + 0x1 & 0x2 + 0x2 * v0)
loki_tiny.csv	24796	1	edge1_ordinary_p7e_loki_tiny_csv_24796	ordinary	p7e	3c9e3be9cbefd030	3c9e3be9cbefd030	085111b019398e45	2f1cc83ae0793eb6	25	25	v0 + v1 + (-0x2) * (v0 & v1) + (-0x1) * (v0 + 0x1 & 0x2 + 0x2 * v0) + (v0 & v0 + 0x1 & 0x2 + 0x2 * v0)	v0 + v1 + (-0x2) * (v0 & v1) + (-0x1) * (v0 + 0x1 & 0x2 + 0x2 * v0) + (v0 & v0 + 0x1 & 0x2 + 0x2 * v0)
loki_tiny.csv	24796	2	edge2_p9l_loki_tiny_csv_24796	p7e	retained	3c9e3be9cbefd030	6e1d2aff68e3620d	4c55874f6d8858c6	a62a8b19f6dca0df	25	7	v0 + v1 + (-0x2) * (v0 & v1) + (-0x1) * (v0 + 0x1 & 0x2 + 0x2 * v0) + (v0 & v0 + 0x1 & 0x2 + 0x2 * v0)	v0 + v1 + (-0x2) * (v0 & v1)
loki_tiny.csv	24869	0	edge0_source_ordinary_loki_tiny_csv_24869	source	ordinary	870b7a0dbd506f79	bc69711d0dad2010	48f34553a76de194	0abae3ca0648c6e7	65	76	(((-0x1) * v0 | ~ (v0 | ~ v0 + (-0x1) * v0)) ^ v1) ^ (-0x1) * (((v0 & (-0x1) * v0) + (-0x1) * ~ (~ (v0 | (-0x1) * v0))) + ~ (~ ((v0 & (-0x1) * v0) + (-0x1) * ~ (~ (v0 | (-0x1) * v0))) ^ (v0 & (-0x1) * v0) + (-0x1) * ~ (~ (v0 | (-0x1) * (v0 ^ ~ ((-0x1) * v0 + ~ ((-0x1) * v0))))) | v1))	0x2 * (v0 & v1 & (-0x1) * v0 & (-0x1) + (-0x2) * v0) + 0x2 * (v1 & (-0x1) * v0) + 0x2 * (v1 & (-0x1) + (-0x2) * v0) + 0x3 * v0 + (-0x2) * (v0 & v1 & (-0x1) * v0) + (-0x2) * (v0 & v1 & (-0x1) + (-0x2) * v0) + (-0x2) * (v1 & (-0x1) * v0 & (-0x1) + (-0x2) * v0) + (-0x1) * v1 + (-0x1) * (v0 & (-0x1) * v0 & (-0x1) + (-0x2) * v0) + (v0 & (-0x1) * v0) + (v0 & (-0x1) + (-0x2) * v0) + ((-0x1) * v0 & (-0x1) + (-0x2) * v0)
loki_tiny.csv	24869	1	edge1_ordinary_p7e_loki_tiny_csv_24869	ordinary	p7e	bc69711d0dad2010	bc69711d0dad2010	56135d18313c3b7d	91f52fbcc7bb52be	76	76	0x2 * (v0 & v1 & (-0x1) * v0 & (-0x1) + (-0x2) * v0) + 0x2 * (v1 & (-0x1) * v0) + 0x2 * (v1 & (-0x1) + (-0x2) * v0) + 0x3 * v0 + (-0x2) * (v0 & v1 & (-0x1) * v0) + (-0x2) * (v0 & v1 & (-0x1) + (-0x2) * v0) + (-0x2) * (v1 & (-0x1) * v0 & (-0x1) + (-0x2) * v0) + (-0x1) * v1 + (-0x1) * (v0 & (-0x1) * v0 & (-0x1) + (-0x2) * v0) + (v0 & (-0x1) * v0) + (v0 & (-0x1) + (-0x2) * v0) + ((-0x1) * v0 & (-0x1) + (-0x2) * v0)	0x2 * (v0 & v1 & (-0x1) * v0 & (-0x1) + (-0x2) * v0) + 0x2 * (v1 & (-0x1) * v0) + 0x2 * (v1 & (-0x1) + (-0x2) * v0) + 0x3 * v0 + (-0x2) * (v0 & v1 & (-0x1) * v0) + (-0x2) * (v0 & v1 & (-0x1) + (-0x2) * v0) + (-0x2) * (v1 & (-0x1) * v0 & (-0x1) + (-0x2) * v0) + (-0x1) * v1 + (-0x1) * (v0 & (-0x1) * v0 & (-0x1) + (-0x2) * v0) + (v0 & (-0x1) * v0) + (v0 & (-0x1) + (-0x2) * v0) + ((-0x1) * v0 & (-0x1) + (-0x2) * v0)
loki_tiny.csv	24869	2	edge2_p9l_loki_tiny_csv_24869	p7e	retained	bc69711d0dad2010	6e1d2aff68e3620d	6508645b46ff4386	f1b39f5f71ad8387	76	7	0x2 * (v0 & v1 & (-0x1) * v0 & (-0x1) + (-0x2) * v0) + 0x2 * (v1 & (-0x1) * v0) + 0x2 * (v1 & (-0x1) + (-0x2) * v0) + 0x3 * v0 + (-0x2) * (v0 & v1 & (-0x1) * v0) + (-0x2) * (v0 & v1 & (-0x1) + (-0x2) * v0) + (-0x2) * (v1 & (-0x1) * v0 & (-0x1) + (-0x2) * v0) + (-0x1) * v1 + (-0x1) * (v0 & (-0x1) * v0 & (-0x1) + (-0x2) * v0) + (v0 & (-0x1) * v0) + (v0 & (-0x1) + (-0x2) * v0) + ((-0x1) * v0 & (-0x1) + (-0x2) * v0)	v0 + v1 + (-0x2) * (v0 & v1)
loki_tiny.csv	24932	0	edge0_source_ordinary_loki_tiny_csv_24932	source	ordinary	7a7e88abaad94ea3	0e72a808edb0212b	70c1b537bb168d85	fdb3dc01e6036e0a	173	109	~ ((~ (~ (~ (~ ((~ v0 & v1) & ~ v1) + (-0x1) * v1 & v1 | v0 ^ v1) + ~ (v0 ^ v1 | v1 & ~ v1)) | (-0x1) * ~ (v0 ^ v1 | v1 & ~ v1)) | ~ (v0 ^ v1 | v1 & ~ v1)) | (-0x1) * ~ (v0 ^ v1 | v1 & ~ v1) + ~ ((-0x1) * ~ (v0 ^ v1 | v1 & ~ v1) | ~ (~ (v0 ^ v1 | v1 & ~ v1) + ~ (v0 ^ v1 | v1 & ~ v1))) & ~ ((-0x1) * ~ (v0 ^ v1 | v1 & ~ v1) | (-0x1) * ~ (~ (v0 ^ v1 | v1 & ~ v1) + ~ (v0 ^ v1 | v1 & ~ v1)) + ~ ((~ (v0 ^ v1 | v1 & ~ v1) + ~ (v0 ^ v1 | v1 & ~ v1)) + (-0x1) * ~ (~ (v0 ^ v1 | v1 & ~ v1) + ~ (v0 ^ v1 | v1 & ~ v1)))))	v0 + v1 + 0x2 * (v0 & v1 & (-0x2) + 0x4 * (v0 & v1) + (-0x2) * v0 + (-0x2) * v1) + (-0x2) * (v0 & v1) + (-0x2) * (v0 & v1 & v0 + v1 + 0x1 + (-0x2) * (v0 & v1) & (-0x2) + 0x4 * (v0 & v1) + (-0x2) * v0 + (-0x2) * v1) + (-0x1) * (v0 & (-0x2) + 0x4 * (v0 & v1) + (-0x2) * v0 + (-0x2) * v1) + (-0x1) * (v1 & (-0x2) + 0x4 * (v0 & v1) + (-0x2) * v0 + (-0x2) * v1) + (v0 & v0 + v1 + 0x1 + (-0x2) * (v0 & v1) & (-0x2) + 0x4 * (v0 & v1) + (-0x2) * v0 + (-0x2) * v1) + (v1 & v0 + v1 + 0x1 + (-0x2) * (v0 & v1) & (-0x2) + 0x4 * (v0 & v1) + (-0x2) * v0 + (-0x2) * v1)
loki_tiny.csv	24932	1	edge1_ordinary_p7e_loki_tiny_csv_24932	ordinary	p7e	0e72a808edb0212b	0e72a808edb0212b	82a2f738291216c5	c87a82721239688a	109	109	v0 + v1 + 0x2 * (v0 & v1 & (-0x2) + 0x4 * (v0 & v1) + (-0x2) * v0 + (-0x2) * v1) + (-0x2) * (v0 & v1) + (-0x2) * (v0 & v1 & v0 + v1 + 0x1 + (-0x2) * (v0 & v1) & (-0x2) + 0x4 * (v0 & v1) + (-0x2) * v0 + (-0x2) * v1) + (-0x1) * (v0 & (-0x2) + 0x4 * (v0 & v1) + (-0x2) * v0 + (-0x2) * v1) + (-0x1) * (v1 & (-0x2) + 0x4 * (v0 & v1) + (-0x2) * v0 + (-0x2) * v1) + (v0 & v0 + v1 + 0x1 + (-0x2) * (v0 & v1) & (-0x2) + 0x4 * (v0 & v1) + (-0x2) * v0 + (-0x2) * v1) + (v1 & v0 + v1 + 0x1 + (-0x2) * (v0 & v1) & (-0x2) + 0x4 * (v0 & v1) + (-0x2) * v0 + (-0x2) * v1)	v0 + v1 + 0x2 * (v0 & v1 & (-0x2) + 0x4 * (v0 & v1) + (-0x2) * v0 + (-0x2) * v1) + (-0x2) * (v0 & v1) + (-0x2) * (v0 & v1 & v0 + v1 + 0x1 + (-0x2) * (v0 & v1) & (-0x2) + 0x4 * (v0 & v1) + (-0x2) * v0 + (-0x2) * v1) + (-0x1) * (v0 & (-0x2) + 0x4 * (v0 & v1) + (-0x2) * v0 + (-0x2) * v1) + (-0x1) * (v1 & (-0x2) + 0x4 * (v0 & v1) + (-0x2) * v0 + (-0x2) * v1) + (v0 & v0 + v1 + 0x1 + (-0x2) * (v0 & v1) & (-0x2) + 0x4 * (v0 & v1) + (-0x2) * v0 + (-0x2) * v1) + (v1 & v0 + v1 + 0x1 + (-0x2) * (v0 & v1) & (-0x2) + 0x4 * (v0 & v1) + (-0x2) * v0 + (-0x2) * v1)
loki_tiny.csv	24932	2	edge2_p9l_loki_tiny_csv_24932	p7e	retained	0e72a808edb0212b	6e1d2aff68e3620d	cffd75012db81947	d7360520606208f8	109	7	v0 + v1 + 0x2 * (v0 & v1 & (-0x2) + 0x4 * (v0 & v1) + (-0x2) * v0 + (-0x2) * v1) + (-0x2) * (v0 & v1) + (-0x2) * (v0 & v1 & v0 + v1 + 0x1 + (-0x2) * (v0 & v1) & (-0x2) + 0x4 * (v0 & v1) + (-0x2) * v0 + (-0x2) * v1) + (-0x1) * (v0 & (-0x2) + 0x4 * (v0 & v1) + (-0x2) * v0 + (-0x2) * v1) + (-0x1) * (v1 & (-0x2) + 0x4 * (v0 & v1) + (-0x2) * v0 + (-0x2) * v1) + (v0 & v0 + v1 + 0x1 + (-0x2) * (v0 & v1) & (-0x2) + 0x4 * (v0 & v1) + (-0x2) * v0 + (-0x2) * v1) + (v1 & v0 + v1 + 0x1 + (-0x2) * (v0 & v1) & (-0x2) + 0x4 * (v0 & v1) + (-0x2) * v0 + (-0x2) * v1)	v0 + v1 + (-0x2) * (v0 & v1)
qsynth_ea.csv	13	0	edge0_source_ordinary_qsynth_ea_csv_13	source	ordinary	21f5c3d1fa7846a3	3c919e23f4f44d39	2f8d8115ad8f2503	23f4b25ee64e6ae0	539	26	(~ (((-0x1) * (((v0 ^ ~ ((v1 & v1) * (v1 | v1) + (v1 & ~ v1) * (~ v1 & v1))) + (v0 | (v1 & v1) * (v1 | v1) + (v1 & ~ v1) * (~ v1 & v1)) * 0x2) + 0x1) + (-0x1) * 0x1 & (v1 & ~ v1) + v1) * ((-0x1) * (((v0 ^ ~ ((v1 & v1) * (v1 | v1) + (v1 & ~ v1) * (~ v1 & v1))) + (v0 | (v1 & v1) * (v1 | v1) + (v1 & ~ v1) * (~ v1 & v1)) * 0x2) + 0x1) + (-0x1) * 0x1 | (v1 & ~ v1) + v1) + ((-0x1) * (((v0 ^ ~ ((v1 & v1) * (v1 | v1) + (v1 & ~ v1) * (~ v1 & v1))) + (v0 | (v1 & v1) * (v1 | v1) + (v1 & ~ v1) * (~ v1 & v1)) * 0x2) + 0x1) + (-0x1) * 0x1 & ~ ((v1 & ~ v1) + v1)) * (~ ((-0x1) * (((v0 ^ ~ ((v1 & v1) * (v1 | v1) + (v1 & ~ v1) * (~ v1 & v1))) + (v0 | (v1 & v1) * (v1 | v1) + (v1 & ~ v1) * (~ v1 & v1)) * 0x2) + 0x1) + (-0x1) * 0x1) & (v1 & ~ v1) + v1)) | ((((v1 & v1) * (v1 | v1) + (v1 & ~ v1) * (~ v1 & v1)) + (-0x1) * ((v1 | v1) + (v1 & v1))) + (-0x1) * (((v1 & v1) * (v1 | v1) + (v1 & ~ v1) * (~ v1 & v1) | ~ ((v1 | v1) + (v1 & v1))) + ((v1 & v1) * (v1 | v1) + (v1 & ~ v1) * (~ v1 & v1) | ~ ((v1 | v1) + (v1 & v1))))) + (-0x1) * 0x2) + (-0x1) * ~ (((-0x1) * (((v0 ^ ~ ((v1 & v1) * (v1 | v1) + (v1 & ~ v1) * (~ v1 & v1))) + (v0 | (v1 & v1) * (v1 | v1) + (v1 & ~ v1) * (~ v1 & v1)) * 0x2) + 0x1) + (-0x1) * 0x1 & (v1 & ~ v1) + v1) * ((-0x1) * (((v0 ^ ~ ((v1 & v1) * (v1 | v1) + (v1 & ~ v1) * (~ v1 & v1))) + (v0 | (v1 & v1) * (v1 | v1) + (v1 & ~ v1) * (~ v1 & v1)) * 0x2) + 0x1) + (-0x1) * 0x1 | (v1 & ~ v1) + v1) + ((-0x1) * (((v0 ^ ~ ((v1 & v1) * (v1 | v1) + (v1 & ~ v1) * (~ v1 & v1))) + (v0 | (v1 & v1) * (v1 | v1) + (v1 & ~ v1) * (~ v1 & v1)) * 0x2) + 0x1) + (-0x1) * 0x1 & ~ ((v1 & ~ v1) + v1)) * (~ ((-0x1) * (((v0 ^ ~ ((v1 & v1) * (v1 | v1) + (v1 & ~ v1) * (~ v1 & v1))) + (v0 | (v1 & v1) * (v1 | v1) + (v1 & ~ v1) * (~ v1 & v1)) * 0x2) + 0x1) + (-0x1) * 0x1) & (v1 & ~ v1) + v1))	0x2 * v1 + (-0x2) * (0x2 * v1 & v1 * v1) + v1 * v1 & (-0x1) * v1 + (-0x1) * (v0 * v1) + (-0x1) * (v1 * v1 * v1)
qsynth_ea.csv	13	1	edge1_ordinary_p7e_qsynth_ea_csv_13	ordinary	p7e	3c919e23f4f44d39	3c919e23f4f44d39	3451f3bc3df656b5	6dddbd08f80f3422	26	26	0x2 * v1 + (-0x2) * (0x2 * v1 & v1 * v1) + v1 * v1 & (-0x1) * v1 + (-0x1) * (v0 * v1) + (-0x1) * (v1 * v1 * v1)	0x2 * v1 + (-0x2) * (0x2 * v1 & v1 * v1) + v1 * v1 & (-0x1) * v1 + (-0x1) * (v0 * v1) + (-0x1) * (v1 * v1 * v1)
qsynth_ea.csv	13	2	edge2_p11a_qsynth_ea_csv_13	p7e	retained	3c919e23f4f44d39	50da0417ec6e4c39	3fb31a47ac06ba8d	6fb099fe445d3028	26	15	0x2 * v1 + (-0x2) * (0x2 * v1 & v1 * v1) + v1 * v1 & (-0x1) * v1 + (-0x1) * (v0 * v1) + (-0x1) * (v1 * v1 * v1)	(0x2 * v1 ^ v1 * v1) & v1 * ~ (v0 + v1 * v1)
qsynth_ea.csv	25	0	edge0_source_ordinary_qsynth_ea_csv_25	source	ordinary	1e94f810d3f9880e	db099844452aa6cf	b0ca4dc27349d482	6e89d210935e0813	179	50	(((((((((v2 | v2) + (v2 & v2)) + v3) + 0x1) + ((-0x1) * ((v2 | v2) + (v2 & v2)) + (-0x1) * 0x1 | (-0x1) * v3 + (-0x1) * 0x1)) + (-0x1) * ~ ((v3 & ~ v3) + v3)) + (-0x1) * 0x1) + ((-0x1) * ((v2 & ~ (((v2 + v3) + 0x1) + ((-0x1) * v2 + (-0x1) * 0x1 | (-0x1) * v3 + (-0x1) * 0x1))) + (((v2 + v3) + 0x1) + ((-0x1) * v2 + (-0x1) * 0x1 | (-0x1) * v3 + (-0x1) * 0x1))) + (-0x1) * 0x1)) + 0x1) + ((-0x1) * (((((((v2 | v2) + (v2 & v2)) + v3) + 0x1) + ((-0x1) * ((v2 | v2) + (v2 & v2)) + (-0x1) * 0x1 | (-0x1) * v3 + (-0x1) * 0x1)) + (-0x1) * ~ ((v3 & ~ v3) + v3)) + (-0x1) * 0x1) + (-0x1) * 0x1 | (-0x1) * ((-0x1) * ((v2 & ~ (((v2 + v3) + 0x1) + ((-0x1) * v2 + (-0x1) * 0x1 | (-0x1) * v3 + (-0x1) * 0x1))) + (((v2 + v3) + 0x1) + ((-0x1) * v2 + (-0x1) * 0x1 | (-0x1) * v3 + (-0x1) * 0x1))) + (-0x1) * 0x1) + (-0x1) * 0x1)	(-0x1) + (-0x1) * (v2 & (-0x1) + (-0x2) * v2 + (-0x1) * v3 + (-0x1) * (v3 & (-0x1) + (-0x2) * v2)) + (-0x1) * (v3 & (-0x1) + (-0x2) * v2 + (-0x1) * v3 + (-0x1) * (v3 & (-0x1) + (-0x2) * v2)) + (v2 & v3 & (-0x1) + (-0x2) * v2 + (-0x1) * v3 + (-0x1) * (v3 & (-0x1) + (-0x2) * v2))
qsynth_ea.csv	25	1	edge1_ordinary_p7e_qsynth_ea_csv_25	ordinary	p7e	db099844452aa6cf	db099844452aa6cf	2ff39d8f1a84182d	0db4e70a74152f4a	50	50	(-0x1) + (-0x1) * (v2 & (-0x1) + (-0x2) * v2 + (-0x1) * v3 + (-0x1) * (v3 & (-0x1) + (-0x2) * v2)) + (-0x1) * (v3 & (-0x1) + (-0x2) * v2 + (-0x1) * v3 + (-0x1) * (v3 & (-0x1) + (-0x2) * v2)) + (v2 & v3 & (-0x1) + (-0x2) * v2 + (-0x1) * v3 + (-0x1) * (v3 & (-0x1) + (-0x2) * v2))	(-0x1) + (-0x1) * (v2 & (-0x1) + (-0x2) * v2 + (-0x1) * v3 + (-0x1) * (v3 & (-0x1) + (-0x2) * v2)) + (-0x1) * (v3 & (-0x1) + (-0x2) * v2 + (-0x1) * v3 + (-0x1) * (v3 & (-0x1) + (-0x2) * v2)) + (v2 & v3 & (-0x1) + (-0x2) * v2 + (-0x1) * v3 + (-0x1) * (v3 & (-0x1) + (-0x2) * v2))
qsynth_ea.csv	25	2	edge2_p11b_qsynth_ea_csv_25	p7e	retained	db099844452aa6cf	86d5e90cc7a70f8d	44cc2ca6b1bb6687	f51937393123b7ac	50	12	(-0x1) + (-0x1) * (v2 & (-0x1) + (-0x2) * v2 + (-0x1) * v3 + (-0x1) * (v3 & (-0x1) + (-0x2) * v2)) + (-0x1) * (v3 & (-0x1) + (-0x2) * v2 + (-0x1) * v3 + (-0x1) * (v3 & (-0x1) + (-0x2) * v2)) + (v2 & v3 & (-0x1) + (-0x2) * v2 + (-0x1) * v3 + (-0x1) * (v3 & (-0x1) + (-0x2) * v2))	~ v2 & ~ v3 | v3 + (v3 | 0x2 * v2)
qsynth_ea.csv	53	0	edge0_source_ordinary_qsynth_ea_csv_53	source	ordinary	6160a0eed9019162	2e747b179653ed4d	6906da7b09dbd020	b1cea351f0eb748d	505	110	((((v2 & ~ (((v1 + (-0x1) * ~ (((v2 + v1) + 0x1) + ((-0x1) * v2 + (-0x1) * 0x1 | (-0x1) * v1 + (-0x1) * 0x1))) + (-0x1) * 0x1 & v1) * ((v1 + (-0x1) * ~ (((v2 + v1) + 0x1) + ((-0x1) * v2 + (-0x1) * 0x1 | (-0x1) * v1 + (-0x1) * 0x1))) + (-0x1) * 0x1 | v1) + ((v1 + (-0x1) * ~ (((v2 + v1) + 0x1) + ((-0x1) * v2 + (-0x1) * 0x1 | (-0x1) * v1 + (-0x1) * 0x1))) + (-0x1) * 0x1 & ~ v1) * (~ ((v1 + (-0x1) * ~ (((v2 + v1) + 0x1) + ((-0x1) * v2 + (-0x1) * 0x1 | (-0x1) * v1 + (-0x1) * 0x1))) + (-0x1) * 0x1) & v1))) + (((v1 + (-0x1) * ~ (((v2 + v1) + 0x1) + ((-0x1) * v2 + (-0x1) * 0x1 | (-0x1) * v1 + (-0x1) * 0x1))) + (-0x1) * 0x1 & v1) * ((v1 + (-0x1) * ~ (((v2 + v1) + 0x1) + ((-0x1) * v2 + (-0x1) * 0x1 | (-0x1) * v1 + (-0x1) * 0x1))) + (-0x1) * 0x1 | v1) + ((v1 + (-0x1) * ~ (((v2 + v1) + 0x1) + ((-0x1) * v2 + (-0x1) * 0x1 | (-0x1) * v1 + (-0x1) * 0x1))) + (-0x1) * 0x1 & ~ v1) * (~ ((v1 + (-0x1) * ~ (((v2 + v1) + 0x1) + ((-0x1) * v2 + (-0x1) * 0x1 | (-0x1) * v1 + (-0x1) * 0x1))) + (-0x1) * 0x1) & v1))) + (((-0x1) * v0 + (-0x1) * 0x1 | (~ v1 | v1) + (-0x1) * ~ v1) + (-0x1) * ((~ v1 | v1) + (-0x1) * ~ v1))) + 0x1) + ((-0x1) * ((v2 & ~ (((v1 + (-0x1) * ~ (((v2 + v1) + 0x1) + ((-0x1) * v2 + (-0x1) * 0x1 | (-0x1) * v1 + (-0x1) * 0x1))) + (-0x1) * 0x1 & v1) * ((v1 + (-0x1) * ~ (((v2 + v1) + 0x1) + ((-0x1) * v2 + (-0x1) * 0x1 | (-0x1) * v1 + (-0x1) * 0x1))) + (-0x1) * 0x1 | v1) + ((v1 + (-0x1) * ~ (((v2 + v1) + 0x1) + ((-0x1) * v2 + (-0x1) * 0x1 | (-0x1) * v1 + (-0x1) * 0x1))) + (-0x1) * 0x1 & ~ v1) * (~ ((v1 + (-0x1) * ~ (((v2 + v1) + 0x1) + ((-0x1) * v2 + (-0x1) * 0x1 | (-0x1) * v1 + (-0x1) * 0x1))) + (-0x1) * 0x1) & v1))) + (((v1 + (-0x1) * ~ (((v2 + v1) + 0x1) + ((-0x1) * v2 + (-0x1) * 0x1 | (-0x1) * v1 + (-0x1) * 0x1))) + (-0x1) * 0x1 & v1) * ((v1 + (-0x1) * ~ (((v2 + v1) + 0x1) + ((-0x1) * v2 + (-0x1) * 0x1 | (-0x1) * v1 + (-0x1) * 0x1))) + (-0x1) * 0x1 | v1) + ((v1 + (-0x1) * ~ (((v2 + v1) + 0x1) + ((-0x1) * v2 + (-0x1) * 0x1 | (-0x1) * v1 + (-0x1) * 0x1))) + (-0x1) * 0x1 & ~ v1) * (~ ((v1 + (-0x1) * ~ (((v2 + v1) + 0x1) + ((-0x1) * v2 + (-0x1) * 0x1 | (-0x1) * v1 + (-0x1) * 0x1))) + (-0x1) * 0x1) & v1))) + (-0x1) * 0x1 | (-0x1) * (((-0x1) * v0 + (-0x1) * 0x1 | (~ v1 | v1) + (-0x1) * ~ v1) + (-0x1) * ((~ v1 | v1) + (-0x1) * ~ v1)) + (-0x1) * 0x1)	(-0x1) + (-0x1) * (v0 & (-0x1) + (-0x2) * (v1 * v1) + (-0x1) * v2 + (-0x1) * (v1 * v2) + (v2 & 0x2 * (v1 * v1) + (-0x1) * (v1 * (v1 & v2)) + v1 * v2) + v1 * (v1 & v2)) + (-0x1) * (v1 & (-0x1) + (-0x2) * (v1 * v1) + (-0x1) * v2 + (-0x1) * (v1 * v2) + (v2 & 0x2 * (v1 * v1) + (-0x1) * (v1 * (v1 & v2)) + v1 * v2) + v1 * (v1 & v2)) + (v0 & v1 & (-0x1) + (-0x2) * (v1 * v1) + (-0x1) * v2 + (-0x1) * (v1 * v2) + (v2 & 0x2 * (v1 * v1) + (-0x1) * (v1 * (v1 & v2)) + v1 * v2) + v1 * (v1 & v2))
qsynth_ea.csv	53	1	edge1_ordinary_p7e_qsynth_ea_csv_53	ordinary	p7e	2e747b179653ed4d	2e747b179653ed4d	c3802feffe67e83d	7bdf48df734f90c2	110	110	(-0x1) + (-0x1) * (v0 & (-0x1) + (-0x2) * (v1 * v1) + (-0x1) * v2 + (-0x1) * (v1 * v2) + (v2 & 0x2 * (v1 * v1) + (-0x1) * (v1 * (v1 & v2)) + v1 * v2) + v1 * (v1 & v2)) + (-0x1) * (v1 & (-0x1) + (-0x2) * (v1 * v1) + (-0x1) * v2 + (-0x1) * (v1 * v2) + (v2 & 0x2 * (v1 * v1) + (-0x1) * (v1 * (v1 & v2)) + v1 * v2) + v1 * (v1 & v2)) + (v0 & v1 & (-0x1) + (-0x2) * (v1 * v1) + (-0x1) * v2 + (-0x1) * (v1 * v2) + (v2 & 0x2 * (v1 * v1) + (-0x1) * (v1 * (v1 & v2)) + v1 * v2) + v1 * (v1 & v2))	(-0x1) + (-0x1) * (v0 & (-0x1) + (-0x2) * (v1 * v1) + (-0x1) * v2 + (-0x1) * (v1 * v2) + (v2 & 0x2 * (v1 * v1) + (-0x1) * (v1 * (v1 & v2)) + v1 * v2) + v1 * (v1 & v2)) + (-0x1) * (v1 & (-0x1) + (-0x2) * (v1 * v1) + (-0x1) * v2 + (-0x1) * (v1 * v2) + (v2 & 0x2 * (v1 * v1) + (-0x1) * (v1 * (v1 & v2)) + v1 * v2) + v1 * (v1 & v2)) + (v0 & v1 & (-0x1) + (-0x2) * (v1 * v1) + (-0x1) * v2 + (-0x1) * (v1 * v2) + (v2 & 0x2 * (v1 * v1) + (-0x1) * (v1 * (v1 & v2)) + v1 * v2) + v1 * (v1 & v2))
qsynth_ea.csv	53	2	edge2_p11a_qsynth_ea_csv_53	p7e	retained	2e747b179653ed4d	fb736aa5ac2f81c4	5db2cb347c772f14	c53c79710f5e22fd	110	41	(-0x1) + (-0x1) * (v0 & (-0x1) + (-0x2) * (v1 * v1) + (-0x1) * v2 + (-0x1) * (v1 * v2) + (v2 & 0x2 * (v1 * v1) + (-0x1) * (v1 * (v1 & v2)) + v1 * v2) + v1 * (v1 & v2)) + (-0x1) * (v1 & (-0x1) + (-0x2) * (v1 * v1) + (-0x1) * v2 + (-0x1) * (v1 * v2) + (v2 & 0x2 * (v1 * v1) + (-0x1) * (v1 * (v1 & v2)) + v1 * v2) + v1 * (v1 & v2)) + (v0 & v1 & (-0x1) + (-0x2) * (v1 * v1) + (-0x1) * v2 + (-0x1) * (v1 * v2) + (v2 & 0x2 * (v1 * v1) + (-0x1) * (v1 * (v1 & v2)) + v1 * v2) + v1 * (v1 & v2))	(-0x1) * (~ (v2 | v1 * (v1 + (v1 | v2))) & v0) + (v0 & v1 & (-0x1) * (0x1 + (v2 | v1 * (v1 + (v1 | v2))))) + ((~ v1 | v2) | v1 * (v1 + (v1 | v2)))
qsynth_ea.csv	77	0	edge0_source_ordinary_qsynth_ea_csv_77	source	ordinary	f4841739522d6ef9	0c8ca3942cac7b9d	7b6506446e83dbc5	5499d57e57803070	136	24	(((~ ((v2 | v2) * 0x2 + (-0x1) * (v2 ^ v2)) | ((((v2 ^ v0) + ((v2 & v0) + (v2 & v0))) + ((v2 & v2) * (v2 | v2) + (v2 & ~ v2) * (~ v2 & v2))) + 0x1) + ((-0x1) * ((v2 ^ v0) + ((v2 & v0) + (v2 & v0))) + (-0x1) * 0x1 | (-0x1) * ((v2 & v2) * (v2 | v2) + (v2 & ~ v2) * (~ v2 & v2)) + (-0x1) * 0x1)) + (-0x1) * ~ ((v2 | v2) * 0x2 + (-0x1) * (v2 ^ v2))) + ~ ((((v0 + ((-0x1) * ((-0x1) * v0 + (-0x1) * 0x1) + (-0x1) * 0x1)) + 0x1) + ((-0x1) * v0 + (-0x1) * 0x1 | (-0x1) * ((-0x1) * ((-0x1) * v0 + (-0x1) * 0x1) + (-0x1) * 0x1) + (-0x1) * 0x1) & ~ v2) + v2)) + 0x1	(-0x1) * v0 + (-0x1) * v2 + (v0 & v2) + (0x2 * v2 & v0 + v2 + ((-0x1) + (-0x1) * v0 + (-0x1) * v2 & v2 * v2))
qsynth_ea.csv	77	1	edge1_ordinary_p7e_qsynth_ea_csv_77	ordinary	p7e	0c8ca3942cac7b9d	0c8ca3942cac7b9d	7faf6e30c7c7ce6d	c2744655bf160b2a	24	24	(-0x1) * v0 + (-0x1) * v2 + (v0 & v2) + (0x2 * v2 & v0 + v2 + ((-0x1) + (-0x1) * v0 + (-0x1) * v2 & v2 * v2))	(-0x1) * v0 + (-0x1) * v2 + (v0 & v2) + (0x2 * v2 & v0 + v2 + ((-0x1) + (-0x1) * v0 + (-0x1) * v2 & v2 * v2))
qsynth_ea.csv	77	2	edge2_p11a_qsynth_ea_csv_77	p7e	retained	0c8ca3942cac7b9d	0f803cd9f69b461b	d3e59c4c5b847ccb	630d7520c8bfb5f2	24	16	(-0x1) * v0 + (-0x1) * v2 + (v0 & v2) + (0x2 * v2 & v0 + v2 + ((-0x1) + (-0x1) * v0 + (-0x1) * v2 & v2 * v2))	(-0x1) * ((-0x1) * (0x2 * v2 & (v0 + v2 | v2 * v2)) + (v0 | v2))
qsynth_ea.csv	114	0	edge0_source_ordinary_qsynth_ea_csv_114	source	ordinary	35c8007875da7145	9e35f4a45a750b65	e2bfeb9cfa9b0c2d	579d6d0f31c5f892	147	16	(~ (((v1 & ~ ((v1 & ~ v4) + v4)) + (v1 & ~ ((v1 & ~ v4) + v4))) + (-0x1) * (v1 ^ (v1 & ~ v4) + v4)) | (~ (((~ (v1 + (-0x1) * 0x1) + (-0x1) * v4) + (-0x1) * ((~ (v1 + (-0x1) * 0x1) | ~ v4) * 0x2)) + (-0x1) * 0x2) + 0x1 & ~ (~ ((v4 & ~ v4) + (-0x1) * (~ v4 & v4)) + 0x1)) + (-0x1) * (~ (~ (((~ (v1 + (-0x1) * 0x1) + (-0x1) * v4) + (-0x1) * ((~ (v1 + (-0x1) * 0x1) | ~ v4) * 0x2)) + (-0x1) * 0x2) + 0x1) & ~ ((v4 & ~ v4) + (-0x1) * (~ v4 & v4)) + 0x1)) + (-0x1) * ~ (((v1 & ~ ((v1 & ~ v4) + v4)) + (v1 & ~ ((v1 & ~ v4) + v4))) + (-0x1) * (v1 ^ (v1 & ~ v4) + v4))	v1 + v4 + (-0x2) * (v4 & v1 + (-0x1)) & (-0x1) * v4 + (v1 & v4)
qsynth_ea.csv	114	1	edge1_ordinary_p7e_qsynth_ea_csv_114	ordinary	p7e	9e35f4a45a750b65	9e35f4a45a750b65	f34032a35b9392dd	809e9dc571f1aab2	16	16	v1 + v4 + (-0x2) * (v4 & v1 + (-0x1)) & (-0x1) * v4 + (v1 & v4)	v1 + v4 + (-0x2) * (v4 & v1 + (-0x1)) & (-0x1) * v4 + (v1 & v4)
qsynth_ea.csv	114	2	edge2_p11b_qsynth_ea_csv_114	p7e	retained	9e35f4a45a750b65	06b3d529fcaaa814	2c836dbacb84924c	3c878af7c742eb6b	16	11	v1 + v4 + (-0x2) * (v4 & v1 + (-0x1)) & (-0x1) * v4 + (v1 & v4)	(-0x1) * (v4 ^ (-0x1) * v1) & (-0x1) * (v4 & ~ v1)
qsynth_ea.csv	125	0	edge0_source_ordinary_qsynth_ea_csv_125	source	ordinary	a0d08b9327259d54	f2386eac3f7ecd20	98d70e161b2cd157	fa63b6c6ec0ba5ca	211	38	((((~ ((v3 & v3) * (v3 | v3) + (v3 & ~ v3) * (~ v3 & v3)) | (v2 ^ v4) + (-0x1) * ((~ v2 & v4) + (~ v2 & v4))) + (-0x1) * ~ ((v3 & v3) * (v3 | v3) + (v3 & ~ v3) * (~ v3 & v3))) + (((((~ v2 | v3) + v2) + 0x1 & ~ ((~ (~ (v3 + (-0x1) * 0x1)) | v2) + (-0x1) * ~ (~ (v3 + (-0x1) * 0x1)))) + ((~ (~ (v3 + (-0x1) * 0x1)) | v2) + (-0x1) * ~ (~ (v3 + (-0x1) * 0x1)))) + (-0x1) * 0x1)) + 0x1) + ((-0x1) * ((~ ((v3 & v3) * (v3 | v3) + (v3 & ~ v3) * (~ v3 & v3)) | (v2 ^ v4) + (-0x1) * ((~ v2 & v4) + (~ v2 & v4))) + (-0x1) * ~ ((v3 & v3) * (v3 | v3) + (v3 & ~ v3) * (~ v3 & v3))) + (-0x1) * 0x1 | (-0x1) * (((((~ v2 | v3) + v2) + 0x1 & ~ ((~ (~ (v3 + (-0x1) * 0x1)) | v2) + (-0x1) * ~ (~ (v3 + (-0x1) * 0x1)))) + ((~ (~ (v3 + (-0x1) * 0x1)) | v2) + (-0x1) * ~ (~ (v3 + (-0x1) * 0x1)))) + (-0x1) * 0x1) + (-0x1) * 0x1)	v2 + (-0x1) + (-0x1) * (v2 & v3 + (-0x1)) + (v2 & v3 & v3 + (-0x1)) + (v2 + (-0x1) * v4 & (-0x1) * v2 + (-0x1) * (v2 & v3 & v3 + (-0x1)) + (v2 & v3 + (-0x1)) & v3 * v3)
qsynth_ea.csv	125	1	edge1_ordinary_p7e_qsynth_ea_csv_125	ordinary	p7e	f2386eac3f7ecd20	f2386eac3f7ecd20	efdddf8bf7fa655f	80e50c739f1df170	38	38	v2 + (-0x1) + (-0x1) * (v2 & v3 + (-0x1)) + (v2 & v3 & v3 + (-0x1)) + (v2 + (-0x1) * v4 & (-0x1) * v2 + (-0x1) * (v2 & v3 & v3 + (-0x1)) + (v2 & v3 + (-0x1)) & v3 * v3)	v2 + (-0x1) + (-0x1) * (v2 & v3 + (-0x1)) + (v2 & v3 & v3 + (-0x1)) + (v2 + (-0x1) * v4 & (-0x1) * v2 + (-0x1) * (v2 & v3 & v3 + (-0x1)) + (v2 & v3 + (-0x1)) & v3 * v3)
qsynth_ea.csv	125	2	edge2_p11a_qsynth_ea_csv_125	p7e	retained	f2386eac3f7ecd20	46ff6f59c67c431b	8743dec6078f099a	10979ea2babebcc7	38	37	v2 + (-0x1) + (-0x1) * (v2 & v3 + (-0x1)) + (v2 & v3 & v3 + (-0x1)) + (v2 + (-0x1) * v4 & (-0x1) * v2 + (-0x1) * (v2 & v3 & v3 + (-0x1)) + (v2 & v3 + (-0x1)) & v3 * v3)	v2 + (v2 & v3 & v3 + (-0x1)) + (v2 + (-0x1) * v4 & (-0x1) * v2 + (-0x1) * (v2 & v3 & v3 + (-0x1)) + (v2 & v3 + (-0x1)) & v3 * v3) + ~ (v2 & v3 + (-0x1))
qsynth_ea.csv	134	0	edge0_source_ordinary_qsynth_ea_csv_134	source	ordinary	6cecacc2de377dea	a8de4b30181393b9	baf09ae7b2838cda	94ee11f6f8b8dd2d	209	32	((~ ((((((~ v2 | v4) + (-0x1) * ~ v2) + ((v2 | v4) + (v2 & v4))) + 0x1) + ((-0x1) * ((~ v2 | v4) + (-0x1) * ~ v2) + (-0x1) * 0x1 | (-0x1) * ((v2 | v4) + (v2 & v4)) + (-0x1) * 0x1)) + (-0x1) * 0x1) + ((((v4 & v4) * (v4 | v4) + (v4 & ~ v4) * (~ v4 & v4)) + ~ ((((v2 | v4) + (v2 | v4)) + (-0x1) * (v2 ^ v4) | v4) + (-0x1) * (((v2 | v4) + (v2 | v4)) + (-0x1) * (v2 ^ v4) & v4))) + 0x1)) + 0x1) + ((-0x1) * ~ ((((((~ v2 | v4) + (-0x1) * ~ v2) + ((v2 | v4) + (v2 & v4))) + 0x1) + ((-0x1) * ((~ v2 | v4) + (-0x1) * ~ v2) + (-0x1) * 0x1 | (-0x1) * ((v2 | v4) + (v2 & v4)) + (-0x1) * 0x1)) + (-0x1) * 0x1) + (-0x1) * 0x1 | (-0x1) * ((((v4 & v4) * (v4 | v4) + (v4 & ~ v4) * (~ v4 & v4)) + ~ ((((v2 | v4) + (v2 | v4)) + (-0x1) * (v2 ^ v4) | v4) + (-0x1) * (((v2 | v4) + (v2 | v4)) + (-0x1) * (v2 ^ v4) & v4))) + 0x1) + (-0x1) * 0x1)	(-0x1) + (-0x1) * (v2 + v4 + (-0x1) + (v2 & v4 & (-0x1) + (-0x1) * v2 + (-0x1) * v4) & v2 + (-0x1) + 0x2 * v4 + (-0x2) * (v4 & v2 + v4) + (-0x1) * (v4 * v4))
qsynth_ea.csv	134	1	edge1_ordinary_p7e_qsynth_ea_csv_134	ordinary	p7e	a8de4b30181393b9	a8de4b30181393b9	a09de005a65ea791	61ffa129f48005aa	32	32	(-0x1) + (-0x1) * (v2 + v4 + (-0x1) + (v2 & v4 & (-0x1) + (-0x1) * v2 + (-0x1) * v4) & v2 + (-0x1) + 0x2 * v4 + (-0x2) * (v4 & v2 + v4) + (-0x1) * (v4 * v4))	(-0x1) + (-0x1) * (v2 + v4 + (-0x1) + (v2 & v4 & (-0x1) + (-0x1) * v2 + (-0x1) * v4) & v2 + (-0x1) + 0x2 * v4 + (-0x2) * (v4 & v2 + v4) + (-0x1) * (v4 * v4))
qsynth_ea.csv	134	2	edge2_p11a_qsynth_ea_csv_134	p7e	retained	a8de4b30181393b9	8e743a8ce8c0fcb4	24c1d2cd0f7a588c	fa1cfec7e2911525	32	28	(-0x1) + (-0x1) * (v2 + v4 + (-0x1) + (v2 & v4 & (-0x1) + (-0x1) * v2 + (-0x1) * v4) & v2 + (-0x1) + 0x2 * v4 + (-0x2) * (v4 & v2 + v4) + (-0x1) * (v4 * v4))	~ (v2 + v4 + (-0x1) + (v2 & v4 & ~ (v2 + v4)) & v2 + (-0x1) + 0x2 * v4 + (-0x2) * (v4 & v2 + v4) + (-0x1) * (v4 * v4))
qsynth_ea.csv	139	0	edge0_source_ordinary_qsynth_ea_csv_139	source	ordinary	20c99e27fd23945e	aa0db5e8aefd456c	13a018f4a82b8f0f	d66ba2beccc6ba10	190	84	(~ (((v0 + (-0x1) * ((-0x1) * ((v1 | v2) + (v1 & v2)) + (-0x1) * 0x1)) + (-0x1) * ((v0 | ~ ((-0x1) * ((v1 | v2) + (v1 & v2)) + (-0x1) * 0x1)) + (v0 | ~ ((-0x1) * ((v1 | v2) + (v1 & v2)) + (-0x1) * 0x1)))) + (-0x1) * 0x2) + 0x1 | ((~ (((v0 + (-0x1) * v1) + (-0x1) * ((v0 | ~ v1) + (v0 | ~ v1))) + (-0x1) * 0x2) | v2) + (((v0 + (-0x1) * v1) + (-0x1) * ((v0 | ~ v1) + (v0 | ~ v1))) + (-0x1) * 0x2)) + 0x1) + (-0x1) * (~ (((v0 + (-0x1) * ((-0x1) * ((v1 | v2) + (v1 & v2)) + (-0x1) * 0x1)) + (-0x1) * ((v0 | ~ ((-0x1) * ((v1 | v2) + (v1 & v2)) + (-0x1) * 0x1)) + (v0 | ~ ((-0x1) * ((v1 | v2) + (v1 & v2)) + (-0x1) * 0x1)))) + (-0x1) * 0x2) + 0x1 & ((~ (((v0 + (-0x1) * v1) + (-0x1) * ((v0 | ~ v1) + (v0 | ~ v1))) + (-0x1) * 0x2) | v2) + (((v0 + (-0x1) * v1) + (-0x1) * ((v0 | ~ v1) + (v0 | ~ v1))) + (-0x1) * 0x2)) + 0x1)	v1 + v2 + 0x1 + 0x2 * (v0 & (-0x1) + (-0x1) * v1 + (-0x1) * v2) + 0x4 * (v0 & v1 & v2 & v1 + v2 + 0x1 + 0x2 * (v0 & (-0x1) + (-0x1) * v1 + (-0x1) * v2) + (-0x1) * v0) + (-0x2) * (v0 & v1 & v2) + (-0x2) * (v0 & v2 & v1 + v2 + 0x1 + 0x2 * (v0 & (-0x1) + (-0x1) * v1 + (-0x1) * v2) + (-0x1) * v0) + (-0x2) * (v1 & v2 & v1 + v2 + 0x1 + 0x2 * (v0 & (-0x1) + (-0x1) * v1 + (-0x1) * v2) + (-0x1) * v0) + (-0x1) * v0 + (v0 & v2) + (v1 & v2)
qsynth_ea.csv	139	1	edge1_ordinary_p7e_qsynth_ea_csv_139	ordinary	p7e	aa0db5e8aefd456c	aa0db5e8aefd456c	67ae9b8375c25501	0364cb8075c21146	84	84	v1 + v2 + 0x1 + 0x2 * (v0 & (-0x1) + (-0x1) * v1 + (-0x1) * v2) + 0x4 * (v0 & v1 & v2 & v1 + v2 + 0x1 + 0x2 * (v0 & (-0x1) + (-0x1) * v1 + (-0x1) * v2) + (-0x1) * v0) + (-0x2) * (v0 & v1 & v2) + (-0x2) * (v0 & v2 & v1 + v2 + 0x1 + 0x2 * (v0 & (-0x1) + (-0x1) * v1 + (-0x1) * v2) + (-0x1) * v0) + (-0x2) * (v1 & v2 & v1 + v2 + 0x1 + 0x2 * (v0 & (-0x1) + (-0x1) * v1 + (-0x1) * v2) + (-0x1) * v0) + (-0x1) * v0 + (v0 & v2) + (v1 & v2)	v1 + v2 + 0x1 + 0x2 * (v0 & (-0x1) + (-0x1) * v1 + (-0x1) * v2) + 0x4 * (v0 & v1 & v2 & v1 + v2 + 0x1 + 0x2 * (v0 & (-0x1) + (-0x1) * v1 + (-0x1) * v2) + (-0x1) * v0) + (-0x2) * (v0 & v1 & v2) + (-0x2) * (v0 & v2 & v1 + v2 + 0x1 + 0x2 * (v0 & (-0x1) + (-0x1) * v1 + (-0x1) * v2) + (-0x1) * v0) + (-0x2) * (v1 & v2 & v1 + v2 + 0x1 + 0x2 * (v0 & (-0x1) + (-0x1) * v1 + (-0x1) * v2) + (-0x1) * v0) + (-0x1) * v0 + (v0 & v2) + (v1 & v2)
qsynth_ea.csv	139	2	edge2_p11b_qsynth_ea_csv_139	p7e	retained	aa0db5e8aefd456c	3b1b325e3bb94f94	f1deb19863b60a17	04d2e368685a6b6e	84	14	v1 + v2 + 0x1 + 0x2 * (v0 & (-0x1) + (-0x1) * v1 + (-0x1) * v2) + 0x4 * (v0 & v1 & v2 & v1 + v2 + 0x1 + 0x2 * (v0 & (-0x1) + (-0x1) * v1 + (-0x1) * v2) + (-0x1) * v0) + (-0x2) * (v0 & v1 & v2) + (-0x2) * (v0 & v2 & v1 + v2 + 0x1 + 0x2 * (v0 & (-0x1) + (-0x1) * v1 + (-0x1) * v2) + (-0x1) * v0) + (-0x2) * (v1 & v2 & v1 + v2 + 0x1 + 0x2 * (v0 & (-0x1) + (-0x1) * v1 + (-0x1) * v2) + (-0x1) * v0) + (-0x1) * v0 + (v0 & v2) + (v1 & v2)	v1 & v2 ^ v2 & v0 ^ (-0x1) * (~ (v1 + v2) ^ v0)
qsynth_ea.csv	210	0	edge0_source_ordinary_qsynth_ea_csv_210	source	ordinary	024dc97e3b19a673	5356681ce6b74e93	ee4bab8ea8d9673d	e0fa73fd8f42c45a	273	23	(~ (((((v3 ^ v2) + (-0x1) * ((~ v3 & v2) * 0x2)) + (-0x1) * ((v3 ^ v3) + ((v3 & v3) + (v3 & v3)))) + (-0x1) * (((v3 ^ v2) + (-0x1) * ((~ v3 & v2) * 0x2) | ~ ((v3 ^ v3) + ((v3 & v3) + (v3 & v3)))) + ((v3 ^ v2) + (-0x1) * ((~ v3 & v2) * 0x2) | ~ ((v3 ^ v3) + ((v3 & v3) + (v3 & v3)))))) + (-0x1) * 0x2) | (~ ((v3 & (v2 & ~ v3) + (-0x1) * (~ v2 & v3)) * (v3 | (v2 & ~ v3) + (-0x1) * (~ v2 & v3)) + (v3 & ~ ((v2 & ~ v3) + (-0x1) * (~ v2 & v3))) * (~ v3 & (v2 & ~ v3) + (-0x1) * (~ v2 & v3))) | v2) + (-0x1) * ~ ((v3 & (v2 & ~ v3) + (-0x1) * (~ v2 & v3)) * (v3 | (v2 & ~ v3) + (-0x1) * (~ v2 & v3)) + (v3 & ~ ((v2 & ~ v3) + (-0x1) * (~ v2 & v3))) * (~ v3 & (v2 & ~ v3) + (-0x1) * (~ v2 & v3)))) + (-0x1) * ~ (((((v3 ^ v2) + (-0x1) * ((~ v3 & v2) * 0x2)) + (-0x1) * ((v3 ^ v3) + ((v3 & v3) + (v3 & v3)))) + (-0x1) * (((v3 ^ v2) + (-0x1) * ((~ v3 & v2) * 0x2) | ~ ((v3 ^ v3) + ((v3 & v3) + (v3 & v3)))) + ((v3 ^ v2) + (-0x1) * ((~ v3 & v2) * 0x2) | ~ ((v3 ^ v3) + ((v3 & v3) + (v3 & v3)))))) + (-0x1) * 0x2)	v2 & 0x3 * v3 + (-0x2) * (0x2 * v3 & v3 + (-0x1) * v2) + (-0x1) * v2 & (-0x1) * (v3 * v3) + v2 * v3
qsynth_ea.csv	210	1	edge1_ordinary_p7e_qsynth_ea_csv_210	ordinary	p7e	5356681ce6b74e93	5356681ce6b74e93	417e21903655cb95	938881687a0b74aa	23	23	v2 & 0x3 * v3 + (-0x2) * (0x2 * v3 & v3 + (-0x1) * v2) + (-0x1) * v2 & (-0x1) * (v3 * v3) + v2 * v3	v2 & 0x3 * v3 + (-0x2) * (0x2 * v3 & v3 + (-0x1) * v2) + (-0x1) * v2 & (-0x1) * (v3 * v3) + v2 * v3
qsynth_ea.csv	210	2	edge2_p11a_qsynth_ea_csv_210	p7e	retained	5356681ce6b74e93	c000e48010eb9fe1	566d31a5b0901817	272e5d6d94ae1972	23	15	v2 & 0x3 * v3 + (-0x2) * (0x2 * v3 & v3 + (-0x1) * v2) + (-0x1) * v2 & (-0x1) * (v3 * v3) + v2 * v3	v2 & (0x2 * v3 ^ v3 + (-0x1) * v2) & v3 * ((-0x1) * v3 + v2)
qsynth_ea.csv	234	0	edge0_source_ordinary_qsynth_ea_csv_234	source	ordinary	a020a41403f2285c	d10e5bb3ab85a73c	39e40a281892833d	df1c0a97a458b3e6	423	65	(((((v2 & v3) * (v2 | v3) + (v2 & ~ v3) * (~ v2 & v3) & (~ (v2 + (-0x1) * 0x1) | v3) + (-0x1) * ~ (v2 + (-0x1) * 0x1)) * ((v2 & v3) * (v2 | v3) + (v2 & ~ v3) * (~ v2 & v3) | (~ (v2 + (-0x1) * 0x1) | v3) + (-0x1) * ~ (v2 + (-0x1) * 0x1)) + ((v2 & v3) * (v2 | v3) + (v2 & ~ v3) * (~ v2 & v3) & ~ ((~ (v2 + (-0x1) * 0x1) | v3) + (-0x1) * ~ (v2 + (-0x1) * 0x1))) * (~ ((v2 & v3) * (v2 | v3) + (v2 & ~ v3) * (~ v2 & v3)) & (~ (v2 + (-0x1) * 0x1) | v3) + (-0x1) * ~ (v2 + (-0x1) * 0x1))) + (((v2 & v3) * (v2 | v3) + (v2 & ~ v3) * (~ v2 & v3) | (v3 & v3) * (v3 | v3) + (v3 & ~ v3) * (~ v3 & v3)) + (-0x1) * ((v2 & v3) * (v2 | v3) + (v2 & ~ v3) * (~ v2 & v3) & (v3 & v3) * (v3 | v3) + (v3 & ~ v3) * (~ v3 & v3)))) + 0x1) + ((-0x1) * (((v2 & v3) * (v2 | v3) + (v2 & ~ v3) * (~ v2 & v3) & (~ (v2 + (-0x1) * 0x1) | v3) + (-0x1) * ~ (v2 + (-0x1) * 0x1)) * ((v2 & v3) * (v2 | v3) + (v2 & ~ v3) * (~ v2 & v3) | (~ (v2 + (-0x1) * 0x1) | v3) + (-0x1) * ~ (v2 + (-0x1) * 0x1)) + ((v2 & v3) * (v2 | v3) + (v2 & ~ v3) * (~ v2 & v3) & ~ ((~ (v2 + (-0x1) * 0x1) | v3) + (-0x1) * ~ (v2 + (-0x1) * 0x1))) * (~ ((v2 & v3) * (v2 | v3) + (v2 & ~ v3) * (~ v2 & v3)) & (~ (v2 + (-0x1) * 0x1) | v3) + (-0x1) * ~ (v2 + (-0x1) * 0x1))) + (-0x1) * 0x1 | (-0x1) * (((v2 & v3) * (v2 | v3) + (v2 & ~ v3) * (~ v2 & v3) | (v3 & v3) * (v3 | v3) + (v3 & ~ v3) * (~ v3 & v3)) + (-0x1) * ((v2 & v3) * (v2 | v3) + (v2 & ~ v3) * (~ v2 & v3) & (v3 & v3) * (v3 | v3) + (v3 & ~ v3) * (~ v3 & v3))) + (-0x1) * 0x1)	0x2 * (v2 * v3 & v2 * v3 * (v3 & v2 + (-0x1)) & v3 * v3) + (-0x2) * (v2 * v3 & v3 * v3) + (-0x1) * (v2 * v3 & v2 * v3 * (v3 & v2 + (-0x1))) + (-0x1) * (v2 * v3 * (v3 & v2 + (-0x1)) & v3 * v3) + v2 * v3 + v2 * v3 * (v3 & v2 + (-0x1)) + v3 * v3
qsynth_ea.csv	234	1	edge1_ordinary_p7e_qsynth_ea_csv_234	ordinary	p7e	d10e5bb3ab85a73c	d10e5bb3ab85a73c	c1107babe172a5f5	21b02b83f404ba0e	65	65	0x2 * (v2 * v3 & v2 * v3 * (v3 & v2 + (-0x1)) & v3 * v3) + (-0x2) * (v2 * v3 & v3 * v3) + (-0x1) * (v2 * v3 & v2 * v3 * (v3 & v2 + (-0x1))) + (-0x1) * (v2 * v3 * (v3 & v2 + (-0x1)) & v3 * v3) + v2 * v3 + v2 * v3 * (v3 & v2 + (-0x1)) + v3 * v3	0x2 * (v2 * v3 & v2 * v3 * (v3 & v2 + (-0x1)) & v3 * v3) + (-0x2) * (v2 * v3 & v3 * v3) + (-0x1) * (v2 * v3 & v2 * v3 * (v3 & v2 + (-0x1))) + (-0x1) * (v2 * v3 * (v3 & v2 + (-0x1)) & v3 * v3) + v2 * v3 + v2 * v3 * (v3 & v2 + (-0x1)) + v3 * v3
qsynth_ea.csv	234	2	edge2_p11a_qsynth_ea_csv_234	p7e	retained	d10e5bb3ab85a73c	1821135fa2ef742b	44b209cfc21ed53e	f06242a78991e009	65	16	0x2 * (v2 * v3 & v2 * v3 * (v3 & v2 + (-0x1)) & v3 * v3) + (-0x2) * (v2 * v3 & v3 * v3) + (-0x1) * (v2 * v3 & v2 * v3 * (v3 & v2 + (-0x1))) + (-0x1) * (v2 * v3 * (v3 & v2 + (-0x1)) & v3 * v3) + v2 * v3 + v2 * v3 * (v3 & v2 + (-0x1)) + v3 * v3	v2 * v3 ^ v3 * v3 | v2 * v3 * (v3 & v2 + (-0x1))
qsynth_ea.csv	249	0	edge0_source_ordinary_qsynth_ea_csv_249	source	ordinary	dfcd8718250494ae	39c0aff5a88d2c0f	50d27afdafd7734e	4b5996ec1b39ddaf	666	83	(((((v1 + (-0x1) * v1) + (-0x1) * ((v1 | ~ v1) * 0x2)) + (-0x1) * 0x2 | ((v1 ^ ~ v0) + (v1 | v0) * 0x2) + 0x1) + (((v1 + (-0x1) * v1) + (-0x1) * ((v1 | ~ v1) * 0x2)) + (-0x1) * 0x2 | ((v1 ^ ~ v0) + (v1 | v0) * 0x2) + 0x1)) + (-0x1) * (((v1 + (-0x1) * v1) + (-0x1) * ((v1 | ~ v1) * 0x2)) + (-0x1) * 0x2 ^ ((v1 ^ ~ v0) + (v1 | v0) * 0x2) + 0x1) | (((((v1 & (-0x1) * v0 + (-0x1) * 0x1) * (v1 | (-0x1) * v0 + (-0x1) * 0x1) + (v1 & ~ ((-0x1) * v0 + (-0x1) * 0x1)) * (~ v1 & (-0x1) * v0 + (-0x1) * 0x1)) + (-0x1) * v1) + (-0x1) * (((v1 & (-0x1) * v0 + (-0x1) * 0x1) * (v1 | (-0x1) * v0 + (-0x1) * 0x1) + (v1 & ~ ((-0x1) * v0 + (-0x1) * 0x1)) * (~ v1 & (-0x1) * v0 + (-0x1) * 0x1) | ~ v1) + ((v1 & (-0x1) * v0 + (-0x1) * 0x1) * (v1 | (-0x1) * v0 + (-0x1) * 0x1) + (v1 & ~ ((-0x1) * v0 + (-0x1) * 0x1)) * (~ v1 & (-0x1) * v0 + (-0x1) * 0x1) | ~ v1))) + (-0x1) * 0x2 | (v0 & ~ v0) + v0) + (-0x1) * (((((v1 & (-0x1) * v0 + (-0x1) * 0x1) * (v1 | (-0x1) * v0 + (-0x1) * 0x1) + (v1 & ~ ((-0x1) * v0 + (-0x1) * 0x1)) * (~ v1 & (-0x1) * v0 + (-0x1) * 0x1)) + (-0x1) * v1) + (-0x1) * (((v1 & (-0x1) * v0 + (-0x1) * 0x1) * (v1 | (-0x1) * v0 + (-0x1) * 0x1) + (v1 & ~ ((-0x1) * v0 + (-0x1) * 0x1)) * (~ v1 & (-0x1) * v0 + (-0x1) * 0x1) | ~ v1) + ((v1 & (-0x1) * v0 + (-0x1) * 0x1) * (v1 | (-0x1) * v0 + (-0x1) * 0x1) + (v1 & ~ ((-0x1) * v0 + (-0x1) * 0x1)) * (~ v1 & (-0x1) * v0 + (-0x1) * 0x1) | ~ v1))) + (-0x1) * 0x2 & (v0 & ~ v0) + v0)) + (-0x1) * (((((v1 + (-0x1) * v1) + (-0x1) * ((v1 | ~ v1) * 0x2)) + (-0x1) * 0x2 | ((v1 ^ ~ v0) + (v1 | v0) * 0x2) + 0x1) + (((v1 + (-0x1) * v1) + (-0x1) * ((v1 | ~ v1) * 0x2)) + (-0x1) * 0x2 | ((v1 ^ ~ v0) + (v1 | v0) * 0x2) + 0x1)) + (-0x1) * (((v1 + (-0x1) * v1) + (-0x1) * ((v1 | ~ v1) * 0x2)) + (-0x1) * 0x2 ^ ((v1 ^ ~ v0) + (v1 | v0) * 0x2) + 0x1) & (((((v1 & (-0x1) * v0 + (-0x1) * 0x1) * (v1 | (-0x1) * v0 + (-0x1) * 0x1) + (v1 & ~ ((-0x1) * v0 + (-0x1) * 0x1)) * (~ v1 & (-0x1) * v0 + (-0x1) * 0x1)) + (-0x1) * v1) + (-0x1) * (((v1 & (-0x1) * v0 + (-0x1) * 0x1) * (v1 | (-0x1) * v0 + (-0x1) * 0x1) + (v1 & ~ ((-0x1) * v0 + (-0x1) * 0x1)) * (~ v1 & (-0x1) * v0 + (-0x1) * 0x1) | ~ v1) + ((v1 & (-0x1) * v0 + (-0x1) * 0x1) * (v1 | (-0x1) * v0 + (-0x1) * 0x1) + (v1 & ~ ((-0x1) * v0 + (-0x1) * 0x1)) * (~ v1 & (-0x1) * v0 + (-0x1) * 0x1) | ~ v1))) + (-0x1) * 0x2 | (v0 & ~ v0) + v0) + (-0x1) * (((((v1 & (-0x1) * v0 + (-0x1) * 0x1) * (v1 | (-0x1) * v0 + (-0x1) * 0x1) + (v1 & ~ ((-0x1) * v0 + (-0x1) * 0x1)) * (~ v1 & (-0x1) * v0 + (-0x1) * 0x1)) + (-0x1) * v1) + (-0x1) * (((v1 & (-0x1) * v0 + (-0x1) * 0x1) * (v1 | (-0x1) * v0 + (-0x1) * 0x1) + (v1 & ~ ((-0x1) * v0 + (-0x1) * 0x1)) * (~ v1 & (-0x1) * v0 + (-0x1) * 0x1) | ~ v1) + ((v1 & (-0x1) * v0 + (-0x1) * 0x1) * (v1 | (-0x1) * v0 + (-0x1) * 0x1) + (v1 & ~ ((-0x1) * v0 + (-0x1) * 0x1)) * (~ v1 & (-0x1) * v0 + (-0x1) * 0x1) | ~ v1))) + (-0x1) * 0x2 & (v0 & ~ v0) + v0))	v1 + 0x2 * v0 + 0x4 * (v0 & v0 + v1 & (-0x2) * (v1 & (-0x1) * v1 + (-0x1) * (v0 * v1)) + (-0x1) * (v0 * v1)) + (-0x2) * (v0 & v0 + v1) + (-0x2) * (v0 & (-0x2) * (v1 & (-0x1) * v1 + (-0x1) * (v0 * v1)) + (-0x1) * (v0 * v1)) + (-0x2) * (v1 & (-0x1) * v1 + (-0x1) * (v0 * v1)) + (-0x2) * (v0 + v1 & (-0x2) * (v1 & (-0x1) * v1 + (-0x1) * (v0 * v1)) + (-0x1) * (v0 * v1)) + (-0x1) * (v0 * v1)
qsynth_ea.csv	249	1	edge1_ordinary_p7e_qsynth_ea_csv_249	ordinary	p7e	39c0aff5a88d2c0f	b683f48bd39dd294	524e7eaf123de7a6	c803666669ebfe19	83	114	v1 + 0x2 * v0 + 0x4 * (v0 & v0 + v1 & (-0x2) * (v1 & (-0x1) * v1 + (-0x1) * (v0 * v1)) + (-0x1) * (v0 * v1)) + (-0x2) * (v0 & v0 + v1) + (-0x2) * (v0 & (-0x2) * (v1 & (-0x1) * v1 + (-0x1) * (v0 * v1)) + (-0x1) * (v0 * v1)) + (-0x2) * (v1 & (-0x1) * v1 + (-0x1) * (v0 * v1)) + (-0x2) * (v0 + v1 & (-0x2) * (v1 & (-0x1) * v1 + (-0x1) * (v0 * v1)) + (-0x1) * (v0 * v1)) + (-0x1) * (v0 * v1)	v1 + 0x2 * v0 + 0x4 * (v0 & v1 & v0 + v1) + 0x4 * (v0 & v1 & (-0x1) * v1 + (-0x1) * (v0 * v1)) + 0x4 * (v0 & v0 + v1 & (-0x1) * v1 + (-0x1) * (v0 * v1)) + 0x4 * (v1 & v0 + v1 & (-0x1) * v1 + (-0x1) * (v0 * v1)) + (-0x8) * (v0 & v1 & v0 + v1 & (-0x1) * v1 + (-0x1) * (v0 * v1)) + (-0x2) * (v0 & v1) + (-0x2) * (v0 & v0 + v1) + (-0x2) * (v0 & (-0x1) * v1 + (-0x1) * (v0 * v1)) + (-0x2) * (v1 & v0 + v1) + (-0x2) * (v1 & (-0x1) * v1 + (-0x1) * (v0 * v1)) + (-0x2) * (v0 + v1 & (-0x1) * v1 + (-0x1) * (v0 * v1)) + (-0x1) * (v0 * v1)
qsynth_ea.csv	249	2	edge2_p7e_qsynth_ea_csv_249	p7e	retained	b683f48bd39dd294	b683f48bd39dd294	6fc2d141670f5ec7	0d2ee3e2b3780198	114	114	v1 + 0x2 * v0 + 0x4 * (v0 & v1 & v0 + v1) + 0x4 * (v0 & v1 & (-0x1) * v1 + (-0x1) * (v0 * v1)) + 0x4 * (v0 & v0 + v1 & (-0x1) * v1 + (-0x1) * (v0 * v1)) + 0x4 * (v1 & v0 + v1 & (-0x1) * v1 + (-0x1) * (v0 * v1)) + (-0x8) * (v0 & v1 & v0 + v1 & (-0x1) * v1 + (-0x1) * (v0 * v1)) + (-0x2) * (v0 & v1) + (-0x2) * (v0 & v0 + v1) + (-0x2) * (v0 & (-0x1) * v1 + (-0x1) * (v0 * v1)) + (-0x2) * (v1 & v0 + v1) + (-0x2) * (v1 & (-0x1) * v1 + (-0x1) * (v0 * v1)) + (-0x2) * (v0 + v1 & (-0x1) * v1 + (-0x1) * (v0 * v1)) + (-0x1) * (v0 * v1)	v1 + 0x2 * v0 + 0x4 * (v0 & v1 & v0 + v1) + 0x4 * (v0 & v1 & (-0x1) * v1 + (-0x1) * (v0 * v1)) + 0x4 * (v0 & v0 + v1 & (-0x1) * v1 + (-0x1) * (v0 * v1)) + 0x4 * (v1 & v0 + v1 & (-0x1) * v1 + (-0x1) * (v0 * v1)) + (-0x8) * (v0 & v1 & v0 + v1 & (-0x1) * v1 + (-0x1) * (v0 * v1)) + (-0x2) * (v0 & v1) + (-0x2) * (v0 & v0 + v1) + (-0x2) * (v0 & (-0x1) * v1 + (-0x1) * (v0 * v1)) + (-0x2) * (v1 & v0 + v1) + (-0x2) * (v1 & (-0x1) * v1 + (-0x1) * (v0 * v1)) + (-0x2) * (v0 + v1 & (-0x1) * v1 + (-0x1) * (v0 * v1)) + (-0x1) * (v0 * v1)
qsynth_ea.csv	260	0	edge0_source_ordinary_qsynth_ea_csv_260	source	ordinary	1c9d0a2490944b46	f3ac7f5d46c6f9a8	196d323c94d71c03	cd22988857d71e20	225	31	((((((v4 & v0) * (v4 | v0) + (v4 & ~ v0) * (~ v4 & v0)) + ~ ((~ v4 + 0x1 & v0) * (~ v4 + 0x1 | v0) + (~ v4 + 0x1 & ~ v0) * (~ (~ v4 + 0x1) & v0))) + 0x1) + ((v0 & ~ ((((v4 & ~ (~ (v0 + (-0x1) * 0x1))) + ~ (v0 + (-0x1) * 0x1)) + ~ ((~ v3 | v3) + (-0x1) * ~ v3)) + 0x1)) + ((((v4 & ~ (~ (v0 + (-0x1) * 0x1))) + ~ (v0 + (-0x1) * 0x1)) + ~ ((~ v3 | v3) + (-0x1) * ~ v3)) + 0x1))) + 0x1) + ((-0x1) * ((((v4 & v0) * (v4 | v0) + (v4 & ~ v0) * (~ v4 & v0)) + ~ ((~ v4 + 0x1 & v0) * (~ v4 + 0x1 | v0) + (~ v4 + 0x1 & ~ v0) * (~ (~ v4 + 0x1) & v0))) + 0x1) + (-0x1) * 0x1 | (-0x1) * ((v0 & ~ ((((v4 & ~ (~ (v0 + (-0x1) * 0x1))) + ~ (v0 + (-0x1) * 0x1)) + ~ ((~ v3 | v3) + (-0x1) * ~ v3)) + 0x1)) + ((((v4 & ~ (~ (v0 + (-0x1) * 0x1))) + ~ (v0 + (-0x1) * 0x1)) + ~ ((~ v3 | v3) + (-0x1) * ~ v3)) + 0x1)) + (-0x1) * 0x1)	(-0x1) + (-0x1) * (v3 + (-0x1) + (-0x1) * (v4 & v0 + (-0x1)) + (v0 & (-0x1) * v0 + (-0x1) * v3 + (v4 & v0 + (-0x1))) & (-0x1) + (-0x2) * (v0 * v4))
qsynth_ea.csv	260	1	edge1_ordinary_p7e_qsynth_ea_csv_260	ordinary	p7e	f3ac7f5d46c6f9a8	f3ac7f5d46c6f9a8	dba7cae5056d5bc5	68feb65fa3a2e92a	31	31	(-0x1) + (-0x1) * (v3 + (-0x1) + (-0x1) * (v4 & v0 + (-0x1)) + (v0 & (-0x1) * v0 + (-0x1) * v3 + (v4 & v0 + (-0x1))) & (-0x1) + (-0x2) * (v0 * v4))	(-0x1) + (-0x1) * (v3 + (-0x1) + (-0x1) * (v4 & v0 + (-0x1)) + (v0 & (-0x1) * v0 + (-0x1) * v3 + (v4 & v0 + (-0x1))) & (-0x1) + (-0x2) * (v0 * v4))
qsynth_ea.csv	260	2	edge2_p11a_qsynth_ea_csv_260	p7e	retained	f3ac7f5d46c6f9a8	67ad36ac25a46858	13f1c78d8916bbc9	83f6e2dd7ca4f04a	31	28	(-0x1) + (-0x1) * (v3 + (-0x1) + (-0x1) * (v4 & v0 + (-0x1)) + (v0 & (-0x1) * v0 + (-0x1) * v3 + (v4 & v0 + (-0x1))) & (-0x1) + (-0x2) * (v0 * v4))	~ ((-0x1) + (-0x2) * (v0 * v4) & v3 + (v0 & (-0x1) * v0 + (-0x1) * v3 + (v4 & v0 + (-0x1))) + ~ (v4 & v0 + (-0x1)))
qsynth_ea.csv	294	0	edge0_source_ordinary_qsynth_ea_csv_294	source	ordinary	970e69a9779abf60	6cfedaa251d2ed50	285ffd1bf799d9ef	6e87f8d1441251c8	219	33	(((~ (v2 + (-0x1) * 0x1) | v2) + (-0x1) * (~ (v2 + (-0x1) * 0x1) & v2) & v1) * ((~ (v2 + (-0x1) * 0x1) | v2) + (-0x1) * (~ (v2 + (-0x1) * 0x1) & v2) | v1) + ((~ (v2 + (-0x1) * 0x1) | v2) + (-0x1) * (~ (v2 + (-0x1) * 0x1) & v2) & ~ v1) * (~ ((~ (v2 + (-0x1) * 0x1) | v2) + (-0x1) * (~ (v2 + (-0x1) * 0x1) & v2)) & v1)) + (-0x1) * (((~ (v2 + (-0x1) * 0x1) | v2) + (-0x1) * (~ (v2 + (-0x1) * 0x1) & v2) & v1) * ((~ (v2 + (-0x1) * 0x1) | v2) + (-0x1) * (~ (v2 + (-0x1) * 0x1) & v2) | v1) + ((~ (v2 + (-0x1) * 0x1) | v2) + (-0x1) * (~ (v2 + (-0x1) * 0x1) & v2) & ~ v1) * (~ ((~ (v2 + (-0x1) * 0x1) | v2) + (-0x1) * (~ (v2 + (-0x1) * 0x1) & v2)) & v1) & ((v1 ^ ~ ((v2 & v2) * (v2 | v2) + (v2 & ~ v2) * (~ v2 & v2))) + ((v1 | (v2 & v2) * (v2 | v2) + (v2 & ~ v2) * (~ v2 & v2)) + (v1 | (v2 & v2) * (v2 | v2) + (v2 & ~ v2) * (~ v2 & v2)))) + 0x1)	0x2 * (v1 * (v2 & v2 + (-0x1))) + (-0x2) * (v1 * v2) + (-0x1) * (v1 + v2 * v2 & 0x2 * (v1 * (v2 & v2 + (-0x1))) + (-0x2) * (v1 * v2))
qsynth_ea.csv	294	1	edge1_ordinary_p7e_qsynth_ea_csv_294	ordinary	p7e	6cfedaa251d2ed50	6cfedaa251d2ed50	04fa342bbf6764db	88e4cef1ec5aaf64	33	33	0x2 * (v1 * (v2 & v2 + (-0x1))) + (-0x2) * (v1 * v2) + (-0x1) * (v1 + v2 * v2 & 0x2 * (v1 * (v2 & v2 + (-0x1))) + (-0x2) * (v1 * v2))	0x2 * (v1 * (v2 & v2 + (-0x1))) + (-0x2) * (v1 * v2) + (-0x1) * (v1 + v2 * v2 & 0x2 * (v1 * (v2 & v2 + (-0x1))) + (-0x2) * (v1 * v2))
qsynth_ea.csv	294	2	edge2_p11a_qsynth_ea_csv_294	p7e	retained	6cfedaa251d2ed50	0f516da5d4b53c07	647dd22c7a76832a	ffa7503d25f3119b	33	29	0x2 * (v1 * (v2 & v2 + (-0x1))) + (-0x2) * (v1 * v2) + (-0x1) * (v1 + v2 * v2 & 0x2 * (v1 * (v2 & v2 + (-0x1))) + (-0x2) * (v1 * v2))	v1 * ((-0x2) * v2 ^ 0x2 * (v2 & v2 + (-0x1))) ^ v1 + v2 * v2 & v1 * ((-0x2) * v2 ^ 0x2 * (v2 & v2 + (-0x1)))
qsynth_ea.csv	309	0	edge0_source_ordinary_qsynth_ea_csv_309	source	ordinary	4a4dce6a10c180f7	6614816ee92d48be	0f5b11b3c6cdab40	6ce7f613fa0bf9b1	125	29	(~ (((v3 & ~ v2) + (-0x1) * (~ v3 & v2) ^ (-0x1) * v3 + (-0x1) * 0x1) + ((v3 & ~ v2) + (-0x1) * (~ v3 & v2) & (-0x1) * v3 + (-0x1) * 0x1) * 0x2) + 0x1 & ~ ((~ (v4 + (-0x1) * 0x1) & ~ (~ (((v4 & ~ v3) + (v4 & ~ v3)) + (-0x1) * (v4 ^ v3)) + 0x1)) + (~ (((v4 & ~ v3) + (v4 & ~ v3)) + (-0x1) * (v4 ^ v3)) + 0x1))) + ((~ (v4 + (-0x1) * 0x1) & ~ (~ (((v4 & ~ v3) + (v4 & ~ v3)) + (-0x1) * (v4 ^ v3)) + 0x1)) + (~ (((v4 & ~ v3) + (v4 & ~ v3)) + (-0x1) * (v4 ^ v3)) + 0x1))	v2 + 0x1 + (-0x1) * v4 + (-0x1) * (v2 + 0x1 & (-0x1) * v4 + (v3 + (-0x1) * v4 & v4 + (-0x1))) + (v3 + (-0x1) * v4 & v4 + (-0x1))
qsynth_ea.csv	309	1	edge1_ordinary_p7e_qsynth_ea_csv_309	ordinary	p7e	6614816ee92d48be	0721fcf949ab6e8b	07fc71695d2fe618	b23912eb79dbf7e9	29	30	v2 + 0x1 + (-0x1) * v4 + (-0x1) * (v2 + 0x1 & (-0x1) * v4 + (v3 + (-0x1) * v4 & v4 + (-0x1))) + (v3 + (-0x1) * v4 & v4 + (-0x1))	(-0x1) * v4 + (-0x1) * (v2 + 0x1 & v3 + (-0x1) * v4 & v4 + (-0x1)) + (v2 + 0x1 & v4 + (-0x1)) + (v3 + (-0x1) * v4 & v4 + (-0x1))
qsynth_ea.csv	309	2	edge2_p7e_qsynth_ea_csv_309	p7e	retained	0721fcf949ab6e8b	0721fcf949ab6e8b	34d1fd5ef94824bd	773f5561fdd385aa	30	30	(-0x1) * v4 + (-0x1) * (v2 + 0x1 & v3 + (-0x1) * v4 & v4 + (-0x1)) + (v2 + 0x1 & v4 + (-0x1)) + (v3 + (-0x1) * v4 & v4 + (-0x1))	(-0x1) * v4 + (-0x1) * (v2 + 0x1 & v3 + (-0x1) * v4 & v4 + (-0x1)) + (v2 + 0x1 & v4 + (-0x1)) + (v3 + (-0x1) * v4 & v4 + (-0x1))
qsynth_ea.csv	369	0	edge0_source_ordinary_qsynth_ea_csv_369	source	ordinary	86c81e9f84b770cb	600296b99678851f	3b86e2e84ceadb35	fb9dcf440ee27df6	560	26	(((v3 | (~ v2 | v2) + (-0x1) * ~ v2) * 0x2 + (-0x1) * (v3 ^ (~ v2 | v2) + (-0x1) * ~ v2) ^ ~ (((-0x1) * ((((v2 + ((v2 | v3) + (v2 & v3))) + 0x1) + ((-0x1) * v2 + (-0x1) * 0x1 | (-0x1) * ((v2 | v3) + (v2 & v3)) + (-0x1) * 0x1) & v3) * (((v2 + ((v2 | v3) + (v2 & v3))) + 0x1) + ((-0x1) * v2 + (-0x1) * 0x1 | (-0x1) * ((v2 | v3) + (v2 & v3)) + (-0x1) * 0x1) | v3) + (((v2 + ((v2 | v3) + (v2 & v3))) + 0x1) + ((-0x1) * v2 + (-0x1) * 0x1 | (-0x1) * ((v2 | v3) + (v2 & v3)) + (-0x1) * 0x1) & ~ v3) * (~ (((v2 + ((v2 | v3) + (v2 & v3))) + 0x1) + ((-0x1) * v2 + (-0x1) * 0x1 | (-0x1) * ((v2 | v3) + (v2 & v3)) + (-0x1) * 0x1)) & v3)) + (-0x1) * 0x1 & ~ ((-0x1) * ((~ v3 | v3) + (-0x1) * ~ v3) + (-0x1) * 0x1)) + ((-0x1) * ((~ v3 | v3) + (-0x1) * ~ v3) + (-0x1) * 0x1))) + (((v3 | (~ v2 | v2) + (-0x1) * ~ v2) * 0x2 + (-0x1) * (v3 ^ (~ v2 | v2) + (-0x1) * ~ v2) | ((-0x1) * ((((v2 + ((v2 | v3) + (v2 & v3))) + 0x1) + ((-0x1) * v2 + (-0x1) * 0x1 | (-0x1) * ((v2 | v3) + (v2 & v3)) + (-0x1) * 0x1) & v3) * (((v2 + ((v2 | v3) + (v2 & v3))) + 0x1) + ((-0x1) * v2 + (-0x1) * 0x1 | (-0x1) * ((v2 | v3) + (v2 & v3)) + (-0x1) * 0x1) | v3) + (((v2 + ((v2 | v3) + (v2 & v3))) + 0x1) + ((-0x1) * v2 + (-0x1) * 0x1 | (-0x1) * ((v2 | v3) + (v2 & v3)) + (-0x1) * 0x1) & ~ v3) * (~ (((v2 + ((v2 | v3) + (v2 & v3))) + 0x1) + ((-0x1) * v2 + (-0x1) * 0x1 | (-0x1) * ((v2 | v3) + (v2 & v3)) + (-0x1) * 0x1)) & v3)) + (-0x1) * 0x1 & ~ ((-0x1) * ((~ v3 | v3) + (-0x1) * ~ v3) + (-0x1) * 0x1)) + ((-0x1) * ((~ v3 | v3) + (-0x1) * ~ v3) + (-0x1) * 0x1)) + ((v3 | (~ v2 | v2) + (-0x1) * ~ v2) * 0x2 + (-0x1) * (v3 ^ (~ v2 | v2) + (-0x1) * ~ v2) | ((-0x1) * ((((v2 + ((v2 | v3) + (v2 & v3))) + 0x1) + ((-0x1) * v2 + (-0x1) * 0x1 | (-0x1) * ((v2 | v3) + (v2 & v3)) + (-0x1) * 0x1) & v3) * (((v2 + ((v2 | v3) + (v2 & v3))) + 0x1) + ((-0x1) * v2 + (-0x1) * 0x1 | (-0x1) * ((v2 | v3) + (v2 & v3)) + (-0x1) * 0x1) | v3) + (((v2 + ((v2 | v3) + (v2 & v3))) + 0x1) + ((-0x1) * v2 + (-0x1) * 0x1 | (-0x1) * ((v2 | v3) + (v2 & v3)) + (-0x1) * 0x1) & ~ v3) * (~ (((v2 + ((v2 | v3) + (v2 & v3))) + 0x1) + ((-0x1) * v2 + (-0x1) * 0x1 | (-0x1) * ((v2 | v3) + (v2 & v3)) + (-0x1) * 0x1)) & v3)) + (-0x1) * 0x1 & ~ ((-0x1) * ((~ v3 | v3) + (-0x1) * ~ v3) + (-0x1) * 0x1)) + ((-0x1) * ((~ v3 | v3) + (-0x1) * ~ v3) + (-0x1) * 0x1)))) + 0x1	v2 + (-0x1) + (v3 & (-0x1) + (-0x1) * (v2 * v3) + (-0x1) * (v3 * v3) + (-0x1) * (v3 * (v2 & (-0x1) + (-0x1) * v2 + (-0x1) * v3)))
qsynth_ea.csv	369	1	edge1_ordinary_p7e_qsynth_ea_csv_369	ordinary	p7e	600296b99678851f	600296b99678851f	152c866334d37f65	8653f060bcb051be	26	26	v2 + (-0x1) + (v3 & (-0x1) + (-0x1) * (v2 * v3) + (-0x1) * (v3 * v3) + (-0x1) * (v3 * (v2 & (-0x1) + (-0x1) * v2 + (-0x1) * v3)))	v2 + (-0x1) + (v3 & (-0x1) + (-0x1) * (v2 * v3) + (-0x1) * (v3 * v3) + (-0x1) * (v3 * (v2 & (-0x1) + (-0x1) * v2 + (-0x1) * v3)))
qsynth_ea.csv	369	2	edge2_p11a_qsynth_ea_csv_369	p7e	retained	600296b99678851f	5f77fed987cd2899	b93156b48a2cca4b	5db9b9fd6c006964	26	13	v2 + (-0x1) + (v3 & (-0x1) + (-0x1) * (v2 * v3) + (-0x1) * (v3 * v3) + (-0x1) * (v3 * (v2 & (-0x1) + (-0x1) * v2 + (-0x1) * v3)))	v2 + (-0x1) + (v3 & ~ (v3 * (v2 | v2 + v3)))
qsynth_ea.csv	392	0	edge0_source_ordinary_qsynth_ea_csv_392	source	ordinary	42f8197d2aa53c36	d2aee4cb5ba2dc93	f0527867c1f14c82	11ba241210cee547	190	25	(~ (((v4 + (-0x1) * v4) + (-0x1) * ((v4 | ~ v4) * 0x2)) + (-0x1) * 0x2) + 0x1 | (((((v3 | v4) + (v3 & v4) & ~ ((v4 | v4) * 0x2 + (-0x1) * (v4 ^ v4))) + ((v4 | v4) * 0x2 + (-0x1) * (v4 ^ v4))) + v3) + 0x1) + ((-0x1) * (((v3 | v4) + (v3 & v4) & ~ ((v4 | v4) * 0x2 + (-0x1) * (v4 ^ v4))) + ((v4 | v4) * 0x2 + (-0x1) * (v4 ^ v4))) + (-0x1) * 0x1 | (-0x1) * v3 + (-0x1) * 0x1)) + (-0x1) * (~ (((v4 + (-0x1) * v4) + (-0x1) * ((v4 | ~ v4) * 0x2)) + (-0x1) * 0x2) + 0x1 & (((((v3 | v4) + (v3 & v4) & ~ ((v4 | v4) * 0x2 + (-0x1) * (v4 ^ v4))) + ((v4 | v4) * 0x2 + (-0x1) * (v4 ^ v4))) + v3) + 0x1) + ((-0x1) * (((v3 | v4) + (v3 & v4) & ~ ((v4 | v4) * 0x2 + (-0x1) * (v4 ^ v4))) + ((v4 | v4) * 0x2 + (-0x1) * (v4 ^ v4))) + (-0x1) * 0x1 | (-0x1) * v3 + (-0x1) * 0x1))	v3 + 0x3 * v4 + (-0x1) * (0x2 * v4 & v3 + v4) + (v3 & (-0x1) + (-0x3) * v4 + (-0x1) * v3 + (0x2 * v4 & v3 + v4))
qsynth_ea.csv	392	1	edge1_ordinary_p7e_qsynth_ea_csv_392	ordinary	p7e	d2aee4cb5ba2dc93	185fcf203c4e44b7	13853d6caba7a77d	06c24f2a044a7600	25	30	v3 + 0x3 * v4 + (-0x1) * (0x2 * v4 & v3 + v4) + (v3 & (-0x1) + (-0x3) * v4 + (-0x1) * v3 + (0x2 * v4 & v3 + v4))	0x2 * v3 + 0x3 * v4 + (-0x1) * (v3 & 0x2 * v4) + (-0x1) * (v3 & v3 + v4) + (-0x1) * (0x2 * v4 & v3 + v4) + (v3 & 0x2 * v4 & v3 + v4)
qsynth_ea.csv	392	2	edge2_p7e_qsynth_ea_csv_392	p7e	retained	185fcf203c4e44b7	185fcf203c4e44b7	73385a1b44342e55	044ca21be0cb728e	30	30	0x2 * v3 + 0x3 * v4 + (-0x1) * (v3 & 0x2 * v4) + (-0x1) * (v3 & v3 + v4) + (-0x1) * (0x2 * v4 & v3 + v4) + (v3 & 0x2 * v4 & v3 + v4)	0x2 * v3 + 0x3 * v4 + (-0x1) * (v3 & 0x2 * v4) + (-0x1) * (v3 & v3 + v4) + (-0x1) * (0x2 * v4 & v3 + v4) + (v3 & 0x2 * v4 & v3 + v4)
qsynth_ea.csv	423	0	edge0_source_ordinary_qsynth_ea_csv_423	source	ordinary	7c1191898caa3364	d40309c07dc1a936	8d85df5bb2eca93d	e7a4d034cacf50d8	113	25	((v0 + (((((v2 + ((v0 | v0) * 0x2 + (-0x1) * (v0 ^ v0))) + 0x1) + ((-0x1) * v2 + (-0x1) * 0x1 | (-0x1) * ((v0 | v0) * 0x2 + (-0x1) * (v0 ^ v0)) + (-0x1) * 0x1)) + (-0x1) * ~ ((v2 + (-0x1) * ~ v0) + (-0x1) * 0x1)) + (-0x1) * 0x1)) + 0x1) + ((-0x1) * v0 + (-0x1) * 0x1 | (-0x1) * (((((v2 + ((v0 | v0) * 0x2 + (-0x1) * (v0 ^ v0))) + 0x1) + ((-0x1) * v2 + (-0x1) * 0x1 | (-0x1) * ((v0 | v0) * 0x2 + (-0x1) * (v0 ^ v0)) + (-0x1) * 0x1)) + (-0x1) * ~ ((v2 + (-0x1) * ~ v0) + (-0x1) * 0x1)) + (-0x1) * 0x1) + (-0x1) * 0x1)	v2 + 0x3 * v0 + (v0 & (-0x1) + (-0x3) * v0 + (-0x1) * v2 + (-0x1) * (v2 & (-0x1) + (-0x2) * v0)) + (v2 & (-0x1) + (-0x2) * v0)
qsynth_ea.csv	423	1	edge1_ordinary_p7e_qsynth_ea_csv_423	ordinary	p7e	d40309c07dc1a936	d40309c07dc1a936	e52145753b2409f7	5f5b527d80aa8d88	25	25	v2 + 0x3 * v0 + (v0 & (-0x1) + (-0x3) * v0 + (-0x1) * v2 + (-0x1) * (v2 & (-0x1) + (-0x2) * v0)) + (v2 & (-0x1) + (-0x2) * v0)	v2 + 0x3 * v0 + (v0 & (-0x1) + (-0x3) * v0 + (-0x1) * v2 + (-0x1) * (v2 & (-0x1) + (-0x2) * v0)) + (v2 & (-0x1) + (-0x2) * v0)
qsynth_ea.csv	423	2	edge2_p11b_qsynth_ea_csv_423	p7e	retained	d40309c07dc1a936	1218f23d6ce9b460	832a12168a73cd35	fc44d3179c16fbba	25	9	v2 + 0x3 * v0 + (v0 & (-0x1) + (-0x3) * v0 + (-0x1) * v2 + (-0x1) * (v2 & (-0x1) + (-0x2) * v0)) + (v2 & (-0x1) + (-0x2) * v0)	v0 | v2 + v0 + (v2 | 0x2 * v0)
qsynth_ea.csv	481	0	edge0_source_ordinary_qsynth_ea_csv_481	source	ordinary	0e2c11e9122cc53e	9393cfd80e20fecf	fe901b80309b2c62	86cba71a5c8034a7	348	94	(~ ((((((v0 & v2) * (v0 | v2) + (v0 & ~ v2) * (~ v0 & v2) & ~ v0) + v0) + ((v0 ^ ~ (((~ v1 | v0) + (-0x1) * ~ v1) + (-0x1) * 0x1)) + (-0x1) * ((~ v0 & ~ (((~ v1 | v0) + (-0x1) * ~ v1) + (-0x1) * 0x1)) + (~ v0 & ~ (((~ v1 | v0) + (-0x1) * ~ v1) + (-0x1) * 0x1))))) + 0x1) + ((-0x1) * (((v0 & v2) * (v0 | v2) + (v0 & ~ v2) * (~ v0 & v2) & ~ v0) + v0) + (-0x1) * 0x1 | (-0x1) * ((v0 ^ ~ (((~ v1 | v0) + (-0x1) * ~ v1) + (-0x1) * 0x1)) + (-0x1) * ((~ v0 & ~ (((~ v1 | v0) + (-0x1) * ~ v1) + (-0x1) * 0x1)) + (~ v0 & ~ (((~ v1 | v0) + (-0x1) * ~ v1) + (-0x1) * 0x1)))) + (-0x1) * 0x1)) + 0x1 | (~ (v1 + (-0x1) * 0x1) & ~ v1) + (-0x1) * (~ (~ (v1 + (-0x1) * 0x1)) & v1)) + (-0x1) * (~ ((((((v0 & v2) * (v0 | v2) + (v0 & ~ v2) * (~ v0 & v2) & ~ v0) + v0) + ((v0 ^ ~ (((~ v1 | v0) + (-0x1) * ~ v1) + (-0x1) * 0x1)) + (-0x1) * ((~ v0 & ~ (((~ v1 | v0) + (-0x1) * ~ v1) + (-0x1) * 0x1)) + (~ v0 & ~ (((~ v1 | v0) + (-0x1) * ~ v1) + (-0x1) * 0x1))))) + 0x1) + ((-0x1) * (((v0 & v2) * (v0 | v2) + (v0 & ~ v2) * (~ v0 & v2) & ~ v0) + v0) + (-0x1) * 0x1 | (-0x1) * ((v0 ^ ~ (((~ v1 | v0) + (-0x1) * ~ v1) + (-0x1) * 0x1)) + (-0x1) * ((~ v0 & ~ (((~ v1 | v0) + (-0x1) * ~ v1) + (-0x1) * 0x1)) + (~ v0 & ~ (((~ v1 | v0) + (-0x1) * ~ v1) + (-0x1) * 0x1)))) + (-0x1) * 0x1)) + 0x1 & (~ (v1 + (-0x1) * 0x1) & ~ v1) + (-0x1) * (~ (~ (v1 + (-0x1) * 0x1)) & v1))	(-0x2) * v1 + (-0x2) * ((-0x2) * v1 & (-0x1) * v0 + (-0x1) * (v0 & v1) + (-0x1) * (v0 & (-0x1) + (-0x1) * v0 + (-0x1) * (v0 & v1)) + (-0x1) * ((-0x1) + (-0x1) * v0 + (-0x1) * (v0 & v1) & v0 * v2) + (v0 & (-0x1) + (-0x1) * v0 + (-0x1) * (v0 & v1) & v0 * v2)) + (-0x1) * v0 + (-0x1) * (v0 & v1) + (-0x1) * (v0 & (-0x1) + (-0x1) * v0 + (-0x1) * (v0 & v1)) + (-0x1) * ((-0x1) + (-0x1) * v0 + (-0x1) * (v0 & v1) & v0 * v2) + (v0 & (-0x1) + (-0x1) * v0 + (-0x1) * (v0 & v1) & v0 * v2)
qsynth_ea.csv	481	1	edge1_ordinary_p7e_qsynth_ea_csv_481	ordinary	p7e	9393cfd80e20fecf	9393cfd80e20fecf	3f9d53f8e5bdb5a5	7ff4f2eac4bf337a	94	94	(-0x2) * v1 + (-0x2) * ((-0x2) * v1 & (-0x1) * v0 + (-0x1) * (v0 & v1) + (-0x1) * (v0 & (-0x1) + (-0x1) * v0 + (-0x1) * (v0 & v1)) + (-0x1) * ((-0x1) + (-0x1) * v0 + (-0x1) * (v0 & v1) & v0 * v2) + (v0 & (-0x1) + (-0x1) * v0 + (-0x1) * (v0 & v1) & v0 * v2)) + (-0x1) * v0 + (-0x1) * (v0 & v1) + (-0x1) * (v0 & (-0x1) + (-0x1) * v0 + (-0x1) * (v0 & v1)) + (-0x1) * ((-0x1) + (-0x1) * v0 + (-0x1) * (v0 & v1) & v0 * v2) + (v0 & (-0x1) + (-0x1) * v0 + (-0x1) * (v0 & v1) & v0 * v2)	(-0x2) * v1 + (-0x2) * ((-0x2) * v1 & (-0x1) * v0 + (-0x1) * (v0 & v1) + (-0x1) * (v0 & (-0x1) + (-0x1) * v0 + (-0x1) * (v0 & v1)) + (-0x1) * ((-0x1) + (-0x1) * v0 + (-0x1) * (v0 & v1) & v0 * v2) + (v0 & (-0x1) + (-0x1) * v0 + (-0x1) * (v0 & v1) & v0 * v2)) + (-0x1) * v0 + (-0x1) * (v0 & v1) + (-0x1) * (v0 & (-0x1) + (-0x1) * v0 + (-0x1) * (v0 & v1)) + (-0x1) * ((-0x1) + (-0x1) * v0 + (-0x1) * (v0 & v1) & v0 * v2) + (v0 & (-0x1) + (-0x1) * v0 + (-0x1) * (v0 & v1) & v0 * v2)
qsynth_ea.csv	481	2	edge2_p11a_qsynth_ea_csv_481	p7e	retained	9393cfd80e20fecf	079f23db709eae50	435a938996e6a8b6	c72f09e4f0e2a649	94	41	(-0x2) * v1 + (-0x2) * ((-0x2) * v1 & (-0x1) * v0 + (-0x1) * (v0 & v1) + (-0x1) * (v0 & (-0x1) + (-0x1) * v0 + (-0x1) * (v0 & v1)) + (-0x1) * ((-0x1) + (-0x1) * v0 + (-0x1) * (v0 & v1) & v0 * v2) + (v0 & (-0x1) + (-0x1) * v0 + (-0x1) * (v0 & v1) & v0 * v2)) + (-0x1) * v0 + (-0x1) * (v0 & v1) + (-0x1) * (v0 & (-0x1) + (-0x1) * v0 + (-0x1) * (v0 & v1)) + (-0x1) * ((-0x1) + (-0x1) * v0 + (-0x1) * (v0 & v1) & v0 * v2) + (v0 & (-0x1) + (-0x1) * v0 + (-0x1) * (v0 & v1) & v0 * v2)	(-0x2) * v1 ^ (-0x1) * v0 + (-0x1) * (v0 & v1) + (-0x1) * (v0 & ~ (v0 + (v0 & v1))) + (-0x1) * (v0 * v2 & ~ (v0 + (v0 & v1))) + (v0 & ~ (v0 + (v0 & v1)) & v0 * v2)
qsynth_ea.csv	486	0	edge0_source_ordinary_qsynth_ea_csv_486	source	ordinary	397cd5caf10bdef6	ddd40cad1cc018b7	f8d3511b994d7aae	2142964a6e0bd5bf	244	91	(~ ((~ v0 | ~ (v2 + (-0x1) * 0x1)) + (-0x1) * ~ v0) + 0x1 | (~ ((((~ v2 | (v0 & ~ v1) + v1) + v2) + 0x1) + (-0x1) * 0x1) & (v1 | v2) + (v1 & v2)) * (~ ((((~ v2 | (v0 & ~ v1) + v1) + v2) + 0x1) + (-0x1) * 0x1) | (v1 | v2) + (v1 & v2)) + (~ ((((~ v2 | (v0 & ~ v1) + v1) + v2) + 0x1) + (-0x1) * 0x1) & ~ ((v1 | v2) + (v1 & v2))) * (~ (~ ((((~ v2 | (v0 & ~ v1) + v1) + v2) + 0x1) + (-0x1) * 0x1)) & (v1 | v2) + (v1 & v2))) + (-0x1) * (~ ((~ v0 | ~ (v2 + (-0x1) * 0x1)) + (-0x1) * ~ v0) + 0x1 & (~ ((((~ v2 | (v0 & ~ v1) + v1) + v2) + 0x1) + (-0x1) * 0x1) & (v1 | v2) + (v1 & v2)) * (~ ((((~ v2 | (v0 & ~ v1) + v1) + v2) + 0x1) + (-0x1) * 0x1) | (v1 | v2) + (v1 & v2)) + (~ ((((~ v2 | (v0 & ~ v1) + v1) + v2) + 0x1) + (-0x1) * 0x1) & ~ ((v1 | v2) + (v1 & v2))) * (~ (~ ((((~ v2 | (v0 & ~ v1) + v1) + v2) + 0x1) + (-0x1) * 0x1)) & (v1 | v2) + (v1 & v2)))	(-0x2) * ((-0x1) * v0 + (v0 & v2 + (-0x1)) & (-0x1) * (v1 * (v0 & v2)) + (-0x1) * (v1 * (v1 & v2)) + (-0x1) * (v2 * (v0 & v2)) + (-0x1) * (v2 * (v1 & v2)) + v1 * (v0 & v1 & v2) + v2 * (v0 & v1 & v2)) + (-0x1) * v0 + (-0x1) * (v1 * (v0 & v2)) + (-0x1) * (v1 * (v1 & v2)) + (-0x1) * (v2 * (v0 & v2)) + (-0x1) * (v2 * (v1 & v2)) + (v0 & v2 + (-0x1)) + v1 * (v0 & v1 & v2) + v2 * (v0 & v1 & v2)
qsynth_ea.csv	486	1	edge1_ordinary_p7e_qsynth_ea_csv_486	ordinary	p7e	ddd40cad1cc018b7	ddd40cad1cc018b7	704565d82023d435	d68512df938871ca	91	91	(-0x2) * ((-0x1) * v0 + (v0 & v2 + (-0x1)) & (-0x1) * (v1 * (v0 & v2)) + (-0x1) * (v1 * (v1 & v2)) + (-0x1) * (v2 * (v0 & v2)) + (-0x1) * (v2 * (v1 & v2)) + v1 * (v0 & v1 & v2) + v2 * (v0 & v1 & v2)) + (-0x1) * v0 + (-0x1) * (v1 * (v0 & v2)) + (-0x1) * (v1 * (v1 & v2)) + (-0x1) * (v2 * (v0 & v2)) + (-0x1) * (v2 * (v1 & v2)) + (v0 & v2 + (-0x1)) + v1 * (v0 & v1 & v2) + v2 * (v0 & v1 & v2)	(-0x2) * ((-0x1) * v0 + (v0 & v2 + (-0x1)) & (-0x1) * (v1 * (v0 & v2)) + (-0x1) * (v1 * (v1 & v2)) + (-0x1) * (v2 * (v0 & v2)) + (-0x1) * (v2 * (v1 & v2)) + v1 * (v0 & v1 & v2) + v2 * (v0 & v1 & v2)) + (-0x1) * v0 + (-0x1) * (v1 * (v0 & v2)) + (-0x1) * (v1 * (v1 & v2)) + (-0x1) * (v2 * (v0 & v2)) + (-0x1) * (v2 * (v1 & v2)) + (v0 & v2 + (-0x1)) + v1 * (v0 & v1 & v2) + v2 * (v0 & v1 & v2)
qsynth_ea.csv	486	2	edge2_p11a_qsynth_ea_csv_486	p7e	retained	ddd40cad1cc018b7	ab79f0251e3cf510	01acf63ea137a2e6	fa95b41923bdf767	91	19	(-0x2) * ((-0x1) * v0 + (v0 & v2 + (-0x1)) & (-0x1) * (v1 * (v0 & v2)) + (-0x1) * (v1 * (v1 & v2)) + (-0x1) * (v2 * (v0 & v2)) + (-0x1) * (v2 * (v1 & v2)) + v1 * (v0 & v1 & v2) + v2 * (v0 & v1 & v2)) + (-0x1) * v0 + (-0x1) * (v1 * (v0 & v2)) + (-0x1) * (v1 * (v1 & v2)) + (-0x1) * (v2 * (v0 & v2)) + (-0x1) * (v2 * (v1 & v2)) + (v0 & v2 + (-0x1)) + v1 * (v0 & v1 & v2) + v2 * (v0 & v1 & v2)	(-0x1) * v0 + (v0 & v2 + (-0x1)) ^ (v1 + v2) * ((-0x1) * (v2 & (v1 | v0)))
