dataset	line	retained_pass	best_pass	required_id	diagnostic_id	source_nodes	ordinary_nodes	after_p7e_nodes	retained_nodes	best_nodes	source_hash	ordinary_hash	after_p7e_hash	retained_hash	best_hash	required_pair_hash	diagnostic_pair_hash	source	ordinary	after_p7e	retained_candidate	best_candidate
loki_tiny.csv	1841	p7e	p9l_base	required_p7e_loki_tiny_csv_1841	diagnostic_p9l_base_loki_tiny_csv_1841	22	30	5	5	3	64012ec646a4a584	da4ca7dfde7a6acd	3d54a8dc81ba06e8	3d54a8dc81ba06e8	536a9b6c358c7562	351b6d51027d42ad	818b0f2f02b752c2	~ (v0 + v1) & (-0x1) * (~ (v0 + v1) & (-0x1) * ~ (v0 + v1)) ^ ~ (v1 & ~ v1)	v0 + v1 + (-0x1) * (v0 + v1 & v0 + v1 + 0x1) + (v0 + v1 & (-0x1) + (-0x1) * v0 + (-0x1) * v1 + (v0 + v1 & v0 + v1 + 0x1))	(v0) + (v1)	(v0) + (v1)	v0 + v1
loki_tiny.csv	2319	p9l	p9l_base	required_p9l_loki_tiny_csv_2319	diagnostic_p9l_base_loki_tiny_csv_2319	24	9	9	3	3	600267fd1ddc2900	02a9072c164e073d	02a9072c164e073d	536a9b6c358c7562	536a9b6c358c7562	c7324a22e620de53	3bdf73882802f8ee	~ (v0 & ~ (~ (v1 | ~ v1))) + ((-0x1) * v1 & ~ (v1 & v1 + v1)) ^ (v1 ^ ~ v1)	v0 + v1 + (v1 & 0x2 * v1 & (-0x1) * v1)	v0 + v1 + (v1 & 0x2 * v1 & (-0x1) * v1)	v0 + v1	v0 + v1
loki_tiny.csv	2499	p9l	p9l_base	required_p9l_loki_tiny_csv_2499	diagnostic_p9l_base_loki_tiny_csv_2499	36	9	9	3	3	1e1abe7221b78248	6a058e4ea4798759	6a058e4ea4798759	536a9b6c358c7562	536a9b6c358c7562	f18ccba1f54189e7	28bd0e7ba84c174a	(-0x1) * (~ (~ ((-0x1) * v0 & ~ (v0 & (-0x1) * (v0 + v0))) + ((-0x1) * v1 + (v1 + v1)) ^ (-0x1) * ((-0x1) * v1 + (v1 + v1))) ^ (-0x1) * ((-0x1) * v1 + (v1 + v1)))	v0 + v1 + (v0 & (-0x2) * v0 & (-0x1) * v0)	v0 + v1 + (v0 & (-0x2) * v0 & (-0x1) * v0)	v0 + v1	v0 + v1
loki_tiny.csv	2631	p9l	p9l_base	required_p9l_loki_tiny_csv_2631	diagnostic_p9l_base_loki_tiny_csv_2631	37	9	9	3	3	347f1fe67abb77f2	02a9072c164e073d	02a9072c164e073d	536a9b6c358c7562	536a9b6c358c7562	d29a2d79efeb823d	3bdf73882802f8ee	v0 + ~ (~ (~ (((-0x1) * v1 & ~ (v1 & v1 + v1)) + ~ ((-0x1) * v1 | ~ (v1 & v1 + v1)) & ~ (v1 & v1 + v1))) + (v1 ^ ~ v1))	v0 + v1 + (v1 & 0x2 * v1 & (-0x1) * v1)	v0 + v1 + (v1 & 0x2 * v1 & (-0x1) * v1)	v0 + v1	v0 + v1
loki_tiny.csv	2729	p9l	p9l_base	required_p9l_loki_tiny_csv_2729	diagnostic_p9l_base_loki_tiny_csv_2729	67	9	9	3	3	3cca663f7b6dcaf6	19bb0c861144fa16	19bb0c861144fa16	536a9b6c358c7562	536a9b6c358c7562	7373551289465fff	6d4965fc1156b8d9	~ (~ v0 + ((-0x1) * ~ ((-0x1) * v0 ^ ((-0x1) * v0 ^ ~ ((-0x1) * v0 + (v0 + v1)))) & ~ (~ ((-0x1) * v0 ^ ((-0x1) * v0 ^ ~ ((-0x1) * v0 + (v0 + v1)))) & (-0x1) * ~ ((-0x1) * v0 ^ ((-0x1) * v0 ^ ~ ((-0x1) * v0 + (v0 + v1)))) + (-0x1) * ~ ((-0x1) * v0 ^ ((-0x1) * v0 ^ ~ ((-0x1) * v0 + (v0 + v1)))))))	v0 + v1 + (v1 & (-0x2) * v1 & (-0x1) * v1)	v0 + v1 + (v1 & (-0x2) * v1 & (-0x1) * v1)	v0 + v1	v0 + v1
loki_tiny.csv	2772	p7e	p9l_base	required_p7e_loki_tiny_csv_2772	diagnostic_p9l_base_loki_tiny_csv_2772	25	24	5	5	3	965150440b25d8e6	ee09dc9a0032fdc3	3d54a8dc81ba06e8	3d54a8dc81ba06e8	536a9b6c358c7562	3471a3891bf0d42f	f557ec1c61a4bbb8	(-0x1) * ((~ ((~ ((-0x1) * (v0 + v1 ^ (-0x1) * v1)) ^ (-0x1) * v1) ^ (-0x1) * v1) ^ (-0x1) * v1) ^ (-0x1) * v1) ^ (-0x1) * v1	v0 + (-0x2) * ((-0x1) * v1 & v0 + v1) + (-0x2) * ((-0x1) * v1 & v0 + (-0x2) * ((-0x1) * v1 & v0 + v1)) + (-0x1) * v1	(v0) + (v1)	(v0) + (v1)	v0 + v1
loki_tiny.csv	2929	p9l	p9l_base	required_p9l_loki_tiny_csv_2929	diagnostic_p9l_base_loki_tiny_csv_2929	90	22	22	3	3	c34a655a2ba5cefd	a579aa5fdee94edb	a579aa5fdee94edb	536a9b6c358c7562	536a9b6c358c7562	5fbf3ec73346792e	279dd53eecf50f64	~ ((-0x1) * v0 + ~ (~ (v0 | ~ v0) | ((~ (v0 | ~ v0) & v1 | v1) | v1)) & ((-0x1) * v0 + ~ (~ (v0 | ~ v0) | ((~ (v0 | ~ v0) & v1 | v1) | v1)) & (-0x1) * ((-0x1) * v0 + ~ (~ (v0 | ~ v0) | ((~ (v0 | ~ v0) & v1 | v1) | v1)) & (-0x1) * ((-0x1) * v0 + ~ (~ (v0 | ~ v0) | ((~ (v0 | ~ v0) & v1 | v1) | v1))))))	(-0x1) + (-0x1) * ((-0x1) * (v0 + v1 + 0x1 & (-0x1) + (-0x1) * v0 + (-0x1) * v1) & (-0x1) + (-0x1) * v0 + (-0x1) * v1)	(-0x1) + (-0x1) * ((-0x1) * (v0 + v1 + 0x1 & (-0x1) + (-0x1) * v0 + (-0x1) * v1) & (-0x1) + (-0x1) * v0 + (-0x1) * v1)	v0 + v1	v0 + v1
loki_tiny.csv	3312	p9l	p9l_base	required_p9l_loki_tiny_csv_3312	diagnostic_p9l_base_loki_tiny_csv_3312	43	18	18	3	3	5c2a12e11418d78a	3c75bc9ca19eeef4	3c75bc9ca19eeef4	536a9b6c358c7562	536a9b6c358c7562	b1f25029beecf8b5	40657d66161196d7	(v0 | ~ v0) ^ ~ (~ ((-0x1) * ~ (~ ((v0 & ~ v0) + (v0 + v1 | v1) | (v0 + v1 | v1)) | ~ (v0 + v1)) & (v0 + v1) + (v0 + v1)) & v0 + v1)	v0 + v1 + (-0x1) * (v0 + v1 & 0x2 * v0 + 0x2 * v1 & (-0x1) * v0 + (-0x1) * v1)	v0 + v1 + (-0x1) * (v0 + v1 & 0x2 * v0 + 0x2 * v1 & (-0x1) * v0 + (-0x1) * v1)	v0 + v1	v0 + v1
loki_tiny.csv	3424	p9l	p9l_base	required_p9l_loki_tiny_csv_3424	diagnostic_p9l_base_loki_tiny_csv_3424	31	16	16	3	3	2d804cc05e4bf49d	4bd336b6e4d4bbec	4bd336b6e4d4bbec	536a9b6c358c7562	536a9b6c358c7562	7a2920d68bbee2d0	eac83fff09c472a7	(-0x1) * (v0 ^ (v0 ^ ((-0x1) * v0 ^ ((-0x1) * v0 ^ (-0x1) * v0 + ~ (~ ((-0x1) * v1) | v1 & (v1 ^ ~ (v1 ^ ~ v1 + (-0x1) * v1)))))))	v0 + v1 + (-0x1) * (v1 & (-0x1) * v1 & (-0x1) + (-0x2) * v1) + (v1 & (-0x1) * v1)	v0 + v1 + (-0x1) * (v1 & (-0x1) * v1 & (-0x1) + (-0x2) * v1) + (v1 & (-0x1) * v1)	v0 + v1	v0 + v1
loki_tiny.csv	3894	p9l	p9l_base	required_p9l_loki_tiny_csv_3894	diagnostic_p9l_base_loki_tiny_csv_3894	81	13	13	3	3	2aaa2388af75a554	bbca1d7dfeb0a104	bbca1d7dfeb0a104	536a9b6c358c7562	536a9b6c358c7562	0681592326a1badb	8209d73fa740e88b	v0 + ((-0x1) * v0 + (~ (~ (~ (~ ((-0x1) * v0 | (-0x1) * ((-0x1) * v0 + (-0x1) * v1)) + (-0x1) * ((-0x1) * v0 + (-0x1) * v1)) ^ (-0x1) * ((-0x1) * v0 + (-0x1) * v1)) ^ ~ ((~ (~ (~ ((-0x1) * v0 | (-0x1) * ((-0x1) * v0 + (-0x1) * v1)) + (-0x1) * ((-0x1) * v0 + (-0x1) * v1)) ^ (-0x1) * ((-0x1) * v0 + (-0x1) * v1)) | (-0x1) * ((-0x1) * v0 + (-0x1) * v1)) ^ (-0x1) * ((-0x1) * v0 + (-0x1) * v1))) ^ (-0x1) * ((-0x1) * v0 + (-0x1) * v1)))	v0 + v1 & v0 + (-0x1) + ((-0x1) * v0 & v0 + v1)	v0 + v1 & v0 + (-0x1) + ((-0x1) * v0 & v0 + v1)	v0 + v1	v0 + v1
loki_tiny.csv	3919	p9l	p9l_base	required_p9l_loki_tiny_csv_3919	diagnostic_p9l_base_loki_tiny_csv_3919	46	21	21	3	3	d7c76e62b6d6e1e8	90fc4760dbd8d094	90fc4760dbd8d094	536a9b6c358c7562	536a9b6c358c7562	60a95fb7ea6ab621	d601a42b3a1a8997	(((-0x1) * v0 & ~ (v0 & v0 + v0)) + ~ v1 ^ (-0x1) * ~ (((-0x1) * v0 & ~ (v0 & v0 + v0)) + ~ v1) & ~ (v0 + v1) | ~ (v0 + v1)) ^ (v0 + v1 | ~ (v0 + v1))	v0 + v1 + (-0x1) * (v0 + v1 & (-0x1) + (-0x1) * v0 + (-0x1) * v1 + (-0x1) * (v0 & 0x2 * v0 & (-0x1) * v0))	v0 + v1 + (-0x1) * (v0 + v1 & (-0x1) + (-0x1) * v0 + (-0x1) * v1 + (-0x1) * (v0 & 0x2 * v0 & (-0x1) * v0))	v0 + v1	v0 + v1
loki_tiny.csv	3928	p7e	p9l_base	required_p7e_loki_tiny_csv_3928	diagnostic_p9l_base_loki_tiny_csv_3928	167	35	5	5	3	fc24849cb5ec9666	89d5747db5e42801	3d54a8dc81ba06e8	3d54a8dc81ba06e8	536a9b6c358c7562	528e6902ecb36b3b	c26c502126a1cf8a	~ (v0 + ~ (v0 + (v0 + v1) | ~ ((-0x1) * (v0 + (v0 + v1)) + ~ ((-0x1) * (v0 + (v0 + v1)) | (~ (v0 ^ v0 + v1) ^ ~ (v0 + v1)) + (v0 + v1))))) + (-0x1) * ~ (v0 + ~ (v0 + (v0 + v1) | ~ ((-0x1) * (v0 + (v0 + v1)) + ~ ((-0x1) * (v0 + (v0 + v1)) | (~ (v0 ^ v0 + v1) ^ ~ (v0 + v1)) + (v0 + v1)))) | (v0 + ~ (v0 + (v0 + v1) | ~ ((-0x1) * (v0 + (v0 + v1)) + ~ ((-0x1) * (v0 + (v0 + v1)) | (~ (v0 ^ v0 + v1) ^ ~ (v0 + v1)) + (v0 + v1))))) + ~ (v0 + ~ (v0 + (v0 + v1) | ~ ((-0x1) * (v0 + (v0 + v1)) + ~ ((-0x1) * (v0 + (v0 + v1)) | (~ (v0 ^ v0 + v1) ^ ~ (v0 + v1)) + (v0 + v1))))))	v0 + v1 + (-0x1) * (v1 + 0x2 * v0 & (-0x2) * v0 + (-0x1) * v1) + (v1 + 0x2 * v0 & (-0x1) + (-0x2) * v0 + (-0x1) * v1 + (v1 + 0x2 * v0 & (-0x2) * v0 + (-0x1) * v1))	(v0) + (v1)	(v0) + (v1)	v0 + v1
loki_tiny.csv	3979	p7e	p9l_base	required_p7e_loki_tiny_csv_3979	diagnostic_p9l_base_loki_tiny_csv_3979	84	37	5	5	3	e28f4276654333b3	a38bad52c39406cc	3d54a8dc81ba06e8	3d54a8dc81ba06e8	536a9b6c358c7562	ac14efec2ce417ba	b1d431c26b0a7737	((-0x1) * (((~ ((-0x1) * v0) ^ (~ (~ ((-0x1) * v0) & ~ (~ ((-0x1) * v0) | v1)) | (~ ((-0x1) * v0) | v1))) + (-0x1) * v1) + (-0x1) * v1) | (-0x1) * ((~ (~ ((-0x1) * v0) & (~ ((-0x1) * v0) | v1)) + (-0x1) * v1) + (-0x1) * v1) + ((~ (~ ((-0x1) * v0) & (~ ((-0x1) * v0) | v1)) + (-0x1) * v1) + (-0x1) * v1 | (-0x1) * ((~ (~ ((-0x1) * v0) & (~ ((-0x1) * v0) | v1)) + (-0x1) * v1) + (-0x1) * v1))) + (-0x1) * v1	0x2 * v0 + 0x3 * v1 + (-0x1) * (v0 + 0x2 * v1 & v0 + 0x2 * v1 + (-0x1) * (v0 + 0x2 * v1 & (-0x2) * v1 + (-0x1) * v0)) + (-0x1) * (v0 + 0x2 * v1 & (-0x2) * v1 + (-0x1) * v0)	(v0) + (v1)	(v0) + (v1)	v0 + v1
loki_tiny.csv	4081	p9l	p9l_base	required_p9l_loki_tiny_csv_4081	diagnostic_p9l_base_loki_tiny_csv_4081	82	19	19	3	3	fa72b3d68c43fd13	6611679f2ca405b3	6611679f2ca405b3	536a9b6c358c7562	536a9b6c358c7562	65ce940036eaf260	e1afb6199e50531c	~ ((v0 + v1 ^ v1) ^ ~ (v1 & ~ (~ (~ ((-0x1) * v1 & v1 + (-0x1) * ((-0x1) * v1 + (v1 & (~ v1 | ~ (v1 | (v1 | ~ v1)))))) & ~ (~ ((-0x1) * v1 & v1 + (-0x1) * ((-0x1) * v1 + (v1 & (~ v1 | ~ (v1 | (v1 | ~ v1)))))) & ~ (~ ((-0x1) * v1 & v1 + (-0x1) * ((-0x1) * v1 + (v1 & (~ v1 | ~ (v1 | (v1 | ~ v1))))))))))))	v0 + v1 + (-0x2) * (v1 & 0x2 * v1 & (-0x1) * v1 & v0 + v1) + (v1 & 0x2 * v1 & (-0x1) * v1)	v0 + v1 + (-0x2) * (v1 & 0x2 * v1 & (-0x1) * v1 & v0 + v1) + (v1 & 0x2 * v1 & (-0x1) * v1)	v0 + v1	v0 + v1
loki_tiny.csv	4087	p9l	p9l_base	required_p9l_loki_tiny_csv_4087	diagnostic_p9l_base_loki_tiny_csv_4087	236	22	22	3	3	3a49d1546fb36fc3	4ea8f659da4fef4b	4ea8f659da4fef4b	536a9b6c358c7562	536a9b6c358c7562	1833fa93d7a97da6	a7a23932132fd654	~ ((~ (v0 | ~ v0) ^ (v0 + ~ (~ (v0 & v1) & ~ v1)) + ~ (v0 + ~ (~ (v0 & v1) & ~ v1))) + (-0x1) * (v0 + (~ (v0 ^ ~ v0) | ~ (~ (v0 & v1) & ~ v1))) | ((~ (v0 | ~ v0) ^ (v0 + ~ (~ (v0 & v1) & ~ v1)) + ~ (v0 + ~ (~ (v0 & v1) & ~ v1))) + (-0x1) * (v0 + (~ (v0 ^ ~ v0) | ~ (~ (v0 & v1) & ~ v1)))) + (-0x1) * ((~ (v0 | ~ v0) ^ (v0 + ~ (~ (v0 & v1) & ~ v1)) + ~ (v0 + ~ (~ (v0 & v1) & ~ v1))) + (-0x1) * (v0 + (~ (v0 ^ ~ v0) | ~ (~ (v0 & v1) & ~ v1))) & ((~ (v0 | ~ v0) ^ (v0 + ~ (~ (v0 & v1) & ~ v1)) + ~ (v0 + ~ (~ (v0 & v1) & ~ v1))) + (-0x1) * (v0 + (~ (v0 ^ ~ v0) | ~ (~ (v0 & v1) & ~ v1)))) + ((~ (v0 | ~ v0) ^ (v0 + ~ (~ (v0 & v1) & ~ v1)) + ~ (v0 + ~ (~ (v0 & v1) & ~ v1))) + (-0x1) * (v0 + (~ (v0 ^ ~ v0) | ~ (~ (v0 & v1) & ~ v1))))))	v0 + v1 + (-0x1) * (v0 + v1 & v0 + v1 + 0x1 + (v0 + v1 & (-0x2) + (-0x2) * v0 + (-0x2) * v1))	v0 + v1 + (-0x1) * (v0 + v1 & v0 + v1 + 0x1 + (v0 + v1 & (-0x2) + (-0x2) * v0 + (-0x2) * v1))	v0 + v1	v0 + v1
loki_tiny.csv	4220	p9l	p9l_base	required_p9l_loki_tiny_csv_4220	diagnostic_p9l_base_loki_tiny_csv_4220	55	43	43	3	3	21eda0d53536a9c0	a97f9ff414cddcae	a97f9ff414cddcae	536a9b6c358c7562	536a9b6c358c7562	34d7f89764915bf7	b093da2285bf29e5	(v0 & ((~ (v0 | ~ v0) | (-0x1) * ((-0x1) * (~ (~ (v0 | ~ v0) ^ ~ ((v0 | v1) & ~ ((-0x1) * (v0 | v1) & (-0x1) * ((v0 | v1) + (v0 | v1)))) | ~ (v0 | v1)) + ~ (v0 | v1)) + ~ (v0 | v1))) | v1)) + v1	v0 + v1 + (-0x1) * (v0 & 0x2 * (v0 & v1) + (-0x2) * v0 + (-0x2) * v1 & (-0x1) * v0 + (-0x1) * v1 + (v0 & v1)) + (v0 & v1 & 0x2 * (v0 & v1) + (-0x2) * v0 + (-0x2) * v1 & (-0x1) * v0 + (-0x1) * v1 + (v0 & v1))	v0 + v1 + (-0x1) * (v0 & 0x2 * (v0 & v1) + (-0x2) * v0 + (-0x2) * v1 & (-0x1) * v0 + (-0x1) * v1 + (v0 & v1)) + (v0 & v1 & 0x2 * (v0 & v1) + (-0x2) * v0 + (-0x2) * v1 & (-0x1) * v0 + (-0x1) * v1 + (v0 & v1))	v0 + v1	v0 + v1
loki_tiny.csv	4310	p9l	p9l_base	required_p9l_loki_tiny_csv_4310	diagnostic_p9l_base_loki_tiny_csv_4310	85	70	70	3	3	c0532d64b8664890	e25521ba6d4f93ba	e25521ba6d4f93ba	536a9b6c358c7562	536a9b6c358c7562	1c06298fcbd42deb	ccf86fca23487409	~ (~ ((-0x1) * ~ (~ (v0 + ~ v0) ^ ~ ((v0 ^ ~ v0) ^ ((v0 ^ ~ v0) ^ (v0 ^ ~ (v0 ^ ~ v0)))) + (-0x1) * v1) & (v0 ^ (v0 ^ ~ v0)) + ((-0x1) * v1 | ~ (v1 | ~ v1 + (-0x1) * v1))) & (~ (v0 + ~ v0) ^ (v0 ^ (v0 ^ ~ v0)) + (-0x1) * v1) | (v0 ^ (v0 ^ ~ v0)) + ((-0x1) * v1 | ~ (v1 | ~ v1 + (-0x1) * v1)))	0x1 + 0x2 * v0 + (-0x1) * (v1 & (-0x1) * v1) + (-0x1) * (v1 & (-0x1) + (-0x2) * v1) + (-0x1) * ((-0x1) * v1 & (-0x1) + (-0x2) * v1) + (v1 & (-0x1) * v1 & (-0x1) + (-0x2) * v1) + (v1 + (-0x1) + (-0x1) * v0 + (-0x1) * (v1 & (-0x1) * v1 & (-0x1) + (-0x2) * v1) + (v1 & (-0x1) * v1) + (v1 & (-0x1) + (-0x2) * v1) + ((-0x1) * v1 & (-0x1) + (-0x2) * v1) & (-0x1) + (-0x1) * v0 + (-0x1) * v1)	0x1 + 0x2 * v0 + (-0x1) * (v1 & (-0x1) * v1) + (-0x1) * (v1 & (-0x1) + (-0x2) * v1) + (-0x1) * ((-0x1) * v1 & (-0x1) + (-0x2) * v1) + (v1 & (-0x1) * v1 & (-0x1) + (-0x2) * v1) + (v1 + (-0x1) + (-0x1) * v0 + (-0x1) * (v1 & (-0x1) * v1 & (-0x1) + (-0x2) * v1) + (v1 & (-0x1) * v1) + (v1 & (-0x1) + (-0x2) * v1) + ((-0x1) * v1 & (-0x1) + (-0x2) * v1) & (-0x1) + (-0x1) * v0 + (-0x1) * v1)	v0 + v1	v0 + v1
loki_tiny.csv	4549	p9l	p9l_base	required_p9l_loki_tiny_csv_4549	diagnostic_p9l_base_loki_tiny_csv_4549	208	35	35	3	3	79c24b7db36c856b	5d696029f350dd32	5d696029f350dd32	536a9b6c358c7562	536a9b6c358c7562	399bf2277e12730c	1ee2486471455269	(-0x1) * ((-0x1) * v0 + (v0 + ~ (~ ((((v0 & (v0 | v0 + v1)) & ~ (v0 + v1) ^ v0 + v1) & v0 + v1) + (-0x1) * (((v0 & ~ (v0 + v1) ^ v0 + v1) & v0 + v1) + ~ ((-0x1) * ((v0 & ~ (v0 + v1) ^ v0 + v1) & v0 + v1))) & (-0x1) * (((v0 & ~ (v0 + v1) ^ v0 + v1) & v0 + v1) + (-0x1) * (((v0 & ~ (v0 + v1) ^ v0 + v1) & v0 + v1) + ~ ((-0x1) * ((v0 & ~ (v0 + v1) ^ v0 + v1) & v0 + v1)))) + (-0x1) * (((v0 & ~ (v0 + v1) ^ v0 + v1) & v0 + v1) + (-0x1) * (((v0 & ~ (v0 + v1) ^ v0 + v1) & v0 + v1) + ~ ((-0x1) * ((v0 & ~ (v0 + v1) ^ v0 + v1) & v0 + v1))))) & (-0x1) * (((v0 & ~ (v0 + v1) ^ v0 + v1) & v0 + v1) + (-0x1) * (((v0 & ~ (v0 + v1) ^ v0 + v1) & v0 + v1) + ~ ((-0x1) * ((v0 & ~ (v0 + v1) ^ v0 + v1) & v0 + v1)))))))	v0 + v1 + (-0x1) * (0x1 + (-0x1) * v0 + (-0x1) * v1 & (-0x2) + 0x2 * v0 + 0x2 * v1) + (0x1 + (-0x1) * v0 + (-0x1) * v1 & (-0x2) + 0x2 * v0 + 0x2 * v1 & (-0x1) * v0 + (-0x1) * v1)	v0 + v1 + (-0x1) * (0x1 + (-0x1) * v0 + (-0x1) * v1 & (-0x2) + 0x2 * v0 + 0x2 * v1) + (0x1 + (-0x1) * v0 + (-0x1) * v1 & (-0x2) + 0x2 * v0 + 0x2 * v1 & (-0x1) * v0 + (-0x1) * v1)	v0 + v1	v0 + v1
loki_tiny.csv	4581	p7e	p9l_base	required_p7e_loki_tiny_csv_4581	diagnostic_p9l_base_loki_tiny_csv_4581	41	62	5	5	3	51e69a47c72e2179	40d0d2a40d48a266	3d54a8dc81ba06e8	3d54a8dc81ba06e8	536a9b6c358c7562	44a508493a9bd91c	57dbc9f6da6b5c25	v0 + (((-0x1) * v0 ^ ((-0x1) * v0 & (~ (~ ((-0x1) * v0 | ~ (~ (v0 & (-0x1) * v0 + (v0 + v0))) + v1) + (v0 + v1)) | v0 + v1) ^ v1)) ^ ~ (v0 + ~ v0))	v0 + v1 + 0x2 * (v1 & (-0x1) * v0 & v0 + v1 & v0 + (-0x1) + ((-0x1) * v0 & v0 + v1)) + (-0x2) * (v1 & (-0x1) * v0 & v0 + (-0x1) + ((-0x1) * v0 & v0 + v1)) + (-0x1) * ((-0x1) * v0 & v0 + v1 & v0 + (-0x1) + ((-0x1) * v0 & v0 + v1)) + ((-0x1) * v0 & v0 + (-0x1) + ((-0x1) * v0 & v0 + v1))	(v0) + (v1)	(v0) + (v1)	v0 + v1
loki_tiny.csv	4583	p9l	p9l_base	required_p9l_loki_tiny_csv_4583	diagnostic_p9l_base_loki_tiny_csv_4583	58	52	52	3	3	06b8b88f500a5055	47ba2b8f3ae47056	47ba2b8f3ae47056	536a9b6c358c7562	536a9b6c358c7562	654186a15ca6903a	cfd6188ac467769d	~ (~ (v0 + ((-0x1) * ((v0 | ~ (v0 | v1) ^ v1) + (-0x1) * v1) + v1)) & ~ (v1 + (-0x1) * ~ v1 & ~ (v1 + (-0x1) * ~ v1 & (-0x1) * ~ (~ ((-0x1) * (v1 + (-0x1) * ~ v1) & v1 + ~ (v1 + (~ ((-0x1) * ~ v1) + (-0x1) * v1))))))) + ~ v1	v0 + 0x1 + 0x3 * v1 + (-0x1) * ((-0x1) * (0x1 + 0x2 * v1 & (-0x1) + (-0x2) * v1) & 0x1 + 0x2 * v1) + (-0x1) * (v0 + 0x1 + 0x2 * v1 & 0x1 + 0x2 * v1) + ((-0x1) * (0x1 + 0x2 * v1 & (-0x1) + (-0x2) * v1) & v0 + 0x1 + 0x2 * v1 & 0x1 + 0x2 * v1)	v0 + 0x1 + 0x3 * v1 + (-0x1) * ((-0x1) * (0x1 + 0x2 * v1 & (-0x1) + (-0x2) * v1) & 0x1 + 0x2 * v1) + (-0x1) * (v0 + 0x1 + 0x2 * v1 & 0x1 + 0x2 * v1) + ((-0x1) * (0x1 + 0x2 * v1 & (-0x1) + (-0x2) * v1) & v0 + 0x1 + 0x2 * v1 & 0x1 + 0x2 * v1)	v0 + v1	v0 + v1
loki_tiny.csv	4752	p9l	p9l_base	required_p9l_loki_tiny_csv_4752	diagnostic_p9l_base_loki_tiny_csv_4752	77	46	46	3	3	611045838a2e32e2	926f92ba0a92f553	926f92ba0a92f553	536a9b6c358c7562	536a9b6c358c7562	5275af9cc9931d8d	39ab454963d85988	((-0x1) * ((-0x1) * ~ (~ ((-0x1) * (~ ((-0x1) * v0 + ~ v1) ^ ~ ((-0x1) * v0 + ~ v1 & ~ ((-0x1) * v0 + ~ v1))) | (-0x1) * (v0 ^ ~ v0))) & ~ (~ ((-0x1) * ((-0x1) * v0 + ~ v1) | (-0x1) * (v0 ^ (v0 ^ (v0 ^ ~ v0)))))) & ((-0x1) * ((-0x1) * v0 + ~ v1) & ~ (~ ((-0x1) * ((-0x1) * v0 + ~ v1) | (-0x1) * (v0 ^ ~ v0))))) + (v0 ^ ~ v0)	(-0x1) + (v0 + v1 + 0x1 & 0x2 * (v0 & v1 & 0x1) + (-0x1) * (v0 & 0x1) + (-0x1) * (v1 & 0x1) + (-0x1) * (v0 + v1 + 0x1 & (-0x1) + 0x2 * (v0 & v1 & 0x1) + (-0x1) * v0 + (-0x1) * v1 + (-0x1) * (v0 & 0x1) + (-0x1) * (v1 & 0x1)))	(-0x1) + (v0 + v1 + 0x1 & 0x2 * (v0 & v1 & 0x1) + (-0x1) * (v0 & 0x1) + (-0x1) * (v1 & 0x1) + (-0x1) * (v0 + v1 + 0x1 & (-0x1) + 0x2 * (v0 & v1 & 0x1) + (-0x1) * v0 + (-0x1) * v1 + (-0x1) * (v0 & 0x1) + (-0x1) * (v1 & 0x1)))	v0 + v1	v0 + v1
loki_tiny.csv	4900	p7e	p9l_base	required_p7e_loki_tiny_csv_4900	diagnostic_p9l_base_loki_tiny_csv_4900	64	21	5	5	3	c8886ee4f084e9cf	f2f2563b5f90027e	3d54a8dc81ba06e8	3d54a8dc81ba06e8	536a9b6c358c7562	ff818c54ec9bcb88	64bfb99902b768cd	(-0x1) * (((-0x1) * (v0 | v0 & v1) + (-0x1) * (~ (~ ((-0x1) * (v0 | v0 & v1)) & ((-0x1) * (v0 | v0 & v1) ^ ~ ((-0x1) * (v0 | v0 & v1)))) & (-0x1) * v1) | (-0x1) * ((v0 ^ ~ (v0 & v1)) ^ ~ (v0 & v1) + ((v0 & v1) & ~ (v0 & v1)) | v0 & v1)) + (-0x1) * v1)	v1 + 0x2 * v0 + ((-0x1) * v0 & (-0x1) * v1) + ((-0x1) * v0 & (-0x1) * v0 + (-0x1) * ((-0x1) * v0 & (-0x1) * v1))	(v0) + (v1)	(v0) + (v1)	v0 + v1
loki_tiny.csv	4917	p7e	p9l_base	required_p7e_loki_tiny_csv_4917	diagnostic_p9l_base_loki_tiny_csv_4917	96	63	5	5	3	2029cd4582cbd778	c4b20b9cf1330761	3d54a8dc81ba06e8	3d54a8dc81ba06e8	536a9b6c358c7562	ebceb3aa19876485	1f3bc1082aac5e3a	v0 ^ (v0 ^ ((-0x1) * ((-0x1) * v0 + (-0x1) * v1) | (-0x1) * ((-0x1) * v0 + (-0x1) * v1 | ~ ((-0x1) * ((-0x1) * v0 + (-0x1) * v1) & ~ ((-0x1) * v0 + (-0x1) * v1 & (-0x1) * ((-0x1) * v0 + (-0x1) * v1))) ^ ((-0x1) * ((-0x1) * v0 + (-0x1) * v1) & ~ ((-0x1) * v0 + (-0x1) * v1 & (-0x1) * ((-0x1) * v0 + (-0x1) * v1)) ^ ~ (((-0x1) * ((-0x1) * v0 + (-0x1) * v1) & ~ ((-0x1) * v0 + (-0x1) * v1 & (-0x1) * ((-0x1) * v0 + (-0x1) * v1))) + ((-0x1) * v0 + (-0x1) * (v1 & ~ ((-0x1) * ~ (v1 | ~ v1)))))))))	0x2 * v0 + 0x2 * v1 + (-0x1) * (v0 + v1 & v0 + v1 + ((-0x1) * (v0 + v1 & (-0x1) * v0 + (-0x1) * v1) & (-0x1) * v0 + (-0x1) * v1) + (v0 + v1 & (-0x1) * v0 + (-0x1) * v1)) + ((-0x1) * (v0 + v1 & (-0x1) * v0 + (-0x1) * v1) & (-0x1) * v0 + (-0x1) * v1) + (v0 + v1 & (-0x1) * v0 + (-0x1) * v1)	(v0) + (v1)	(v0) + (v1)	v0 + v1
loki_tiny.csv	7246	p9l	p9l_base	required_p9l_loki_tiny_csv_7246	diagnostic_p9l_base_loki_tiny_csv_7246	66	31	31	3	3	2a5450f512760dc2	cce29d160f434d4c	cce29d160f434d4c	4ccc852f0e53a6dc	4ccc852f0e53a6dc	bf426e9229c00ba1	7ae0562ec010e79d	~ (~ ((v0 | v0 & (~ v0 ^ ~ (v0 | ~ v0))) & v1) & ~ ((-0x1) * ~ ((v0 | v0 & (~ v0 ^ ~ (v0 | ~ v0))) & v1) & ~ ((v0 | v0 & (~ v0 ^ ~ (v0 | ~ v0))) & v1) + ~ ((v0 | v0 & (~ v0 ^ ~ (v0 | ~ v0))) & v1)))	(-0x1) * (v0 & v1 & 0x1 + (v0 & v1) & (-0x2) + (-0x2) * (v0 & v1)) + (v0 & v1) + (0x1 + (v0 & v1) & (-0x2) + (-0x2) * (v0 & v1))	(-0x1) * (v0 & v1 & 0x1 + (v0 & v1) & (-0x2) + (-0x2) * (v0 & v1)) + (v0 & v1) + (0x1 + (v0 & v1) & (-0x2) + (-0x2) * (v0 & v1))	v0 & v1	v0 & v1
loki_tiny.csv	7492	p9l	p9l_base	required_p9l_loki_tiny_csv_7492	diagnostic_p9l_base_loki_tiny_csv_7492	27	29	29	3	3	dd5730c181d51c67	6ad6496312b8d2ea	6ad6496312b8d2ea	4ccc852f0e53a6dc	4ccc852f0e53a6dc	2f025322be0364fe	8d95c600c1cf7f73	~ (~ v0 | v1 ^ v1 + ~ (v1 & ~ ((-0x1) * v1 & (-0x1) * v1 + (-0x1) * (v1 & (v1 | (v1 | ~ v1))))))	v0 + 0x2 * (v0 & v1 & (-0x1) + (v1 & (-0x2) * v1 & (-0x1) * v1)) + (-0x1) * (v0 & v1) + (-0x1) * (v0 & (-0x1) + (v1 & (-0x2) * v1 & (-0x1) * v1))	v0 + 0x2 * (v0 & v1 & (-0x1) + (v1 & (-0x2) * v1 & (-0x1) * v1)) + (-0x1) * (v0 & v1) + (-0x1) * (v0 & (-0x1) + (v1 & (-0x2) * v1 & (-0x1) * v1))	v0 & v1	v0 & v1
loki_tiny.csv	8173	p9l	p9l_base	required_p9l_loki_tiny_csv_8173	diagnostic_p9l_base_loki_tiny_csv_8173	61	16	16	3	3	02dd1d0d53179382	045187b6b31666af	045187b6b31666af	4ccc852f0e53a6dc	4ccc852f0e53a6dc	7d9ce84363325b11	0a035ad2fbbd3e5e	~ (((v0 & v1 ^ v1) + ~ (~ ((v0 & v1 ^ v1) + ~ (v0 & v1 ^ v1) & (-0x1) * v1))) + ((v0 & v1 ^ v1) + (-0x1) * v1) & ((v0 & v1 ^ v1) ^ ~ ((-0x1) * v1 | ~ ((-0x1) * v1))) + (-0x1) * v1 | ~ ((-0x1) * ((v0 & v1 ^ v1) + (-0x1) * v1)))	(-0x1) * (v0 & v1 & (-0x2) * (v0 & v1) & (-0x1) * (v0 & v1)) + (v0 & v1)	(-0x1) * (v0 & v1 & (-0x2) * (v0 & v1) & (-0x1) * (v0 & v1)) + (v0 & v1)	v0 & v1	v0 & v1
loki_tiny.csv	8341	p9l	p9l_base	required_p9l_loki_tiny_csv_8341	diagnostic_p9l_base_loki_tiny_csv_8341	50	12	12	3	3	3abdad425058dea0	b0eb3583a75fd613	b0eb3583a75fd613	4ccc852f0e53a6dc	4ccc852f0e53a6dc	52950706313fae09	0d1322b3ed749942	~ (~ (v0 & (v0 ^ ~ v0)) | ~ (v1 & ~ (~ ((-0x1) * v1 & (-0x1) * v1 + (-0x1) * v1) ^ ~ (~ (~ ((-0x1) * v1 & (-0x1) * v1 + (-0x1) * v1)) & ~ ((-0x1) * v1 & (-0x1) * v1 + ((-0x1) * v1 ^ ~ (v1 ^ ~ v1)))))))	(-0x1) * (v0 & v1 & (-0x2) * v1 & (-0x1) * v1) + (v0 & v1)	(-0x1) * (v0 & v1 & (-0x2) * v1 & (-0x1) * v1) + (v0 & v1)	v0 & v1	v0 & v1
loki_tiny.csv	8584	p9l	p9l_base	required_p9l_loki_tiny_csv_8584	diagnostic_p9l_base_loki_tiny_csv_8584	84	36	36	3	3	038e13d1381b8eb2	085f8e0123b37323	085f8e0123b37323	4ccc852f0e53a6dc	4ccc852f0e53a6dc	1ca6d7ada5a7360f	f98e729d5e48321a	(-0x1) * (~ (v0 & v1 | ~ v1 ^ v1 & ~ (~ v1 ^ ~ (v1 & ~ v1))) & ~ ((-0x1) * ~ (v0 & v1 | ~ v1 ^ v1 & ~ (~ v1 ^ ~ (v1 & ~ v1))) & ~ (v0 & v1 | ~ v1 ^ v1 & ~ (~ v1 ^ ~ (v1 & ~ v1))) + ~ (v0 & v1 | ~ v1 ^ v1 & ~ (~ v1 ^ ~ (v1 & ~ v1))))) + v1	(-0x1) * (v0 & v1 & 0x2 * v1 + (-0x2) * (v0 & v1) & (-0x1) * v1 + (v0 & v1)) + (v0 & v1) + (v1 & 0x2 * v1 + (-0x2) * (v0 & v1) & (-0x1) * v1 + (v0 & v1))	(-0x1) * (v0 & v1 & 0x2 * v1 + (-0x2) * (v0 & v1) & (-0x1) * v1 + (v0 & v1)) + (v0 & v1) + (v1 & 0x2 * v1 + (-0x2) * (v0 & v1) & (-0x1) * v1 + (v0 & v1))	v0 & v1	v0 & v1
loki_tiny.csv	8982	p9l	p9l_base	required_p9l_loki_tiny_csv_8982	diagnostic_p9l_base_loki_tiny_csv_8982	43	42	42	3	3	b285834185a50ae7	e8f10dc0115bccec	e8f10dc0115bccec	4ccc852f0e53a6dc	4ccc852f0e53a6dc	7dff34dfec77f4fa	236a04867e5123c5	v0 & ~ (v0 + v1 & ~ (v0 + v1) | ~ ((v0 + v1) + ((-0x1) * (v0 + v1) + ((v0 + v1 | (v0 + v1 | (-0x1) * (v0 | v1)) + (v0 | v1)) + (-0x1) * (v0 | v1)))))	v0 & v0 + v1 + (-0x1) * (v0 + v1 & v0 + v1 + (-0x1) * (v0 + v1 & (-0x1) * v0 + (-0x1) * v1 + (v0 & v1))) + (-0x1) * (v0 + v1 & (-0x1) * v0 + (-0x1) * v1 + (v0 & v1)) + (v0 & v1)	v0 & v0 + v1 + (-0x1) * (v0 + v1 & v0 + v1 + (-0x1) * (v0 + v1 & (-0x1) * v0 + (-0x1) * v1 + (v0 & v1))) + (-0x1) * (v0 + v1 & (-0x1) * v0 + (-0x1) * v1 + (v0 & v1)) + (v0 & v1)	v0 & v1	v0 & v1
loki_tiny.csv	9594	p9l	p9l_base	required_p9l_loki_tiny_csv_9594	diagnostic_p9l_base_loki_tiny_csv_9594	48	18	18	3	3	14e170dfda156727	72a40252251857bc	72a40252251857bc	4ccc852f0e53a6dc	4ccc852f0e53a6dc	e6dc5bf6ac8406ea	661105afd0f4b459	~ (~ ((~ (~ (v0 & (~ v0 | v1)) | ~ v1) | ~ v1) + (-0x1) * ((v0 & v1 | ~ v1) + (-0x1) * ((v0 & v1 | ~ v1) ^ ~ v1))) & v1) ^ ~ (v1 & ~ ((-0x1) * v1 & v1 + v1))	(-0x2) * (v0 & v1 & 0x2 * v1 & (-0x1) * v1) + (v0 & v1) + (v1 & 0x2 * v1 & (-0x1) * v1)	(-0x2) * (v0 & v1 & 0x2 * v1 & (-0x1) * v1) + (v0 & v1) + (v1 & 0x2 * v1 & (-0x1) * v1)	v0 & v1	v0 & v1
loki_tiny.csv	9810	p9l	p9l_base	required_p9l_loki_tiny_csv_9810	diagnostic_p9l_base_loki_tiny_csv_9810	91	12	12	3	3	4902c6d8cd26a8d2	2405651caae1ef86	2405651caae1ef86	4ccc852f0e53a6dc	4ccc852f0e53a6dc	102fa85a557d6413	b4e0b0f068928e63	~ (~ (~ (~ (~ (~ ((v0 ^ ~ v0) + (-0x1) * (v0 ^ v1)) & v1) & ~ (~ ((v0 ^ v1) & v1))) + (-0x1) * ~ (~ ((v0 ^ v1) & v1))) ^ ~ ((-0x1) * ~ (~ (~ (~ ((v0 ^ ~ v0) + (-0x1) * (v0 ^ v1)) & v1) & ~ (~ ((v0 ^ v1) & v1))) + (-0x1) * ~ (~ ((v0 ^ v1) & v1))) & ~ (v1 & ~ ((-0x1) * v1 & v1 + v1)))) | ~ (v1 & ~ ((-0x1) * v1 & v1 + v1)))	(-0x1) * (v0 & v1 & 0x2 * v1 & (-0x1) * v1) + (v0 & v1)	(-0x1) * (v0 & v1 & 0x2 * v1 & (-0x1) * v1) + (v0 & v1)	v0 & v1	v0 & v1
loki_tiny.csv	11431	p9l	p9l_base	required_p9l_loki_tiny_csv_11431	diagnostic_p9l_base_loki_tiny_csv_11431	24	61	61	7	7	2d66055e64418b2c	99cb1a2ad730d671	99cb1a2ad730d671	22845ff142c4aa6c	22845ff142c4aa6c	8428063c5c8350a3	f10f59afaa8e8f80	((v0 | v1) + v1 & (-0x1) * ((v0 | v1) + v1 & (-0x1) * ((v0 | v1) + v1))) + (-0x1) * v1 | v1	(-0x1) * (v1 & (-0x1) * v1 + ((-0x1) * (v0 + 0x2 * v1 + (-0x1) * (v0 & v1) & (-0x2) * v1 + (-0x1) * v0 + (v0 & v1)) & v0 + 0x2 * v1 + (-0x1) * (v0 & v1))) + ((-0x1) * (v0 + 0x2 * v1 + (-0x1) * (v0 & v1) & (-0x2) * v1 + (-0x1) * v0 + (v0 & v1)) & v0 + 0x2 * v1 + (-0x1) * (v0 & v1))	(-0x1) * (v1 & (-0x1) * v1 + ((-0x1) * (v0 + 0x2 * v1 + (-0x1) * (v0 & v1) & (-0x2) * v1 + (-0x1) * v0 + (v0 & v1)) & v0 + 0x2 * v1 + (-0x1) * (v0 & v1))) + ((-0x1) * (v0 + 0x2 * v1 + (-0x1) * (v0 & v1) & (-0x2) * v1 + (-0x1) * v0 + (v0 & v1)) & v0 + 0x2 * v1 + (-0x1) * (v0 & v1))	v0 + v1 + (-0x1) * (v0 & v1)	v0 + v1 + (-0x1) * (v0 & v1)
loki_tiny.csv	12529	p9l	p9l_base	required_p9l_loki_tiny_csv_12529	diagnostic_p9l_base_loki_tiny_csv_12529	34	500	500	7	7	b101615a7c438321	8a12b280d0831f58	8a12b280d0831f58	22845ff142c4aa6c	22845ff142c4aa6c	af1788275639d104	c11f6916d5131763	~ (~ (~ (v0 + ~ v0) + (~ (v0 | v1) & (v0 | v1) + (v0 | v1) | (-0x1) * (v0 | v1))) + (-0x1) * (v0 | v1)) | (v0 | v1)	0x2 * v0 + 0x2 * v1 + (-0x2) * (v0 & v1) + (-0x1) * (v0 & v1 & (-0x1) + 0x2 * (v0 & v1) + (-0x2) * v0 + (-0x2) * v1 + (-0x1) * (v0 & v1 & 0x2 * v0 + 0x2 * v1 + (-0x2) * (v0 & v1)) + (-0x1) * (v0 & 0x2 * v0 + 0x2 * v1 + (-0x2) * (v0 & v1) & (-0x1) * v0 + (-0x1) * v1 + (v0 & v1)) + (-0x1) * (v1 & 0x2 * v0 + 0x2 * v1 + (-0x2) * (v0 & v1) & (-0x1) * v0 + (-0x1) * v1 + (v0 & v1)) + (v0 & v1 & 0x2 * v0 + 0x2 * v1 + (-0x2) * (v0 & v1) & (-0x1) * v0 + (-0x1) * v1 + (v0 & v1)) + (v0 & 0x2 * v0 + 0x2 * v1 + (-0x2) * (v0 & v1)) + (v1 & 0x2 * v0 + 0x2 * v1 + (-0x2) * (v0 & v1)) + (0x2 * v0 + 0x2 * v1 + (-0x2) * (v0 & v1) & (-0x1) * v0 + (-0x1) * v1 + (v0 & v1))) + (-0x1) * (v0 & v1 & 0x2 * v0 + 0x2 * v1 + (-0x2) * (v0 & v1) & (-0x1) * v0 + (-0x1) * v1 + (v0 & v1)) + (-0x1) * (v0 & 0x2 * v0 + 0x2 * v1 + (-0x2) * (v0 & v1)) + (-0x1) * (v1 & 0x2 * v0 + 0x2 * v1 + (-0x2) * (v0 & v1)) + (-0x1) * (0x2 * v0 + 0x2 * v1 + (-0x2) * (v0 & v1) & (-0x1) * v0 + (-0x1) * v1 + (v0 & v1)) + (v0 & v1 & 0x2 * v0 + 0x2 * v1 + (-0x2) * (v0 & v1)) + (v0 & (-0x1) + 0x2 * (v0 & v1) + (-0x2) * v0 + (-0x2) * v1 + (-0x1) * (v0 & v1 & 0x2 * v0 + 0x2 * v1 + (-0x2) * (v0 & v1)) + (-0x1) * (v0 & 0x2 * v0 + 0x2 * v1 + (-0x2) * (v0 & v1) & (-0x1) * v0 + (-0x1) * v1 + (v0 & v1)) + (-0x1) * (v1 & 0x2 * v0 + 0x2 * v1 + (-0x2) * (v0 & v1) & (-0x1) * v0 + (-0x1) * v1 + (v0 & v1)) + (v0 & v1 & 0x2 * v0 + 0x2 * v1 + (-0x2) * (v0 & v1) & (-0x1) * v0 + (-0x1) * v1 + (v0 & v1)) + (v0 & 0x2 * v0 + 0x2 * v1 + (-0x2) * (v0 & v1)) + (v1 & 0x2 * v0 + 0x2 * v1 + (-0x2) * (v0 & v1)) + (0x2 * v0 + 0x2 * v1 + (-0x2) * (v0 & v1) & (-0x1) * v0 + (-0x1) * v1 + (v0 & v1))) + (v0 & 0x2 * v0 + 0x2 * v1 + (-0x2) * (v0 & v1) & (-0x1) * v0 + (-0x1) * v1 + (v0 & v1)) + (v1 & (-0x1) + 0x2 * (v0 & v1) + (-0x2) * v0 + (-0x2) * v1 + (-0x1) * (v0 & v1 & 0x2 * v0 + 0x2 * v1 + (-0x2) * (v0 & v1)) + (-0x1) * (v0 & 0x2 * v0 + 0x2 * v1 + (-0x2) * (v0 & v1) & (-0x1) * v0 + (-0x1) * v1 + (v0 & v1)) + (-0x1) * (v1 & 0x2 * v0 + 0x2 * v1 + (-0x2) * (v0 & v1) & (-0x1) * v0 + (-0x1) * v1 + (v0 & v1)) + (v0 & v1 & 0x2 * v0 + 0x2 * v1 + (-0x2) * (v0 & v1) & (-0x1) * v0 + (-0x1) * v1 + (v0 & v1)) + (v0 & 0x2 * v0 + 0x2 * v1 + (-0x2) * (v0 & v1)) + (v1 & 0x2 * v0 + 0x2 * v1 + (-0x2) * (v0 & v1)) + (0x2 * v0 + 0x2 * v1 + (-0x2) * (v0 & v1) & (-0x1) * v0 + (-0x1) * v1 + (v0 & v1))) + (v1 & 0x2 * v0 + 0x2 * v1 + (-0x2) * (v0 & v1) & (-0x1) * v0 + (-0x1) * v1 + (v0 & v1))	0x2 * v0 + 0x2 * v1 + (-0x2) * (v0 & v1) + (-0x1) * (v0 & v1 & (-0x1) + 0x2 * (v0 & v1) + (-0x2) * v0 + (-0x2) * v1 + (-0x1) * (v0 & v1 & 0x2 * v0 + 0x2 * v1 + (-0x2) * (v0 & v1)) + (-0x1) * (v0 & 0x2 * v0 + 0x2 * v1 + (-0x2) * (v0 & v1) & (-0x1) * v0 + (-0x1) * v1 + (v0 & v1)) + (-0x1) * (v1 & 0x2 * v0 + 0x2 * v1 + (-0x2) * (v0 & v1) & (-0x1) * v0 + (-0x1) * v1 + (v0 & v1)) + (v0 & v1 & 0x2 * v0 + 0x2 * v1 + (-0x2) * (v0 & v1) & (-0x1) * v0 + (-0x1) * v1 + (v0 & v1)) + (v0 & 0x2 * v0 + 0x2 * v1 + (-0x2) * (v0 & v1)) + (v1 & 0x2 * v0 + 0x2 * v1 + (-0x2) * (v0 & v1)) + (0x2 * v0 + 0x2 * v1 + (-0x2) * (v0 & v1) & (-0x1) * v0 + (-0x1) * v1 + (v0 & v1))) + (-0x1) * (v0 & v1 & 0x2 * v0 + 0x2 * v1 + (-0x2) * (v0 & v1) & (-0x1) * v0 + (-0x1) * v1 + (v0 & v1)) + (-0x1) * (v0 & 0x2 * v0 + 0x2 * v1 + (-0x2) * (v0 & v1)) + (-0x1) * (v1 & 0x2 * v0 + 0x2 * v1 + (-0x2) * (v0 & v1)) + (-0x1) * (0x2 * v0 + 0x2 * v1 + (-0x2) * (v0 & v1) & (-0x1) * v0 + (-0x1) * v1 + (v0 & v1)) + (v0 & v1 & 0x2 * v0 + 0x2 * v1 + (-0x2) * (v0 & v1)) + (v0 & (-0x1) + 0x2 * (v0 & v1) + (-0x2) * v0 + (-0x2) * v1 + (-0x1) * (v0 & v1 & 0x2 * v0 + 0x2 * v1 + (-0x2) * (v0 & v1)) + (-0x1) * (v0 & 0x2 * v0 + 0x2 * v1 + (-0x2) * (v0 & v1) & (-0x1) * v0 + (-0x1) * v1 + (v0 & v1)) + (-0x1) * (v1 & 0x2 * v0 + 0x2 * v1 + (-0x2) * (v0 & v1) & (-0x1) * v0 + (-0x1) * v1 + (v0 & v1)) + (v0 & v1 & 0x2 * v0 + 0x2 * v1 + (-0x2) * (v0 & v1) & (-0x1) * v0 + (-0x1) * v1 + (v0 & v1)) + (v0 & 0x2 * v0 + 0x2 * v1 + (-0x2) * (v0 & v1)) + (v1 & 0x2 * v0 + 0x2 * v1 + (-0x2) * (v0 & v1)) + (0x2 * v0 + 0x2 * v1 + (-0x2) * (v0 & v1) & (-0x1) * v0 + (-0x1) * v1 + (v0 & v1))) + (v0 & 0x2 * v0 + 0x2 * v1 + (-0x2) * (v0 & v1) & (-0x1) * v0 + (-0x1) * v1 + (v0 & v1)) + (v1 & (-0x1) + 0x2 * (v0 & v1) + (-0x2) * v0 + (-0x2) * v1 + (-0x1) * (v0 & v1 & 0x2 * v0 + 0x2 * v1 + (-0x2) * (v0 & v1)) + (-0x1) * (v0 & 0x2 * v0 + 0x2 * v1 + (-0x2) * (v0 & v1) & (-0x1) * v0 + (-0x1) * v1 + (v0 & v1)) + (-0x1) * (v1 & 0x2 * v0 + 0x2 * v1 + (-0x2) * (v0 & v1) & (-0x1) * v0 + (-0x1) * v1 + (v0 & v1)) + (v0 & v1 & 0x2 * v0 + 0x2 * v1 + (-0x2) * (v0 & v1) & (-0x1) * v0 + (-0x1) * v1 + (v0 & v1)) + (v0 & 0x2 * v0 + 0x2 * v1 + (-0x2) * (v0 & v1)) + (v1 & 0x2 * v0 + 0x2 * v1 + (-0x2) * (v0 & v1)) + (0x2 * v0 + 0x2 * v1 + (-0x2) * (v0 & v1) & (-0x1) * v0 + (-0x1) * v1 + (v0 & v1))) + (v1 & 0x2 * v0 + 0x2 * v1 + (-0x2) * (v0 & v1) & (-0x1) * v0 + (-0x1) * v1 + (v0 & v1))	v0 + v1 + (-0x1) * (v0 & v1)	v0 + v1 + (-0x1) * (v0 & v1)
loki_tiny.csv	12689	p9l	p9l_base	required_p9l_loki_tiny_csv_12689	diagnostic_p9l_base_loki_tiny_csv_12689	78	145	145	7	7	3b3e4e19515091ae	f1c0ed5ba99047a4	f1c0ed5ba99047a4	22845ff142c4aa6c	22845ff142c4aa6c	300a8ad773e90dd5	f3e49a2a19e73887	((v0 & (-0x1) * v0 | (v0 & (-0x1) * v0) & ~ (~ (v0 | v1) | ~ ((-0x1) * ~ (v0 | v1)) & ~ (v0 | v1) + ~ (v0 | v1))) | ~ (~ (v0 | v1) | ~ ((-0x1) * ~ (v0 | v1)) & ~ (v0 | v1) + ~ (v0 | v1))) | ~ (~ (v0 | v1) | ~ ((-0x1) * ~ (v0 | v1)) & ~ (v0 | v1) + ~ (v0 | v1))	v0 + v1 + (-0x1) * (v0 & v1) + (-0x1) * (v0 & v1 & v0 + v1 + 0x1 + (-0x1) * (v0 & v1) & (-0x2) + 0x2 * (v0 & v1) + (-0x2) * v0 + (-0x2) * v1) + (-0x1) * (v0 & (-0x1) * v0 & v0 + v1 + 0x1 + (-0x1) * (v0 & v1) & (-0x2) + 0x2 * (v0 & v1) + (-0x2) * v0 + (-0x2) * v1) + (-0x1) * (v0 & (-0x2) + 0x2 * (v0 & v1) + (-0x2) * v0 + (-0x2) * v1) + (-0x1) * (v1 & (-0x2) + 0x2 * (v0 & v1) + (-0x2) * v0 + (-0x2) * v1) + (v0 & v1 & (-0x2) + 0x2 * (v0 & v1) + (-0x2) * v0 + (-0x2) * v1) + (v0 & (-0x1) * v0 & (-0x2) + 0x2 * (v0 & v1) + (-0x2) * v0 + (-0x2) * v1) + (v0 & v0 + v1 + 0x1 + (-0x1) * (v0 & v1) & (-0x2) + 0x2 * (v0 & v1) + (-0x2) * v0 + (-0x2) * v1) + (v1 & v0 + v1 + 0x1 + (-0x1) * (v0 & v1) & (-0x2) + 0x2 * (v0 & v1) + (-0x2) * v0 + (-0x2) * v1)	v0 + v1 + (-0x1) * (v0 & v1) + (-0x1) * (v0 & v1 & v0 + v1 + 0x1 + (-0x1) * (v0 & v1) & (-0x2) + 0x2 * (v0 & v1) + (-0x2) * v0 + (-0x2) * v1) + (-0x1) * (v0 & (-0x1) * v0 & v0 + v1 + 0x1 + (-0x1) * (v0 & v1) & (-0x2) + 0x2 * (v0 & v1) + (-0x2) * v0 + (-0x2) * v1) + (-0x1) * (v0 & (-0x2) + 0x2 * (v0 & v1) + (-0x2) * v0 + (-0x2) * v1) + (-0x1) * (v1 & (-0x2) + 0x2 * (v0 & v1) + (-0x2) * v0 + (-0x2) * v1) + (v0 & v1 & (-0x2) + 0x2 * (v0 & v1) + (-0x2) * v0 + (-0x2) * v1) + (v0 & (-0x1) * v0 & (-0x2) + 0x2 * (v0 & v1) + (-0x2) * v0 + (-0x2) * v1) + (v0 & v0 + v1 + 0x1 + (-0x1) * (v0 & v1) & (-0x2) + 0x2 * (v0 & v1) + (-0x2) * v0 + (-0x2) * v1) + (v1 & v0 + v1 + 0x1 + (-0x1) * (v0 & v1) & (-0x2) + 0x2 * (v0 & v1) + (-0x2) * v0 + (-0x2) * v1)	v0 + v1 + (-0x1) * (v0 & v1)	v0 + v1 + (-0x1) * (v0 & v1)
loki_tiny.csv	13078	p9l	p9l_base	required_p9l_loki_tiny_csv_13078	diagnostic_p9l_base_loki_tiny_csv_13078	55	45	45	7	7	f61d2dc1deafbd23	a055f0cecbbdbbdc	a055f0cecbbdbbdc	22845ff142c4aa6c	22845ff142c4aa6c	e2ba483b2cb152ae	64f7628ef21cb93f	v0 | ((-0x1) * ~ (~ (v0 & ~ v0) & v1) & ~ (~ (v0 & ~ v0) & v1) + ~ (~ (v0 & ~ (v0 | ~ ((-0x1) * v0 + (v0 ^ ~ v0)))) & v1) | ~ (~ (~ (v0 & ~ (v0 & ((-0x1) * v0 | ~ ((-0x1) * v0)))) & v1)))	v0 + v1 + (-0x1) * (v0 & v1) + (-0x1) * (v0 & v1 + 0x1 & (-0x2) + (-0x2) * v1) + (-0x1) * (v1 & v1 + 0x1 & (-0x2) + (-0x2) * v1) + (v0 & v1 & v1 + 0x1 & (-0x2) + (-0x2) * v1) + (v1 + 0x1 & (-0x2) + (-0x2) * v1)	v0 + v1 + (-0x1) * (v0 & v1) + (-0x1) * (v0 & v1 + 0x1 & (-0x2) + (-0x2) * v1) + (-0x1) * (v1 & v1 + 0x1 & (-0x2) + (-0x2) * v1) + (v0 & v1 & v1 + 0x1 & (-0x2) + (-0x2) * v1) + (v1 + 0x1 & (-0x2) + (-0x2) * v1)	v0 + v1 + (-0x1) * (v0 & v1)	v0 + v1 + (-0x1) * (v0 & v1)
loki_tiny.csv	13174	p9l	p9l_base	required_p9l_loki_tiny_csv_13174	diagnostic_p9l_base_loki_tiny_csv_13174	49	48	48	7	7	f8189a9c5865a4c2	40c3d6831dca013e	40c3d6831dca013e	22845ff142c4aa6c	22845ff142c4aa6c	6d03434ed72127b3	bb2e2166b22161ed	~ (~ (v0 | ~ (~ (~ ((~ v0 ^ v0 + (-0x1) * (v0 + (-0x1) * ~ v0)) & v0 + (-0x1) * (v0 + (-0x1) * ~ v0)) & v0 + (-0x1) * (v0 + ((-0x1) * ~ v0 | v0 & ~ v0 + ~ v0))))) | ~ (v0 | v1))	v0 + (-0x1) * (v0 & v1 & (-0x1) + (-0x1) * v0 + (-0x1) * (v0 & (-0x2) + (-0x2) * v0) + (v0 & v0 + 0x1 & (-0x2) + (-0x2) * v0)) + (v1 & (-0x1) + (-0x1) * v0 + (-0x1) * (v0 & (-0x2) + (-0x2) * v0) + (v0 & v0 + 0x1 & (-0x2) + (-0x2) * v0))	v0 + (-0x1) * (v0 & v1 & (-0x1) + (-0x1) * v0 + (-0x1) * (v0 & (-0x2) + (-0x2) * v0) + (v0 & v0 + 0x1 & (-0x2) + (-0x2) * v0)) + (v1 & (-0x1) + (-0x1) * v0 + (-0x1) * (v0 & (-0x2) + (-0x2) * v0) + (v0 & v0 + 0x1 & (-0x2) + (-0x2) * v0))	v0 + v1 + (-0x1) * (v0 & v1)	v0 + v1 + (-0x1) * (v0 & v1)
loki_tiny.csv	13238	p7e	p9l_base	required_p7e_loki_tiny_csv_13238	diagnostic_p9l_base_loki_tiny_csv_13238	92	27	9	9	7	67441f2950002beb	54e9d8b2837362ea	21feb9deab5d4a5a	21feb9deab5d4a5a	22845ff142c4aa6c	36dfda161dd304a8	d2f6791a609549b5	((-0x1) * ~ ((-0x1) * v0 | (-0x1) * v0 + (-0x1) * ((-0x1) * v0 & (-0x1) * ~ v1)) + (v0 ^ (-0x1) * ((-0x1) * ~ v0 + ~ (v0 | ~ v1)))) + ((-0x1) * ((-0x1) * ~ ((-0x1) * v0 | (-0x1) * v0 + (-0x1) * ((-0x1) * v0 & (-0x1) * ~ v1)) + (v0 ^ (-0x1) * ((-0x1) * ~ v0 + ~ (v0 | ~ v1)))) + ((-0x1) * (((-0x1) * ~ ((-0x1) * v0 | (-0x1) * v0 + (-0x1) * ((-0x1) * v0 & (-0x1) * ~ v1)) + (v0 ^ (-0x1) * ((-0x1) * ~ v0 + ~ (v0 | ~ v1)))) + v1) + v1))	v1 + 0x2 * v0 + (-0x1) * (v0 & v1) + ((-0x1) * v0 & v1 + 0x1) + ((-0x1) * v0 & (-0x1) * v0 + (-0x1) * ((-0x1) * v0 & v1 + 0x1))	(v0) + (v1) + (-0x1) * (v0 & v1)	(v0) + (v1) + (-0x1) * (v0 & v1)	v0 + v1 + (-0x1) * (v0 & v1)
loki_tiny.csv	13752	p7e	p9l_base	required_p7e_loki_tiny_csv_13752	diagnostic_p9l_base_loki_tiny_csv_13752	37	131	9	9	7	a1d757e9007344fa	3faae9d7110ce82e	21feb9deab5d4a5a	21feb9deab5d4a5a	22845ff142c4aa6c	ff300d66542e896b	f3ed56ea06e9e4ad	(v0 | ((-0x1) * v1 + ~ ((-0x1) * v1 ^ v1 + v1 | v1 + v1) & v1 + v1 | (-0x1) * (v1 | v1 + (-0x1) * (v1 & ~ v1))) + (v1 + v1)) | v1	v0 + 0x2 * v1 + (-0x1) * (v0 & v1) + (-0x1) * (v0 & v1 + (-0x1) * (0x2 * v1 & (-0x1) * v1 & (-0x1) + (-0x2) * v1 + (0x2 * v1 & (-0x1) * v1)) + (0x2 * v1 & (-0x1) + (-0x2) * v1 + (0x2 * v1 & (-0x1) * v1))) + (-0x1) * (v1 & v1 + (-0x1) * (0x2 * v1 & (-0x1) * v1 & (-0x1) + (-0x2) * v1 + (0x2 * v1 & (-0x1) * v1)) + (0x2 * v1 & (-0x1) + (-0x2) * v1 + (0x2 * v1 & (-0x1) * v1))) + (-0x1) * (0x2 * v1 & (-0x1) * v1 & (-0x1) + (-0x2) * v1 + (0x2 * v1 & (-0x1) * v1)) + (v0 & v1 & v1 + (-0x1) * (0x2 * v1 & (-0x1) * v1 & (-0x1) + (-0x2) * v1 + (0x2 * v1 & (-0x1) * v1)) + (0x2 * v1 & (-0x1) + (-0x2) * v1 + (0x2 * v1 & (-0x1) * v1))) + (0x2 * v1 & (-0x1) + (-0x2) * v1 + (0x2 * v1 & (-0x1) * v1))	(v0) + (v1) + (-0x1) * (v0 & v1)	(v0) + (v1) + (-0x1) * (v0 & v1)	v0 + v1 + (-0x1) * (v0 & v1)
loki_tiny.csv	14143	p9l	p9l_base	required_p9l_loki_tiny_csv_14143	diagnostic_p9l_base_loki_tiny_csv_14143	78	21	21	7	7	65464b78cc3f3e83	ff6c232f18eba5d5	ff6c232f18eba5d5	22845ff142c4aa6c	22845ff142c4aa6c	16a1993732c90ac4	82b432b06c9577ea	~ (~ v0 & ~ (~ (v0 & ~ (~ v0 | (-0x1) * v1) + (-0x1) * (v1 | v1 & v1 + ~ v1)) & (~ (v0 & ~ (~ v0 | (-0x1) * v1) + (-0x1) * (v1 | v1 & v1 + ~ v1)) ^ (v0 ^ ~ (v0 & ~ (~ v0 | (-0x1) * v1) + (-0x1) * (v1 | v1 & v1 + ~ v1))))) + ~ (~ ((-0x1) * v1 & ~ (v1 & v1 + v1))))	v1 + (v0 & (-0x1) + (-0x1) * v1 + (-0x1) * (v1 & 0x2 * v1 & (-0x1) * v1)) + (v1 & 0x2 * v1 & (-0x1) * v1)	v1 + (v0 & (-0x1) + (-0x1) * v1 + (-0x1) * (v1 & 0x2 * v1 & (-0x1) * v1)) + (v1 & 0x2 * v1 & (-0x1) * v1)	v0 + v1 + (-0x1) * (v0 & v1)	v0 + v1 + (-0x1) * (v0 & v1)
loki_tiny.csv	14221	p9l	p9l_base	required_p9l_loki_tiny_csv_14221	diagnostic_p9l_base_loki_tiny_csv_14221	93	67	67	7	7	1ae0dcee629d605f	78da9144414ba2dc	78da9144414ba2dc	22845ff142c4aa6c	22845ff142c4aa6c	acb63e50c0eceaa8	934359b3679d34fb	((~ (((-0x1) * (~ v0 & v1 | ~ (~ (v0 | v1))) & (v0 | v1) + (v0 | v1) | ~ (v0 | v1)) + (-0x1) * v1) ^ ~ (~ (((-0x1) * (~ v0 & v1 | ~ (~ (v0 | v1))) & (v0 | v1) + (v0 | v1) | ~ (v0 | v1)) + (-0x1) * v1) ^ (((-0x1) * (~ v0 & v1 | ~ (~ (v0 | v1))) & (v0 | v1) + (v0 | v1) | ~ (v0 | v1)) + (-0x1) * v1 ^ v1))) ^ v1) + (-0x1) * v1	v0 + v1 + (-0x1) * (v0 & v1) + (-0x1) * (v0 & 0x2 * v0 + 0x2 * v1 + (-0x2) * (v0 & v1) & (-0x1) * v0 + (-0x1) * v1 + (v0 & v1)) + (-0x1) * (v1 & 0x2 * v0 + 0x2 * v1 + (-0x2) * (v0 & v1) & (-0x1) * v0 + (-0x1) * v1 + (v0 & v1)) + (v0 & v1 & 0x2 * v0 + 0x2 * v1 + (-0x2) * (v0 & v1) & (-0x1) * v0 + (-0x1) * v1 + (v0 & v1))	v0 + v1 + (-0x1) * (v0 & v1) + (-0x1) * (v0 & 0x2 * v0 + 0x2 * v1 + (-0x2) * (v0 & v1) & (-0x1) * v0 + (-0x1) * v1 + (v0 & v1)) + (-0x1) * (v1 & 0x2 * v0 + 0x2 * v1 + (-0x2) * (v0 & v1) & (-0x1) * v0 + (-0x1) * v1 + (v0 & v1)) + (v0 & v1 & 0x2 * v0 + 0x2 * v1 + (-0x2) * (v0 & v1) & (-0x1) * v0 + (-0x1) * v1 + (v0 & v1))	v0 + v1 + (-0x1) * (v0 & v1)	v0 + v1 + (-0x1) * (v0 & v1)
loki_tiny.csv	14369	p9l	p9l_base	required_p9l_loki_tiny_csv_14369	diagnostic_p9l_base_loki_tiny_csv_14369	84	35	35	7	7	701f118054e14490	9d4620667e21ec3c	9d4620667e21ec3c	22845ff142c4aa6c	22845ff142c4aa6c	36172e569fdb53dd	93bf52a080d9757b	v0 + ((v0 & (v0 + (~ (~ ((-0x1) * v0 & ~ (v0 & v0 + v0))) + (v0 & v1)) | v0 & v1) | (v0 & (v0 + (~ (~ ((-0x1) * v0 & ~ (v0 & v0 + v0))) + (v0 & v1)) | v0 & v1)) & (-0x1) * (v0 & (v0 + (~ (~ ((-0x1) * v0 & ~ (v0 & v0 + ~ (~ (v0 | ~ (v0 | ~ v0)))))) + (v0 & v1)) | v0 & v1))) ^ v1)	v0 + v1 + (-0x1) * (v0 & v1) + (-0x1) * (v0 & v1 & (-0x1) * (v0 & 0x2 * v0 & (-0x1) * v0) + (v0 & v1)) + (v0 & (-0x1) * (v0 & 0x2 * v0 & (-0x1) * v0) + (v0 & v1))	v0 + v1 + (-0x1) * (v0 & v1) + (-0x1) * (v0 & v1 & (-0x1) * (v0 & 0x2 * v0 & (-0x1) * v0) + (v0 & v1)) + (v0 & (-0x1) * (v0 & 0x2 * v0 & (-0x1) * v0) + (v0 & v1))	v0 + v1 + (-0x1) * (v0 & v1)	v0 + v1 + (-0x1) * (v0 & v1)
loki_tiny.csv	14497	p9l	p9l_base	required_p9l_loki_tiny_csv_14497	diagnostic_p9l_base_loki_tiny_csv_14497	45	22	22	7	7	1498cffffadf1862	b9bf876ea62e06f4	b9bf876ea62e06f4	22845ff142c4aa6c	22845ff142c4aa6c	31e05a9118ac51c5	b194b0077eb1164b	(v0 + (v1 ^ (~ (~ v1 + ((-0x1) * ~ v1 + ~ (v1 ^ ~ v1))) | (-0x1) * v1)) | ~ (~ ((-0x1) * ~ v1 & ~ ((-0x1) * ~ v1)))) + (-0x1) * ~ (v1 & ~ ((-0x1) * v1 & v1 + v1)) | v1	v0 + v1 + (-0x1) * (v1 & 0x2 * v1 & (-0x1) * v1) + (-0x1) * (v1 & v0 + (-0x1) * (v1 & 0x2 * v1 & (-0x1) * v1))	v0 + v1 + (-0x1) * (v1 & 0x2 * v1 & (-0x1) * v1) + (-0x1) * (v1 & v0 + (-0x1) * (v1 & 0x2 * v1 & (-0x1) * v1))	v0 + v1 + (-0x1) * (v0 & v1)	v0 + v1 + (-0x1) * (v0 & v1)
loki_tiny.csv	14545	p9l	p9l_base	required_p9l_loki_tiny_csv_14545	diagnostic_p9l_base_loki_tiny_csv_14545	39	40	40	7	7	7feacd7e0a5f1917	c97023925da1a56c	c97023925da1a56c	22845ff142c4aa6c	22845ff142c4aa6c	8c83a716c6fcde4c	08e105ea2549072b	~ v0 + (-0x1) * (((-0x1) * ((-0x1) * ~ v0 + (~ v0 + (v0 | v0 + v0))) | (-0x1) * (v0 & (v0 ^ ~ v0))) + ~ (~ (~ v0 | (-0x1) * (v0 & v1) + v1))) | v1	v1 + 0x4 * v0 + (-0x1) * (v0 & 0x2 * v0) + (-0x1) * (v1 & 0x4 * v0 + (-0x1) * (v0 & 0x2 * v0) + ((-0x1) * v0 & (-0x3) * v0 + (v0 & 0x2 * v0))) + ((-0x1) * v0 & (-0x3) * v0 + (v0 & 0x2 * v0))	v1 + 0x4 * v0 + (-0x1) * (v0 & 0x2 * v0) + (-0x1) * (v1 & 0x4 * v0 + (-0x1) * (v0 & 0x2 * v0) + ((-0x1) * v0 & (-0x3) * v0 + (v0 & 0x2 * v0))) + ((-0x1) * v0 & (-0x3) * v0 + (v0 & 0x2 * v0))	v0 + v1 + (-0x1) * (v0 & v1)	v0 + v1 + (-0x1) * (v0 & v1)
loki_tiny.csv	16073	p9l	p9l_base	required_p9l_loki_tiny_csv_16073	diagnostic_p9l_base_loki_tiny_csv_16073	26	48	48	4	4	fa69cb27569f28f2	6eb8567fc108a341	6eb8567fc108a341	a4cfaed11e2fee97	a4cfaed11e2fee97	b67c2ea0e080e9ca	05183d93af5c9bab	(~ (~ v0 + v1) & (~ v0 + v1) + (~ v0 + v1) | (-0x1) * (~ v0 + v1)) + (v0 | ~ v0)	v1 + (-0x2) + (-0x1) * v0 + (-0x1) * (v0 + 0x1 + (-0x1) * v1 & (-0x2) + 0x2 * v1 + (-0x2) * v0) + (-0x1) * (v1 + (-0x1) + (-0x1) * v0 & (-0x2) + 0x2 * v1 + (-0x2) * v0) + (v0 + 0x1 + (-0x1) * v1 & v1 + (-0x1) + (-0x1) * v0 & (-0x2) + 0x2 * v1 + (-0x2) * v0)	v1 + (-0x2) + (-0x1) * v0 + (-0x1) * (v0 + 0x1 + (-0x1) * v1 & (-0x2) + 0x2 * v1 + (-0x2) * v0) + (-0x1) * (v1 + (-0x1) + (-0x1) * v0 & (-0x2) + 0x2 * v1 + (-0x2) * v0) + (v0 + 0x1 + (-0x1) * v1 & v1 + (-0x1) + (-0x1) * v0 & (-0x2) + 0x2 * v1 + (-0x2) * v0)	v0 + (-0x1) * v1	v0 + (-0x1) * v1
loki_tiny.csv	17380	p9l	p9l_base	required_p9l_loki_tiny_csv_17380	diagnostic_p9l_base_loki_tiny_csv_17380	76	40	40	4	4	1c2d1fee3e47421c	fae114f48be88635	fae114f48be88635	a4cfaed11e2fee97	a4cfaed11e2fee97	f225b554ffa8dad0	0c0918dad3ea67fb	v0 + ~ (~ ((-0x1) * (v0 + ((-0x1) * (v0 + (-0x1) * v1) | v0 + (-0x1) * v1 & (-0x1) * (v0 + (-0x1) * v1 | v1)) & v1) | (-0x1) * (v0 + ((-0x1) * (v0 + (-0x1) * v1) | v0 + (-0x1) * v1 & (-0x1) * (v0 + (-0x1) * v1 | v1)) & v1) & ~ ((-0x1) * (v0 + ((-0x1) * (v0 + (-0x1) * v1) | v0 + (-0x1) * v1 & (-0x1) * (v0 + (-0x1) * v1 | v1)) & v1))))	v0 + (-0x1) * (v1 & v1 + (-0x1) * (v0 + (-0x1) * v1 & v1 + (-0x1) * v0 & (-0x1) * v0 + (v1 & v0 + (-0x1) * v1)) + (v0 + (-0x1) * v1 & (-0x1) * v0 + (v1 & v0 + (-0x1) * v1)))	v0 + (-0x1) * (v1 & v1 + (-0x1) * (v0 + (-0x1) * v1 & v1 + (-0x1) * v0 & (-0x1) * v0 + (v1 & v0 + (-0x1) * v1)) + (v0 + (-0x1) * v1 & (-0x1) * v0 + (v1 & v0 + (-0x1) * v1)))	v0 + (-0x1) * v1	v0 + (-0x1) * v1
loki_tiny.csv	17524	p9l	p9l_base	required_p9l_loki_tiny_csv_17524	diagnostic_p9l_base_loki_tiny_csv_17524	42	21	21	4	4	c4157435951ad5aa	2cabb893a92579ac	2cabb893a92579ac	a4cfaed11e2fee97	a4cfaed11e2fee97	dc7a106bc8169b70	ae722304f26b8b24	~ (v0 + (-0x1) * ((-0x1) * ~ v0 + ~ (~ (v0 & (v0 ^ ~ v0)) + v1 & (-0x1) * ~ (~ (~ (v0 & (v0 ^ ~ v0)) + v1 & (-0x1) * (~ (v0 & (v0 ^ ~ v0)) + v1))))))	(-0x1) + (-0x1) * ((-0x1) * (v0 + 0x1 + (-0x1) * v1 & v1 + (-0x1) + (-0x1) * v0) & v1 + (-0x1) + (-0x1) * v0)	(-0x1) + (-0x1) * ((-0x1) * (v0 + 0x1 + (-0x1) * v1 & v1 + (-0x1) + (-0x1) * v0) & v1 + (-0x1) + (-0x1) * v0)	v0 + (-0x1) * v1	v0 + (-0x1) * v1
loki_tiny.csv	17578	p9l	p9l_base	required_p9l_loki_tiny_csv_17578	diagnostic_p9l_base_loki_tiny_csv_17578	34	21	21	4	4	b5ad2221e750b54c	e1ed809cd68fe74f	e1ed809cd68fe74f	a4cfaed11e2fee97	a4cfaed11e2fee97	46dad5222dc2e226	0fdfb97dc7434a21	(-0x1) * ((-0x1) * (v0 + v0) + ((-0x1) * (v0 + v0) + ((v0 + v0 & (-0x1) * ~ (~ (v0 + v0 & (-0x1) * (v0 + v0)))) + (v0 + v1)) & v0 + v1))	0x2 * v0 + (-0x1) * (v0 + v1 & v1 + (-0x1) * v0 + (0x2 * v0 & (-0x1) * (0x2 * v0 & (-0x2) * v0)))	0x2 * v0 + (-0x1) * (v0 + v1 & v1 + (-0x1) * v0 + (0x2 * v0 & (-0x1) * (0x2 * v0 & (-0x2) * v0)))	v0 + (-0x1) * v1	v0 + (-0x1) * v1
loki_tiny.csv	17633	p9l	p9l_base	required_p9l_loki_tiny_csv_17633	diagnostic_p9l_base_loki_tiny_csv_17633	122	19	19	4	4	9924bb4395767339	72a6989bfd30e396	72a6989bfd30e396	a4cfaed11e2fee97	a4cfaed11e2fee97	c7c855fefffa81cb	dc93f1a84c63bdaa	(-0x1) * (((-0x1) * ~ (~ v0 & ~ (v0 & v1)) + ~ (~ v0 & ~ (v0 & v1) | ~ (~ v0 & ~ (v0 & v1)))) + v1) & ~ (((-0x1) * ~ (~ v0 & ~ (v0 & v1)) + ~ (~ v0 & ~ (v0 & v1) | ~ (~ v0 & ~ (v0 & v1)))) + v1 & (-0x1) * ((((-0x1) * ~ (~ v0 & ~ (v0 & v1)) + ~ (~ v0 & ~ (v0 & v1) | ~ (~ v0 & ~ (v0 & v1)))) + v1) + (((-0x1) * ~ (~ v0 & ~ (v0 & v1)) + ~ (~ v0 & ~ (v0 & v1) | ~ (~ v0 & ~ (v0 & v1)))) + v1)))	v0 + (-0x1) * v1 + (-0x1) * (v0 + (-0x1) * v1 & v1 + (-0x1) * v0 & 0x2 * v0 + (-0x2) * v1)	v0 + (-0x1) * v1 + (-0x1) * (v0 + (-0x1) * v1 & v1 + (-0x1) * v0 & 0x2 * v0 + (-0x2) * v1)	v0 + (-0x1) * v1	v0 + (-0x1) * v1
loki_tiny.csv	17818	p9l	p9l_base	required_p9l_loki_tiny_csv_17818	diagnostic_p9l_base_loki_tiny_csv_17818	56	21	21	4	4	91fc3ae4c03ea159	ef4c424b96c92807	ef4c424b96c92807	a4cfaed11e2fee97	a4cfaed11e2fee97	effac6ed52289a17	29910d452057d221	~ ((-0x1) * v0 + ~ ((-0x1) * ~ (v0 + ~ v0 & ~ v1)) & ~ (v0 + ~ (~ ((-0x1) * ~ (v0 + ~ v0 & ~ v1)) | ~ (v0 + ~ v0 & ~ v1) & ~ (v0 + ~ v0 & ~ v1) + ~ (v0 + ~ v0 & ~ v1))))	v0 + (-0x1) * v1 + (v0 + (-0x1) * v1 + (-0x1) * (v1 & 0x2 * v1 & (-0x1) * v1) & v1 + (-0x1) + (-0x1) * v0)	v0 + (-0x1) * v1 + (v0 + (-0x1) * v1 + (-0x1) * (v1 & 0x2 * v1 & (-0x1) * v1) & v1 + (-0x1) + (-0x1) * v0)	v0 + (-0x1) * v1	v0 + (-0x1) * v1
loki_tiny.csv	17825	p9l	p9l_base	required_p9l_loki_tiny_csv_17825	diagnostic_p9l_base_loki_tiny_csv_17825	64	18	18	4	4	82b7c570e84e73a5	ae0e13d748b4f394	ae0e13d748b4f394	a4cfaed11e2fee97	a4cfaed11e2fee97	3cd97535df9c0b97	3cd791b8390fa490	~ (~ v0 & ~ (v1 & ~ (v1 & ~ ((-0x1) * v1 & (-0x1) * v1 + (-0x1) * v1)))) ^ ~ (~ (~ (~ v0 & ~ (v1 & ~ (v1 & ~ ((-0x1) * v1 & (-0x1) * v1 + (-0x1) * v1))))) ^ ~ (~ v0 & ~ (v1 & ~ (v1 & ~ ((-0x1) * v1 & (-0x1) * v1 + (-0x1) * v1)))) + (-0x1) * v1)	v0 + (-0x1) * v1 + (-0x1) * (v0 & v1 & (-0x2) * v1 & (-0x1) * v1) + (v1 & (-0x2) * v1 & (-0x1) * v1)	v0 + (-0x1) * v1 + (-0x1) * (v0 & v1 & (-0x2) * v1 & (-0x1) * v1) + (v1 & (-0x2) * v1 & (-0x1) * v1)	v0 + (-0x1) * v1	v0 + (-0x1) * v1
loki_tiny.csv	17972	p9l	p9l_base	required_p9l_loki_tiny_csv_17972	diagnostic_p9l_base_loki_tiny_csv_17972	47	10	10	4	4	cab964f6acf473ba	04355a75544968ef	04355a75544968ef	a4cfaed11e2fee97	a4cfaed11e2fee97	c5c4e47e29584c66	7dcf5d4051944d65	v0 + ~ (v1 + (~ v1 + ~ (~ ((-0x1) * (~ v1 + (-0x1) * (v1 ^ ~ v1)) & ~ (~ v1 + (-0x1) * (v1 ^ ~ v1) & (~ v1 + (-0x1) * (v1 ^ ~ v1)) + (~ v1 + (-0x1) * (v1 ^ ~ v1)))))))	v0 + (-0x1) * v1 + (v1 & (-0x2) * v1 & (-0x1) * v1)	v0 + (-0x1) * v1 + (v1 & (-0x2) * v1 & (-0x1) * v1)	v0 + (-0x1) * v1	v0 + (-0x1) * v1
loki_tiny.csv	17980	p9l	p9l_base	required_p9l_loki_tiny_csv_17980	diagnostic_p9l_base_loki_tiny_csv_17980	28	19	19	4	4	3f6bd2738ae8eec7	76be60ac84708aec	76be60ac84708aec	a4cfaed11e2fee97	a4cfaed11e2fee97	bbe0c2069cfd8a7d	fa7f1fdb2c86c9bc	((-0x1) * ((-0x1) * v0 + v1) & ~ ((-0x1) * v0 + v1 & ((-0x1) * v0 + v1) + ((-0x1) * v0 + v1))) + (-0x1) * ~ (v0 | ~ v0)	v0 + (-0x1) * v1 + (-0x1) * (v0 + (-0x1) * v1 & v1 + (-0x1) * v0 & 0x2 * v1 + (-0x2) * v0)	v0 + (-0x1) * v1 + (-0x1) * (v0 + (-0x1) * v1 & v1 + (-0x1) * v0 & 0x2 * v1 + (-0x2) * v0)	v0 + (-0x1) * v1	v0 + (-0x1) * v1
loki_tiny.csv	17981	p9l	p9l_base	required_p9l_loki_tiny_csv_17981	diagnostic_p9l_base_loki_tiny_csv_17981	42	10	10	4	4	2fc097d463cdf6f8	8f257f010fdd183f	8f257f010fdd183f	a4cfaed11e2fee97	a4cfaed11e2fee97	b054dfee66407d3c	65b85806393938d5	(-0x1) * v0 + (((-0x1) * ((-0x1) * v0 + ~ (~ ((-0x1) * v0) | v0 & v0 + v0)) & (~ ((-0x1) * ((-0x1) * v0 + ~ (~ ((-0x1) * v0) | v0 & v0 + v0)) & (-0x1) * v1) ^ (-0x1) * v1)) + (-0x1) * v1)	v0 + (-0x1) * v1 + (v0 & 0x2 * v0 & (-0x1) * v0)	v0 + (-0x1) * v1 + (v0 & 0x2 * v0 & (-0x1) * v0)	v0 + (-0x1) * v1	v0 + (-0x1) * v1
loki_tiny.csv	18104	p9l	p9l_base	required_p9l_loki_tiny_csv_18104	diagnostic_p9l_base_loki_tiny_csv_18104	46	11	11	4	4	cc8d14aeb61bb8a8	f2ead8e8e4717b89	f2ead8e8e4717b89	a4cfaed11e2fee97	a4cfaed11e2fee97	177bac96b1b3a68e	1a38cd9249fac75f	~ (((~ (~ (~ v0 & (v0 & ~ (~ ((-0x1) * v1) | v1 & v1 + v1)))) + (-0x1) * ~ (~ ((-0x1) * v1) | v1 & v1 + v1)) + (~ (v0 + (-0x1) * (~ (v0 | v1) & v1)) + v1)) + (-0x1) * v1)	v0 + (-0x1) * v1 + (-0x1) * (v1 & 0x2 * v1 & (-0x1) * v1)	v0 + (-0x1) * v1 + (-0x1) * (v1 & 0x2 * v1 & (-0x1) * v1)	v0 + (-0x1) * v1	v0 + (-0x1) * v1
loki_tiny.csv	18200	p9l	p9l_base	required_p9l_loki_tiny_csv_18200	diagnostic_p9l_base_loki_tiny_csv_18200	47	21	21	4	4	cf9d361bd8df45f3	6ffb41b8ec7fb18e	6ffb41b8ec7fb18e	a4cfaed11e2fee97	a4cfaed11e2fee97	08f5d26f04482afd	127048183c27770e	(v0 | ~ v0) + (-0x1) * ~ ((v0 | ~ (v0 | ~ ((-0x1) * v0 | ~ (v0 + v0)))) + ((v0 + (-0x1) * v1) + (-0x1) * ~ (~ (v0 + (-0x1) * v1) & ~ (~ (v0 + (-0x1) * v1) | (-0x1) * ~ (v0 + (-0x1) * v1)))))	(-0x1) * v0 + (-0x1) * v1 + (-0x1) * (v0 & 0x2 * v0 & (-0x1) * v0) + (v0 & 0x2 * v0) + (0x2 * v0 & (-0x1) * v0)	(-0x1) * v0 + (-0x1) * v1 + (-0x1) * (v0 & 0x2 * v0 & (-0x1) * v0) + (v0 & 0x2 * v0) + (0x2 * v0 & (-0x1) * v0)	v0 + (-0x1) * v1	v0 + (-0x1) * v1
loki_tiny.csv	18437	p9l	p9l_base	required_p9l_loki_tiny_csv_18437	diagnostic_p9l_base_loki_tiny_csv_18437	50	20	20	4	4	0adbbdb8a016ad78	6b45d5980529ed6c	6b45d5980529ed6c	a4cfaed11e2fee97	a4cfaed11e2fee97	d2a20efc6b06dea0	04002f0000dd4728	((~ v0 ^ ~ v1) ^ v1 | ~ (((v0 ^ ~ (~ (v1 | ~ v1))) ^ ~ v1) ^ v1)) + (((~ v0 ^ ~ v1) ^ v1) + ((-0x1) * ~ ((-0x1) * v1) & (-0x1) * ~ ((-0x1) * v1) + ~ (~ ((-0x1) * v1) | (-0x1) * ~ ((-0x1) * v1))))	v0 + (-0x1) + (0x1 + (-0x2) * v1 + (-0x1) * ((-0x1) * v1 & 0x1 + (-0x1) * v1) & 0x1 + (-0x1) * v1)	v0 + (-0x1) + (0x1 + (-0x2) * v1 + (-0x1) * ((-0x1) * v1 & 0x1 + (-0x1) * v1) & 0x1 + (-0x1) * v1)	v0 + (-0x1) * v1	v0 + (-0x1) * v1
loki_tiny.csv	18523	p9l	p9l_base	required_p9l_loki_tiny_csv_18523	diagnostic_p9l_base_loki_tiny_csv_18523	52	15	15	4	4	7004d5db763bbcf6	197922acd8c6078c	197922acd8c6078c	a4cfaed11e2fee97	a4cfaed11e2fee97	6622e1c4622be8cc	3161893f70b8c916	(-0x1) * ((-0x1) * v0 + (~ (v0 | ~ v0) ^ v1)) & (-0x1) * ~ (~ ((-0x1) * v0 + (~ (~ (~ (v0 | ~ v0) ^ v1) ^ v1) ^ v1) & (-0x1) * ((-0x1) * v0 + (~ (v0 | v0 ^ ~ ((-0x1) * v0 & ~ (v0 | (-0x1) * v0))) ^ v1))))	(-0x1) * (v0 + (-0x1) * v1 & v1 + (-0x1) * v0) & v0 + (-0x1) * v1	(-0x1) * (v0 + (-0x1) * v1 & v1 + (-0x1) * v0) & v0 + (-0x1) * v1	v0 + (-0x1) * v1	v0 + (-0x1) * v1
loki_tiny.csv	18631	p9l	p9l_base	required_p9l_loki_tiny_csv_18631	diagnostic_p9l_base_loki_tiny_csv_18631	90	51	51	4	4	5e1d872ebd66682c	6ef847f9965c8c8e	6ef847f9965c8c8e	a4cfaed11e2fee97	a4cfaed11e2fee97	6429216d50ec03f2	594281595fe7e00c	~ (~ (((-0x1) * v0 | (-0x1) * v0 & v1 + v1) + v1 & (-0x1) * (v0 + (-0x1) * ~ (~ (~ (v0 | v1) & v1) ^ v1))) + (-0x1) * ((-0x1) * v0 + v1 & (-0x1) * (v0 + (-0x1) * ~ (~ (~ (v0 | v1) & v1) ^ v1))) | (-0x1) * v0 + v1 & (-0x1) * (v0 + (-0x1) * ~ (~ (~ (v0 | v1) & v1) ^ v1))) | (-0x1) * ((-0x1) * v0 + v1 & (-0x1) * (v0 + (-0x1) * ~ (~ (~ (v0 | v1) & v1) ^ v1)))	v1 + (-0x1) * v0 + (-0x1) * (v0 + (-0x1) * v1 & v1 + (-0x1) * v0 & (-0x1) + 0x2 * v0 + (-0x2) * v1) + (v0 + (-0x1) * v1 & v1 + (-0x1) * v0) + (v0 + (-0x1) * v1 & (-0x1) + 0x2 * v0 + (-0x2) * v1) + (v1 + (-0x1) * v0 & (-0x1) + 0x2 * v0 + (-0x2) * v1)	v1 + (-0x1) * v0 + (-0x1) * (v0 + (-0x1) * v1 & v1 + (-0x1) * v0 & (-0x1) + 0x2 * v0 + (-0x2) * v1) + (v0 + (-0x1) * v1 & v1 + (-0x1) * v0) + (v0 + (-0x1) * v1 & (-0x1) + 0x2 * v0 + (-0x2) * v1) + (v1 + (-0x1) * v0 & (-0x1) + 0x2 * v0 + (-0x2) * v1)	v0 + (-0x1) * v1	v0 + (-0x1) * v1
loki_tiny.csv	18685	p9l	p9l_base	required_p9l_loki_tiny_csv_18685	diagnostic_p9l_base_loki_tiny_csv_18685	46	18	18	4	4	6b24f856f4e8d561	cdbee45ef21a6ff2	cdbee45ef21a6ff2	a4cfaed11e2fee97	a4cfaed11e2fee97	465f391d7ac1f5cb	34a8cf7493def9ea	(v0 | (v0 | v1) + (-0x1) * (~ ((-0x1) * ~ ((-0x1) * ~ (~ v1 & ~ (v1 & (-0x1) * v1)) & v1 + v1)) + (-0x1) * ~ ((-0x1) * v1 & v1 + v1) & (v1 & ~ ((-0x1) * v1 & v1 + v1)))) + (-0x1) * v1	v0 + (-0x1) * v1 + (-0x1) * (v0 & v1 & 0x2 * v1 & (-0x1) * v1) + (v1 & 0x2 * v1 & (-0x1) * v1)	v0 + (-0x1) * v1 + (-0x1) * (v0 & v1 & 0x2 * v1 & (-0x1) * v1) + (v1 & 0x2 * v1 & (-0x1) * v1)	v0 + (-0x1) * v1	v0 + (-0x1) * v1
loki_tiny.csv	18731	p7e	p9l_base	required_p7e_loki_tiny_csv_18731	diagnostic_p9l_base_loki_tiny_csv_18731	74	26	6	6	4	6a7cca7e178bc2ff	1ad04fc0a5f998c5	56661808ab44687d	56661808ab44687d	a4cfaed11e2fee97	9be3c82e666d042b	218bbf3fa270dcbb	(((~ v0 + (-0x1) * v1) + (-0x1) * ~ ((-0x1) * ~ (~ (~ (v0 + v0) & (-0x1) * (~ (v0 + v0) & (-0x1) * ~ (v0 + v0)))))) + (-0x1) * ~ (~ (~ (v0 + v0) & (-0x1) * (~ (v0 + v0) & (-0x1) * ~ (v0 + v0))))) + ~ ((-0x1) * ~ (~ ((-0x1) * (~ (v0 + v0) & (-0x1) * ~ (v0 + v0)) & ~ (v0 + (v0 | ~ (v0 | ~ v0))))))	v0 + (-0x1) * v1 + (-0x1) * (0x2 * v0 & 0x1 + 0x2 * v0) + (0x2 * v0 & (-0x1) + (-0x2) * v0 + (0x2 * v0 & 0x1 + 0x2 * v0))	(v0) + (-0x1) * (v1)	(v0) + (-0x1) * (v1)	v0 + (-0x1) * v1
loki_tiny.csv	19290	p7e	p9l_base	required_p7e_loki_tiny_csv_19290	diagnostic_p9l_base_loki_tiny_csv_19290	101	63	6	6	4	a79175ae27289382	facac9d1bad84044	56661808ab44687d	56661808ab44687d	a4cfaed11e2fee97	dce445ea76369d14	f742de7f1746b642	(~ (~ v0 & (~ v0 | v1)) + v1) + ~ (((v0 + (-0x1) * (v1 + (~ ((-0x1) * v1) + (-0x1) * ~ ((-0x1) * v1 + ~ ((-0x1) * v1))))) + (-0x1) * (v1 + ~ ((-0x1) * v1)) | ((v0 + (-0x1) * (v1 + (~ ((-0x1) * v1) + (-0x1) * ~ ((-0x1) * v1 + ~ ((-0x1) * v1))))) + (-0x1) * (v1 + ~ ((-0x1) * v1))) + ~ (~ (~ ((v0 + (-0x1) * (v1 + (~ ((-0x1) * v1) + (-0x1) * ~ ((-0x1) * v1 + ~ ((-0x1) * v1))))) + (-0x1) * (v1 + ~ ((-0x1) * v1))) & v1 + ~ ((-0x1) * v1)))) & v1 + ~ ((-0x1) * v1))	v0 + v1 + (-0x1) + (-0x1) * (v0 + 0x1 + (-0x2) * v1 + (-0x1) * (v0 + 0x2 + (-0x4) * v1 & (-0x1) + 0x2 * v1) & (-0x1) + 0x2 * v1) + (-0x1) * (v0 + 0x2 + (-0x4) * v1 & (-0x1) + 0x2 * v1) + (v0 + 0x1 + (-0x2) * v1 + (-0x1) * (v0 + 0x2 + (-0x4) * v1 & (-0x1) + 0x2 * v1) & v0 + 0x2 + (-0x4) * v1 & (-0x1) + 0x2 * v1)	(v0) + (-0x1) * (v1)	(v0) + (-0x1) * (v1)	v0 + (-0x1) * v1
loki_tiny.csv	19299	p7e	p9l_base	required_p7e_loki_tiny_csv_19299	diagnostic_p9l_base_loki_tiny_csv_19299	40	39	6	6	4	fd6737912e6b398c	b91347740ab954f4	56661808ab44687d	56661808ab44687d	a4cfaed11e2fee97	d7706e4a4a72d784	bd6e84dca4d06a00	(-0x1) * (((-0x1) * v0 + (~ ((-0x1) * v0) ^ ~ (v0 & ~ v0))) + ((-0x1) * (~ (~ ((-0x1) * v0 + (v0 + v0)) + (-0x1) * v1 & ~ (v0 + v1)) & (-0x1) * (v0 + v1)) & v0 + v1))	v0 + (-0x1) * v1 + (-0x1) * ((-0x1) + (-0x1) * v0 + (-0x1) * v1 & (-0x1) * v0 + (-0x1) * v1) + (v0 + v1 + ((-0x1) + (-0x1) * v0 + (-0x1) * v1 & (-0x1) * v0 + (-0x1) * v1) & (-0x1) + (-0x1) * v0 + (-0x1) * v1)	(v0) + (-0x1) * (v1)	(v0) + (-0x1) * (v1)	v0 + (-0x1) * v1
loki_tiny.csv	19329	p9l	p9l_base	required_p9l_loki_tiny_csv_19329	diagnostic_p9l_base_loki_tiny_csv_19329	60	54	54	4	4	21822e415999e22c	01fab17d753e4f08	01fab17d753e4f08	a4cfaed11e2fee97	a4cfaed11e2fee97	3e95bd6fae75533a	4797d3763fe2da76	~ ((v0 ^ ~ v0) & ~ (v0 + (-0x1) * v1 & (v0 + (-0x1) * v1) + ~ (v0 + (-0x1) * v1 & (v0 + (-0x1) * v1) + (v0 + (-0x1) * v1 | (-0x1) * (v0 + ~ (~ ((-0x1) * v1) & ~ (v1 & ~ v1)))) | (-0x1) * (v0 + (-0x1) * (v1 | ~ (~ (v1 & ~ ((-0x1) * v1))))))))	v0 + (-0x1) * v1 & (-0x1) + 0x2 * v0 + (-0x2) * v1 + (-0x1) * (v0 + (-0x1) * v1 & v0 + (-0x1) * v1 + (-0x1) * (v0 + (-0x1) * v1 & v1 + (-0x1) * v0)) + (v0 + (-0x1) * v1 & v0 + (-0x1) * v1 + (-0x1) * (v0 + (-0x1) * v1 & v1 + (-0x1) * v0) & v1 + (-0x1) * v0)	v0 + (-0x1) * v1 & (-0x1) + 0x2 * v0 + (-0x2) * v1 + (-0x1) * (v0 + (-0x1) * v1 & v0 + (-0x1) * v1 + (-0x1) * (v0 + (-0x1) * v1 & v1 + (-0x1) * v0)) + (v0 + (-0x1) * v1 & v0 + (-0x1) * v1 + (-0x1) * (v0 + (-0x1) * v1 & v1 + (-0x1) * v0) & v1 + (-0x1) * v0)	v0 + (-0x1) * v1	v0 + (-0x1) * v1
loki_tiny.csv	19565	p9l	p9l_base	required_p9l_loki_tiny_csv_19565	diagnostic_p9l_base_loki_tiny_csv_19565	193	29	29	4	4	3cefbd673e5bee9c	089010014539b442	089010014539b442	a4cfaed11e2fee97	a4cfaed11e2fee97	81331c134696c1dc	220c7a814230dc72	(~ (((~ (~ v0 + (-0x1) * (~ v0 + (-0x1) * ~ (v0 + (-0x1) * v1)) | (-0x1) * v0) ^ (-0x1) * v0) & (-0x1) * v0) + (~ v0 + (-0x1) * (~ v0 + (-0x1) * ~ (v0 + (-0x1) * ~ (~ (v1 | ~ (~ (v1 & ~ v1)))))))) | (-0x1) * (((~ (~ v0 + (-0x1) * (~ v0 + (-0x1) * ~ (v0 + (-0x1) * v1)) | (-0x1) * v0) ^ (-0x1) * v0) & (-0x1) * v0) + (~ v0 + (-0x1) * (~ v0 + (-0x1) * ~ (v0 + (-0x1) * ~ (~ (v1 | ~ (~ (v1 & ~ v1)))))))) + (((~ (~ v0 + (-0x1) * (~ v0 + (-0x1) * ~ (v0 + (-0x1) * v1)) | (-0x1) * v0) ^ (-0x1) * v0) & (-0x1) * v0) + (~ v0 + (-0x1) * (~ v0 + (-0x1) * ~ (v0 + (-0x1) * ~ (~ (v1 | ~ (~ (v1 & ~ v1))))))) | (-0x1) * (((~ (~ v0 + (-0x1) * (~ v0 + (-0x1) * ~ (v0 + (-0x1) * v1)) | (-0x1) * v0) ^ (-0x1) * v0) & (-0x1) * v0) + (~ v0 + (-0x1) * (~ v0 + (-0x1) * ~ (v0 + (-0x1) * ~ (~ (v1 | ~ (~ (v1 & ~ v1)))))))))) + (-0x1) * v0	v0 + (-0x1) * v1 + (v1 + (-0x1) + (-0x2) * v0 & 0x1 + 0x2 * v0 + (-0x1) * v1 + (-0x1) * (v1 + (-0x1) + (-0x2) * v0 & 0x1 + 0x2 * v0 + (-0x1) * v1))	v0 + (-0x1) * v1 + (v1 + (-0x1) + (-0x2) * v0 & 0x1 + 0x2 * v0 + (-0x1) * v1 + (-0x1) * (v1 + (-0x1) + (-0x2) * v0 & 0x1 + 0x2 * v0 + (-0x1) * v1))	v0 + (-0x1) * v1	v0 + (-0x1) * v1
loki_tiny.csv	19597	p9l	p9l_base	required_p9l_loki_tiny_csv_19597	diagnostic_p9l_base_loki_tiny_csv_19597	44	11	11	4	4	36bd43e6cc25ffb6	2b2f5744408b4d68	2b2f5744408b4d68	a4cfaed11e2fee97	a4cfaed11e2fee97	f66941183bf29a86	a3e0c7c08d6bcde4	v0 + ~ ((-0x1) * v1 ^ ~ ((-0x1) * v1) + ((-0x1) * v1 + (-0x1) * ~ ((-0x1) * v1 ^ ~ (((-0x1) * v1 & v1 + ((-0x1) * v1 + ~ ((-0x1) * (v1 + v1) & (v1 & (-0x1) * (v1 + v1))))) & (v1 | ~ v1)))))	v0 + (-0x1) * v1 + (-0x1) * (v1 & (-0x2) * v1 & (-0x1) * v1)	v0 + (-0x1) * v1 + (-0x1) * (v1 & (-0x2) * v1 & (-0x1) * v1)	v0 + (-0x1) * v1	v0 + (-0x1) * v1
loki_tiny.csv	19704	p9l	p9l_base	required_p9l_loki_tiny_csv_19704	diagnostic_p9l_base_loki_tiny_csv_19704	52	29	29	4	4	2fdc253010bd5121	568782af8bbd69e7	568782af8bbd69e7	a4cfaed11e2fee97	a4cfaed11e2fee97	977485e1752763c7	64e26650d15d9f6d	v0 + (~ v0 + (-0x1) * ~ (v0 + ((-0x1) * ((-0x1) * ~ (~ v1 + (-0x1) * v1 ^ ~ v1 + (-0x1) * v1 & (v1 ^ ~ (~ (v1 & ~ v1)))) + (v1 ^ ~ (~ (v1 & ~ v1)))) | (-0x1) * v1 + ~ (v1 | (v1 | ~ v1)))))	v0 + v1 + (-0x1) * (v1 & (-0x1) * v1 & (-0x1) + (-0x2) * v1) + (v1 & (-0x1) * v1) + (v1 & (-0x1) + (-0x2) * v1) + ((-0x1) * v1 & (-0x1) + (-0x2) * v1)	v0 + v1 + (-0x1) * (v1 & (-0x1) * v1 & (-0x1) + (-0x2) * v1) + (v1 & (-0x1) * v1) + (v1 & (-0x1) + (-0x2) * v1) + ((-0x1) * v1 & (-0x1) + (-0x2) * v1)	v0 + (-0x1) * v1	v0 + (-0x1) * v1
loki_tiny.csv	19728	p9l	p9l_base	required_p9l_loki_tiny_csv_19728	diagnostic_p9l_base_loki_tiny_csv_19728	94	62	62	4	4	5f6b3ab1e022ef5e	aa25fc54d7230f57	aa25fc54d7230f57	a4cfaed11e2fee97	a4cfaed11e2fee97	f224783f48fd88ee	1160899db6937a59	v0 + ((v0 + v0 | (-0x1) * ((-0x1) * v1 + (v1 + v1))) & (((~ (~ (v0 + v0 | (-0x1) * ((-0x1) * v1 + (v1 + v1))) | (-0x1) * ((-0x1) * v1 + (v1 + v1))) | (-0x1) * ((-0x1) * v1 + (v1 + v1))) ^ ~ ((v0 + v0 | (-0x1) * ((-0x1) * v1 + (v1 + v1))) & (-0x1) * (((-0x1) * v1 & (-0x1) * v1 + ~ ((-0x1) * v1 | v1 + v1)) + (v1 + v1)))) & (-0x1) * (((-0x1) * v1 & (-0x1) * v1 + ~ ((-0x1) * v1 | v1 + v1)) + (v1 + v1))))	v0 + (-0x1) * (0x2 * v0 & (-0x1) * v1 & (-0x2) * v1 + (-0x1) * ((-0x1) * v1 & (-0x1) + (-0x2) * v1 + (0x2 * v1 & (-0x1) * v1))) + (0x2 * v0 & (-0x2) * v1 + (-0x1) * ((-0x1) * v1 & (-0x1) + (-0x2) * v1 + (0x2 * v1 & (-0x1) * v1))) + ((-0x1) * v1 & (-0x2) * v1 + (-0x1) * ((-0x1) * v1 & (-0x1) + (-0x2) * v1 + (0x2 * v1 & (-0x1) * v1)))	v0 + (-0x1) * (0x2 * v0 & (-0x1) * v1 & (-0x2) * v1 + (-0x1) * ((-0x1) * v1 & (-0x1) + (-0x2) * v1 + (0x2 * v1 & (-0x1) * v1))) + (0x2 * v0 & (-0x2) * v1 + (-0x1) * ((-0x1) * v1 & (-0x1) + (-0x2) * v1 + (0x2 * v1 & (-0x1) * v1))) + ((-0x1) * v1 & (-0x2) * v1 + (-0x1) * ((-0x1) * v1 & (-0x1) + (-0x2) * v1 + (0x2 * v1 & (-0x1) * v1)))	v0 + (-0x1) * v1	v0 + (-0x1) * v1
loki_tiny.csv	19966	p9l	p9l_base	required_p9l_loki_tiny_csv_19966	diagnostic_p9l_base_loki_tiny_csv_19966	80	118	118	4	4	12ee7e3616134709	1ff1cd3765dcf6c7	1ff1cd3765dcf6c7	a4cfaed11e2fee97	a4cfaed11e2fee97	8dba8ef18793d757	2a9c0c43133904c9	(~ v0 | ~ (v0 + (-0x1) * (~ v0 + v1) ^ (-0x1) * (v0 + (-0x1) * (~ v0 + v1)) + ~ (v0 + (-0x1) * (~ v0 + v1) & ~ (~ (v0 & ~ (v0 + ((-0x1) * (~ v0 + v1) & ~ (~ v0 + v1 & (~ v0 + v1) + (~ v0 + v1))))))))) + (v0 + ((-0x1) * (~ v0 + v1) ^ ~ ((-0x1) * (~ v0 + v1) | ~ ((-0x1) * (~ v0 + v1)))))	0x2 * v0 + 0x2 * (v0 & v1 + (-0x2) + (-0x2) * v0 + (-0x1) * (v0 & 0x1 + 0x2 * v0 + (-0x1) * v1) + (v0 & 0x1 + 0x2 * v0 + (-0x1) * v1 & 0x1 + 0x2 * v0 + (-0x1) * v1 + (-0x1) * (v0 + 0x1 + (-0x1) * v1 & v1 + (-0x1) + (-0x1) * v0 & (-0x2) + 0x2 * v1 + (-0x2) * v0)) & 0x1 + 0x2 * v0 + (-0x1) * v1) + (-0x1) * v1 + (-0x1) * (v0 & v1 + (-0x2) + (-0x2) * v0 + (-0x1) * (v0 & 0x1 + 0x2 * v0 + (-0x1) * v1) + (v0 & 0x1 + 0x2 * v0 + (-0x1) * v1 & 0x1 + 0x2 * v0 + (-0x1) * v1 + (-0x1) * (v0 + 0x1 + (-0x1) * v1 & v1 + (-0x1) + (-0x1) * v0 & (-0x2) + 0x2 * v1 + (-0x2) * v0))) + (-0x1) * (v0 & 0x1 + 0x2 * v0 + (-0x1) * v1)	0x2 * v0 + 0x2 * (v0 & v1 + (-0x2) + (-0x2) * v0 + (-0x1) * (v0 & 0x1 + 0x2 * v0 + (-0x1) * v1) + (v0 & 0x1 + 0x2 * v0 + (-0x1) * v1 & 0x1 + 0x2 * v0 + (-0x1) * v1 + (-0x1) * (v0 + 0x1 + (-0x1) * v1 & v1 + (-0x1) + (-0x1) * v0 & (-0x2) + 0x2 * v1 + (-0x2) * v0)) & 0x1 + 0x2 * v0 + (-0x1) * v1) + (-0x1) * v1 + (-0x1) * (v0 & v1 + (-0x2) + (-0x2) * v0 + (-0x1) * (v0 & 0x1 + 0x2 * v0 + (-0x1) * v1) + (v0 & 0x1 + 0x2 * v0 + (-0x1) * v1 & 0x1 + 0x2 * v0 + (-0x1) * v1 + (-0x1) * (v0 + 0x1 + (-0x1) * v1 & v1 + (-0x1) + (-0x1) * v0 & (-0x2) + 0x2 * v1 + (-0x2) * v0))) + (-0x1) * (v0 & 0x1 + 0x2 * v0 + (-0x1) * v1)	v0 + (-0x1) * v1	v0 + (-0x1) * v1
loki_tiny.csv	19996	p7e	p9l_base	required_p7e_loki_tiny_csv_19996	diagnostic_p9l_base_loki_tiny_csv_19996	79	40	6	6	4	8cce54556f6b89aa	5fe88d86ecce2cbf	56661808ab44687d	56661808ab44687d	a4cfaed11e2fee97	a8d21a5aeb3cddd2	76a88b377157b925	~ (((v0 + ~ (v0 + v0)) + (((v0 + ~ (v0 + v0)) + ~ (v0 + ~ (v0 + v0)) & v1 ^ v1) ^ v1)) + (-0x1) * ((v0 + ~ (v0 + v0)) + v1 & (-0x1) * ~ ((-0x1) * ((v0 + ~ (v0 + v0)) + v1)) + ~ ((v0 + ~ (v0 + v0)) + v1 & ~ ((v0 + ~ (v0 + v0)) + v1))) | (v0 + ~ (v0 + v0)) + v1)	0x1 + 0x2 * v0 + (-0x2) * v1 + (v0 + 0x1 + (-0x1) * v1 & v1 + (-0x1) + (-0x1) * v0) + (v1 + (-0x1) + (-0x1) * v0 & v1 + (-0x1) + (-0x1) * v0 + (-0x1) * (v0 + 0x1 + (-0x1) * v1 & v1 + (-0x1) + (-0x1) * v0))	(v0) + (-0x1) * (v1)	(v0) + (-0x1) * (v1)	v0 + (-0x1) * v1
loki_tiny.csv	22103	p9l	p9l_base	required_p9l_loki_tiny_csv_22103	diagnostic_p9l_base_loki_tiny_csv_22103	46	68	68	7	7	65c4a15ac98d1072	adb287436fb0b539	adb287436fb0b539	6e1d2aff68e3620d	6e1d2aff68e3620d	f87856be96b1a102	184987b347b3f7ad	~ ((-0x1) * (v0 | v1) + ~ (~ ((-0x1) * (v0 | v1) & (-0x1) * ((v0 | v1) + (v0 | v1))) + (-0x1) * ((v0 | v1) | ~ ((-0x1) * (v0 | v1) & (-0x1) * ((v0 | v1) + (v0 | v1))))) | v0 ^ ~ v1)	v0 + v1 + 0x2 * (v0 & v1 & 0x2 * (v0 & v1) + (-0x2) * v0 + (-0x2) * v1 & (-0x1) * v0 + (-0x1) * v1 + (v0 & v1)) + (-0x2) * (v0 & v1) + (-0x1) * (v0 & 0x2 * (v0 & v1) + (-0x2) * v0 + (-0x2) * v1 & (-0x1) * v0 + (-0x1) * v1 + (v0 & v1)) + (-0x1) * (v1 & 0x2 * (v0 & v1) + (-0x2) * v0 + (-0x2) * v1 & (-0x1) * v0 + (-0x1) * v1 + (v0 & v1))	v0 + v1 + 0x2 * (v0 & v1 & 0x2 * (v0 & v1) + (-0x2) * v0 + (-0x2) * v1 & (-0x1) * v0 + (-0x1) * v1 + (v0 & v1)) + (-0x2) * (v0 & v1) + (-0x1) * (v0 & 0x2 * (v0 & v1) + (-0x2) * v0 + (-0x2) * v1 & (-0x1) * v0 + (-0x1) * v1 + (v0 & v1)) + (-0x1) * (v1 & 0x2 * (v0 & v1) + (-0x2) * v0 + (-0x2) * v1 & (-0x1) * v0 + (-0x1) * v1 + (v0 & v1))	v0 + v1 + (-0x2) * (v0 & v1)	v0 + v1 + (-0x2) * (v0 & v1)
loki_tiny.csv	23004	p9l	p9l_base	required_p9l_loki_tiny_csv_23004	diagnostic_p9l_base_loki_tiny_csv_23004	61	52	52	7	7	5a0bb7d9b3102cbf	2b6580d42143bfc7	2b6580d42143bfc7	6e1d2aff68e3620d	6e1d2aff68e3620d	c657dcaac4e65f2f	146846f35b7a5f6b	~ v0 ^ ~ (((~ v0 & v1) & v1 ^ v1) + (~ ((v0 & ~ (~ (v0 | v0 ^ v1))) & ~ ((-0x1) * (v0 & ~ (~ (v0 | v0 ^ v1))) & (-0x1) * (v0 & ~ (~ (v0 | v0 ^ v1))) + (-0x1) * (v0 & ~ (~ (v0 | v0 ^ v1))))) & v1) | v1)	v0 + 0x2 * v1 + 0x2 * (v0 & v1 & v1 + (v0 & v1 & (-0x2) * v0 & (-0x1) * v0)) + (-0x2) * (v0 & v1) + (-0x2) * (v0 & v1 + (v0 & v1 & (-0x2) * v0 & (-0x1) * v0)) + (-0x1) * (v1 & v1 + (v0 & v1 & (-0x2) * v0 & (-0x1) * v0)) + (v0 & v1 & (-0x2) * v0 & (-0x1) * v0)	v0 + 0x2 * v1 + 0x2 * (v0 & v1 & v1 + (v0 & v1 & (-0x2) * v0 & (-0x1) * v0)) + (-0x2) * (v0 & v1) + (-0x2) * (v0 & v1 + (v0 & v1 & (-0x2) * v0 & (-0x1) * v0)) + (-0x1) * (v1 & v1 + (v0 & v1 & (-0x2) * v0 & (-0x1) * v0)) + (v0 & v1 & (-0x2) * v0 & (-0x1) * v0)	v0 + v1 + (-0x2) * (v0 & v1)	v0 + v1 + (-0x2) * (v0 & v1)
loki_tiny.csv	23488	p9l	p9l_base	required_p9l_loki_tiny_csv_23488	diagnostic_p9l_base_loki_tiny_csv_23488	50	42	42	7	7	2e6658374e78d73c	09233927f9e1a745	09233927f9e1a745	6e1d2aff68e3620d	6e1d2aff68e3620d	79ff0b5a5f34d10c	4588fdd78328b181	~ ((-0x1) * v0 + (v0 + ((-0x1) * (v0 ^ (v0 ^ (-0x1) * ~ v0)) | ~ (v0 ^ (v0 ^ (-0x1) * ~ v0) | ~ ((v0 ^ (v0 ^ (-0x1) * ~ v0)) + (v0 ^ (v0 ^ (-0x1) * ~ (v0 & v0 + ~ (v0 | ~ v0))))))))) ^ v1	v0 + v1 + 0x2 * (v0 & v1 & 0x2 + 0x2 * v0) + (-0x2) * (v0 & v1) + (-0x2) * (v0 & v1 & v0 + 0x1 & 0x2 + 0x2 * v0) + (-0x1) * (v0 & 0x2 + 0x2 * v0) + (v0 & v0 + 0x1 & 0x2 + 0x2 * v0)	v0 + v1 + 0x2 * (v0 & v1 & 0x2 + 0x2 * v0) + (-0x2) * (v0 & v1) + (-0x2) * (v0 & v1 & v0 + 0x1 & 0x2 + 0x2 * v0) + (-0x1) * (v0 & 0x2 + 0x2 * v0) + (v0 & v0 + 0x1 & 0x2 + 0x2 * v0)	v0 + v1 + (-0x2) * (v0 & v1)	v0 + v1 + (-0x2) * (v0 & v1)
loki_tiny.csv	23652	p9l	p9l_base	required_p9l_loki_tiny_csv_23652	diagnostic_p9l_base_loki_tiny_csv_23652	52	40	40	7	7	19517ce654c4d166	85f488de202834ac	85f488de202834ac	6e1d2aff68e3620d	6e1d2aff68e3620d	dfe4ea23e9987c36	aa9562b482a1c15e	~ v0 ^ ~ (v0 + (-0x1) * ~ (~ (v0 + (-0x1) * v1 & (-0x1) * (v0 + (-0x1) * v1 & (-0x1) * (v0 + (-0x1) * v1) + ~ (v0 + (-0x1) * v1 ^ ~ (v0 + (-0x1) * v1) & ~ (v0 + (-0x1) * v1 & (-0x1) * ~ (v0 + (-0x1) * v1) + v1))))))	0x2 * v0 + (-0x2) * (v0 & v0 + (-0x1) * ((-0x1) * (v0 + (-0x1) * v1 & v1 + (-0x1) * v0) & v0 + (-0x1) * v1)) + (-0x1) * ((-0x1) * (v0 + (-0x1) * v1 & v1 + (-0x1) * v0) & v0 + (-0x1) * v1)	0x2 * v0 + (-0x2) * (v0 & v0 + (-0x1) * ((-0x1) * (v0 + (-0x1) * v1 & v1 + (-0x1) * v0) & v0 + (-0x1) * v1)) + (-0x1) * ((-0x1) * (v0 + (-0x1) * v1 & v1 + (-0x1) * v0) & v0 + (-0x1) * v1)	v0 + v1 + (-0x2) * (v0 & v1)	v0 + v1 + (-0x2) * (v0 & v1)
loki_tiny.csv	23810	p9l	p9l_base	required_p9l_loki_tiny_csv_23810	diagnostic_p9l_base_loki_tiny_csv_23810	38	45	45	7	7	63c5177e7d0b99f2	ca31bad11a8c5926	ca31bad11a8c5926	6e1d2aff68e3620d	6e1d2aff68e3620d	f84adf0ff893b782	a7b78f709519ac40	~ (((~ v0 + (-0x1) * v1) + v1) + (-0x1) * (((~ v0 + (-0x1) * v1) + v1) + (-0x1) * ((~ v0 + (-0x1) * v1) + v1 ^ ~ (~ (v1 | (-0x1) * ((-0x1) * v1 | v1 + v1))))))	v0 + 0x2 * (v0 & v1 & (-0x1) * v1 + (0x2 * v1 & (-0x1) * v1)) + (-0x2) * (v0 & v1) + (-0x2) * (v0 & (-0x1) * v1 + (0x2 * v1 & (-0x1) * v1)) + (-0x1) * (v1 & (-0x1) * v1 + (0x2 * v1 & (-0x1) * v1)) + (0x2 * v1 & (-0x1) * v1)	v0 + 0x2 * (v0 & v1 & (-0x1) * v1 + (0x2 * v1 & (-0x1) * v1)) + (-0x2) * (v0 & v1) + (-0x2) * (v0 & (-0x1) * v1 + (0x2 * v1 & (-0x1) * v1)) + (-0x1) * (v1 & (-0x1) * v1 + (0x2 * v1 & (-0x1) * v1)) + (0x2 * v1 & (-0x1) * v1)	v0 + v1 + (-0x2) * (v0 & v1)	v0 + v1 + (-0x2) * (v0 & v1)
loki_tiny.csv	23816	p9l	p9l_base	required_p9l_loki_tiny_csv_23816	diagnostic_p9l_base_loki_tiny_csv_23816	47	23	23	7	7	be2ed4a4006639b2	543a3a74298da387	543a3a74298da387	6e1d2aff68e3620d	6e1d2aff68e3620d	f1025c2e30c615b0	db188020640ec243	(-0x1) * ((-0x1) * ~ ((v0 ^ ~ ((~ v0 ^ v1 | v1) & v1)) + ((-0x1) * v1 | (-0x1) * (v1 | v1 + v1))) + (-0x1) * (~ ((v0 ^ ~ v1) + (-0x1) * v1) + (-0x1) * v1)) + (-0x1) * ~ ((v0 ^ ~ v1) + (-0x1) * v1)	v0 + 0x4 * v1 + (-0x2) * (v0 & v1) + (-0x1) * (v1 & 0x2 * v1) + ((-0x1) * v1 & (-0x3) * v1 + (v1 & 0x2 * v1))	v0 + 0x4 * v1 + (-0x2) * (v0 & v1) + (-0x1) * (v1 & 0x2 * v1) + ((-0x1) * v1 & (-0x3) * v1 + (v1 & 0x2 * v1))	v0 + v1 + (-0x2) * (v0 & v1)	v0 + v1 + (-0x2) * (v0 & v1)
loki_tiny.csv	24044	p9l	p9l_base	required_p9l_loki_tiny_csv_24044	diagnostic_p9l_base_loki_tiny_csv_24044	46	24	24	7	7	b697931d1fd82908	ddea81925630de51	ddea81925630de51	6e1d2aff68e3620d	6e1d2aff68e3620d	a3fc70c4ee5e5298	ee0c02af60e12121	~ (~ (~ v0 | ~ (v0 | (-0x1) * v0))) ^ v0 + ~ ((~ (((-0x1) * v0 & ~ (v0 & (-0x1) * v0 + (-0x1) * v0)) + ~ (~ (~ ((-0x1) * v0 + ~ v1 | v1)) & v1)) + (-0x1) * ~ v1) + ~ v1)	v1 + 0x2 * (v0 & (-0x1) + (-0x1) * v1 + (-0x1) * (v0 & (-0x2) * v0 & (-0x1) * v0)) + (-0x1) * v0 + (v0 & (-0x2) * v0 & (-0x1) * v0)	v1 + 0x2 * (v0 & (-0x1) + (-0x1) * v1 + (-0x1) * (v0 & (-0x2) * v0 & (-0x1) * v0)) + (-0x1) * v0 + (v0 & (-0x2) * v0 & (-0x1) * v0)	v0 + v1 + (-0x2) * (v0 & v1)	v0 + v1 + (-0x2) * (v0 & v1)
loki_tiny.csv	24286	p9l	p9l_base	required_p9l_loki_tiny_csv_24286	diagnostic_p9l_base_loki_tiny_csv_24286	50	58	58	7	7	0ee9bc142634cdfe	07a82e85e8bdbabc	07a82e85e8bdbabc	6e1d2aff68e3620d	6e1d2aff68e3620d	b2649a35a55695ee	3b9f9305c0cff30c	~ v0 + (-0x1) * ~ (v0 | ((-0x1) * ~ v0 | (-0x1) * ~ (~ ((-0x1) * v0) & ((-0x1) * v0 | ~ ((-0x1) * v0)) + (-0x1) * (v0 + v0))) & (-0x1) * ~ (~ ((-0x1) * v0) & ((-0x1) * v0 | ~ ((-0x1) * v0)) + (-0x1) * (v0 + v0))) | v0 ^ v1	v1 + (-0x2) * (v0 & v1) + (-0x1) * v0 + (-0x1) * (v0 & (-0x2) * v0 + (-0x1) * ((-0x1) * v0 & (-0x1) + (-0x2) * v0)) + (-0x1) * (v1 & (-0x2) * v0 + (-0x1) * ((-0x1) * v0 & (-0x1) + (-0x2) * v0)) + (-0x1) * ((-0x1) * v0 & (-0x1) + (-0x2) * v0) + (v0 & v1 & (-0x2) * v0 + (-0x1) * ((-0x1) * v0 & (-0x1) + (-0x2) * v0))	v1 + (-0x2) * (v0 & v1) + (-0x1) * v0 + (-0x1) * (v0 & (-0x2) * v0 + (-0x1) * ((-0x1) * v0 & (-0x1) + (-0x2) * v0)) + (-0x1) * (v1 & (-0x2) * v0 + (-0x1) * ((-0x1) * v0 & (-0x1) + (-0x2) * v0)) + (-0x1) * ((-0x1) * v0 & (-0x1) + (-0x2) * v0) + (v0 & v1 & (-0x2) * v0 + (-0x1) * ((-0x1) * v0 & (-0x1) + (-0x2) * v0))	v0 + v1 + (-0x2) * (v0 & v1)	v0 + v1 + (-0x2) * (v0 & v1)
loki_tiny.csv	24338	p9l	p9l_base	required_p9l_loki_tiny_csv_24338	diagnostic_p9l_base_loki_tiny_csv_24338	57	42	42	7	7	4cdaa01ce9ed7a19	f6daf815bfb5cff9	f6daf815bfb5cff9	6e1d2aff68e3620d	6e1d2aff68e3620d	b0598dc028c925c9	d28962909d835a1d	~ (~ (v0 & (v0 | v1)) | ~ ((-0x1) * ~ (v0 & (v0 | v1))) & ~ (v0 & (v0 | v1)) + ~ (v0 & ~ (((~ (~ ((v0 | v1) & ~ v1) & ~ v1) ^ v1) ^ ~ (~ (v0 | v1) & ~ (~ (v0 | v1)))) ^ v1))) ^ v1	v0 + v1 + 0x2 * (v0 & v1 & (-0x2) + (-0x2) * v0) + (-0x2) * (v0 & v1) + (-0x2) * (v0 & v1 & v0 + 0x1 & (-0x2) + (-0x2) * v0) + (-0x1) * (v0 & (-0x2) + (-0x2) * v0) + (v0 & v0 + 0x1 & (-0x2) + (-0x2) * v0)	v0 + v1 + 0x2 * (v0 & v1 & (-0x2) + (-0x2) * v0) + (-0x2) * (v0 & v1) + (-0x2) * (v0 & v1 & v0 + 0x1 & (-0x2) + (-0x2) * v0) + (-0x1) * (v0 & (-0x2) + (-0x2) * v0) + (v0 & v0 + 0x1 & (-0x2) + (-0x2) * v0)	v0 + v1 + (-0x2) * (v0 & v1)	v0 + v1 + (-0x2) * (v0 & v1)
loki_tiny.csv	24490	p9l	p9l_base	required_p9l_loki_tiny_csv_24490	diagnostic_p9l_base_loki_tiny_csv_24490	56	24	24	7	7	d924f0286624cbd7	29e6ddced2abe517	29e6ddced2abe517	6e1d2aff68e3620d	6e1d2aff68e3620d	b1d9da78eb22b507	d4972065befad8e7	~ (~ ((~ v0 ^ ((-0x1) * v1 & ~ (v1 & (-0x1) * v1 + (-0x1) * v1)) + (v1 + ~ v1)) + (-0x1) * ((-0x1) * ((-0x1) * v1 + (v1 + ~ v1)) + (((-0x1) * v1 + (v1 + ~ v1)) + ((-0x1) * v1 + (v1 + ~ v1))))) + (-0x1) * ((-0x1) * v1 + (v1 + ~ v1)))	v1 + 0x2 * (v0 & (-0x1) + (-0x1) * v1 + (-0x1) * (v1 & (-0x2) * v1 & (-0x1) * v1)) + (-0x1) * v0 + (v1 & (-0x2) * v1 & (-0x1) * v1)	v1 + 0x2 * (v0 & (-0x1) + (-0x1) * v1 + (-0x1) * (v1 & (-0x2) * v1 & (-0x1) * v1)) + (-0x1) * v0 + (v1 & (-0x2) * v1 & (-0x1) * v1)	v0 + v1 + (-0x2) * (v0 & v1)	v0 + v1 + (-0x2) * (v0 & v1)
loki_tiny.csv	24796	p9l	p9l_base	required_p9l_loki_tiny_csv_24796	diagnostic_p9l_base_loki_tiny_csv_24796	44	25	25	7	7	cac0396e1f14c479	3c9e3be9cbefd030	3c9e3be9cbefd030	6e1d2aff68e3620d	6e1d2aff68e3620d	819484a4a44767e5	4c55874f6d8858c6	((((-0x1) * ~ v0 & ~ (~ v0 & (-0x1) * (~ v0 + ~ v0))) + ~ (~ (v0 & ~ (~ v0 | v0 ^ v1)) + (-0x1) * (v0 ^ v1))) + (-0x1) * v0) + ~ ((v0 & ~ (v0 ^ v1)) & v1)	v0 + v1 + (-0x2) * (v0 & v1) + (-0x1) * (v0 + 0x1 & 0x2 + 0x2 * v0) + (v0 & v0 + 0x1 & 0x2 + 0x2 * v0)	v0 + v1 + (-0x2) * (v0 & v1) + (-0x1) * (v0 + 0x1 & 0x2 + 0x2 * v0) + (v0 & v0 + 0x1 & 0x2 + 0x2 * v0)	v0 + v1 + (-0x2) * (v0 & v1)	v0 + v1 + (-0x2) * (v0 & v1)
loki_tiny.csv	24869	p9l	p9l_base	required_p9l_loki_tiny_csv_24869	diagnostic_p9l_base_loki_tiny_csv_24869	65	76	76	7	7	870b7a0dbd506f79	bc69711d0dad2010	bc69711d0dad2010	6e1d2aff68e3620d	6e1d2aff68e3620d	d7eefe20282d26e9	6508645b46ff4386	(((-0x1) * v0 | ~ (v0 | ~ v0 + (-0x1) * v0)) ^ v1) ^ (-0x1) * (((v0 & (-0x1) * v0) + (-0x1) * ~ (~ (v0 | (-0x1) * v0))) + ~ (~ ((v0 & (-0x1) * v0) + (-0x1) * ~ (~ (v0 | (-0x1) * v0))) ^ (v0 & (-0x1) * v0) + (-0x1) * ~ (~ (v0 | (-0x1) * (v0 ^ ~ ((-0x1) * v0 + ~ ((-0x1) * v0))))) | v1))	0x2 * (v0 & v1 & (-0x1) * v0 & (-0x1) + (-0x2) * v0) + 0x2 * (v1 & (-0x1) * v0) + 0x2 * (v1 & (-0x1) + (-0x2) * v0) + 0x3 * v0 + (-0x2) * (v0 & v1 & (-0x1) * v0) + (-0x2) * (v0 & v1 & (-0x1) + (-0x2) * v0) + (-0x2) * (v1 & (-0x1) * v0 & (-0x1) + (-0x2) * v0) + (-0x1) * v1 + (-0x1) * (v0 & (-0x1) * v0 & (-0x1) + (-0x2) * v0) + (v0 & (-0x1) * v0) + (v0 & (-0x1) + (-0x2) * v0) + ((-0x1) * v0 & (-0x1) + (-0x2) * v0)	0x2 * (v0 & v1 & (-0x1) * v0 & (-0x1) + (-0x2) * v0) + 0x2 * (v1 & (-0x1) * v0) + 0x2 * (v1 & (-0x1) + (-0x2) * v0) + 0x3 * v0 + (-0x2) * (v0 & v1 & (-0x1) * v0) + (-0x2) * (v0 & v1 & (-0x1) + (-0x2) * v0) + (-0x2) * (v1 & (-0x1) * v0 & (-0x1) + (-0x2) * v0) + (-0x1) * v1 + (-0x1) * (v0 & (-0x1) * v0 & (-0x1) + (-0x2) * v0) + (v0 & (-0x1) * v0) + (v0 & (-0x1) + (-0x2) * v0) + ((-0x1) * v0 & (-0x1) + (-0x2) * v0)	v0 + v1 + (-0x2) * (v0 & v1)	v0 + v1 + (-0x2) * (v0 & v1)
loki_tiny.csv	24932	p9l	p9l_base	required_p9l_loki_tiny_csv_24932	diagnostic_p9l_base_loki_tiny_csv_24932	173	109	109	7	7	7a7e88abaad94ea3	0e72a808edb0212b	0e72a808edb0212b	6e1d2aff68e3620d	6e1d2aff68e3620d	e2f70366c7647053	cffd75012db81947	~ ((~ (~ (~ (~ ((~ v0 & v1) & ~ v1) + (-0x1) * v1 & v1 | v0 ^ v1) + ~ (v0 ^ v1 | v1 & ~ v1)) | (-0x1) * ~ (v0 ^ v1 | v1 & ~ v1)) | ~ (v0 ^ v1 | v1 & ~ v1)) | (-0x1) * ~ (v0 ^ v1 | v1 & ~ v1) + ~ ((-0x1) * ~ (v0 ^ v1 | v1 & ~ v1) | ~ (~ (v0 ^ v1 | v1 & ~ v1) + ~ (v0 ^ v1 | v1 & ~ v1))) & ~ ((-0x1) * ~ (v0 ^ v1 | v1 & ~ v1) | (-0x1) * ~ (~ (v0 ^ v1 | v1 & ~ v1) + ~ (v0 ^ v1 | v1 & ~ v1)) + ~ ((~ (v0 ^ v1 | v1 & ~ v1) + ~ (v0 ^ v1 | v1 & ~ v1)) + (-0x1) * ~ (~ (v0 ^ v1 | v1 & ~ v1) + ~ (v0 ^ v1 | v1 & ~ v1)))))	v0 + v1 + 0x2 * (v0 & v1 & (-0x2) + 0x4 * (v0 & v1) + (-0x2) * v0 + (-0x2) * v1) + (-0x2) * (v0 & v1) + (-0x2) * (v0 & v1 & v0 + v1 + 0x1 + (-0x2) * (v0 & v1) & (-0x2) + 0x4 * (v0 & v1) + (-0x2) * v0 + (-0x2) * v1) + (-0x1) * (v0 & (-0x2) + 0x4 * (v0 & v1) + (-0x2) * v0 + (-0x2) * v1) + (-0x1) * (v1 & (-0x2) + 0x4 * (v0 & v1) + (-0x2) * v0 + (-0x2) * v1) + (v0 & v0 + v1 + 0x1 + (-0x2) * (v0 & v1) & (-0x2) + 0x4 * (v0 & v1) + (-0x2) * v0 + (-0x2) * v1) + (v1 & v0 + v1 + 0x1 + (-0x2) * (v0 & v1) & (-0x2) + 0x4 * (v0 & v1) + (-0x2) * v0 + (-0x2) * v1)	v0 + v1 + 0x2 * (v0 & v1 & (-0x2) + 0x4 * (v0 & v1) + (-0x2) * v0 + (-0x2) * v1) + (-0x2) * (v0 & v1) + (-0x2) * (v0 & v1 & v0 + v1 + 0x1 + (-0x2) * (v0 & v1) & (-0x2) + 0x4 * (v0 & v1) + (-0x2) * v0 + (-0x2) * v1) + (-0x1) * (v0 & (-0x2) + 0x4 * (v0 & v1) + (-0x2) * v0 + (-0x2) * v1) + (-0x1) * (v1 & (-0x2) + 0x4 * (v0 & v1) + (-0x2) * v0 + (-0x2) * v1) + (v0 & v0 + v1 + 0x1 + (-0x2) * (v0 & v1) & (-0x2) + 0x4 * (v0 & v1) + (-0x2) * v0 + (-0x2) * v1) + (v1 & v0 + v1 + 0x1 + (-0x2) * (v0 & v1) & (-0x2) + 0x4 * (v0 & v1) + (-0x2) * v0 + (-0x2) * v1)	v0 + v1 + (-0x2) * (v0 & v1)	v0 + v1 + (-0x2) * (v0 & v1)
qsynth_ea.csv	13	p11a	p11a	required_p11a_qsynth_ea_csv_13	diagnostic_p11a_qsynth_ea_csv_13	539	26	26	15	15	21f5c3d1fa7846a3	3c919e23f4f44d39	3c919e23f4f44d39	50da0417ec6e4c39	50da0417ec6e4c39	8e2d26ed841e4083	3fb31a47ac06ba8d	(~ (((-0x1) * (((v0 ^ ~ ((v1 & v1) * (v1 | v1) + (v1 & ~ v1) * (~ v1 & v1))) + (v0 | (v1 & v1) * (v1 | v1) + (v1 & ~ v1) * (~ v1 & v1)) * 0x2) + 0x1) + (-0x1) * 0x1 & (v1 & ~ v1) + v1) * ((-0x1) * (((v0 ^ ~ ((v1 & v1) * (v1 | v1) + (v1 & ~ v1) * (~ v1 & v1))) + (v0 | (v1 & v1) * (v1 | v1) + (v1 & ~ v1) * (~ v1 & v1)) * 0x2) + 0x1) + (-0x1) * 0x1 | (v1 & ~ v1) + v1) + ((-0x1) * (((v0 ^ ~ ((v1 & v1) * (v1 | v1) + (v1 & ~ v1) * (~ v1 & v1))) + (v0 | (v1 & v1) * (v1 | v1) + (v1 & ~ v1) * (~ v1 & v1)) * 0x2) + 0x1) + (-0x1) * 0x1 & ~ ((v1 & ~ v1) + v1)) * (~ ((-0x1) * (((v0 ^ ~ ((v1 & v1) * (v1 | v1) + (v1 & ~ v1) * (~ v1 & v1))) + (v0 | (v1 & v1) * (v1 | v1) + (v1 & ~ v1) * (~ v1 & v1)) * 0x2) + 0x1) + (-0x1) * 0x1) & (v1 & ~ v1) + v1)) | ((((v1 & v1) * (v1 | v1) + (v1 & ~ v1) * (~ v1 & v1)) + (-0x1) * ((v1 | v1) + (v1 & v1))) + (-0x1) * (((v1 & v1) * (v1 | v1) + (v1 & ~ v1) * (~ v1 & v1) | ~ ((v1 | v1) + (v1 & v1))) + ((v1 & v1) * (v1 | v1) + (v1 & ~ v1) * (~ v1 & v1) | ~ ((v1 | v1) + (v1 & v1))))) + (-0x1) * 0x2) + (-0x1) * ~ (((-0x1) * (((v0 ^ ~ ((v1 & v1) * (v1 | v1) + (v1 & ~ v1) * (~ v1 & v1))) + (v0 | (v1 & v1) * (v1 | v1) + (v1 & ~ v1) * (~ v1 & v1)) * 0x2) + 0x1) + (-0x1) * 0x1 & (v1 & ~ v1) + v1) * ((-0x1) * (((v0 ^ ~ ((v1 & v1) * (v1 | v1) + (v1 & ~ v1) * (~ v1 & v1))) + (v0 | (v1 & v1) * (v1 | v1) + (v1 & ~ v1) * (~ v1 & v1)) * 0x2) + 0x1) + (-0x1) * 0x1 | (v1 & ~ v1) + v1) + ((-0x1) * (((v0 ^ ~ ((v1 & v1) * (v1 | v1) + (v1 & ~ v1) * (~ v1 & v1))) + (v0 | (v1 & v1) * (v1 | v1) + (v1 & ~ v1) * (~ v1 & v1)) * 0x2) + 0x1) + (-0x1) * 0x1 & ~ ((v1 & ~ v1) + v1)) * (~ ((-0x1) * (((v0 ^ ~ ((v1 & v1) * (v1 | v1) + (v1 & ~ v1) * (~ v1 & v1))) + (v0 | (v1 & v1) * (v1 | v1) + (v1 & ~ v1) * (~ v1 & v1)) * 0x2) + 0x1) + (-0x1) * 0x1) & (v1 & ~ v1) + v1))	0x2 * v1 + (-0x2) * (0x2 * v1 & v1 * v1) + v1 * v1 & (-0x1) * v1 + (-0x1) * (v0 * v1) + (-0x1) * (v1 * v1 * v1)	0x2 * v1 + (-0x2) * (0x2 * v1 & v1 * v1) + v1 * v1 & (-0x1) * v1 + (-0x1) * (v0 * v1) + (-0x1) * (v1 * v1 * v1)	(0x2 * v1 ^ v1 * v1) & v1 * ~ (v0 + v1 * v1)	(0x2 * v1 ^ v1 * v1) & v1 * ~ (v0 + v1 * v1)
qsynth_ea.csv	25	p11b	p11b	required_p11b_qsynth_ea_csv_25	diagnostic_p11b_qsynth_ea_csv_25	179	50	50	12	12	1e94f810d3f9880e	db099844452aa6cf	db099844452aa6cf	86d5e90cc7a70f8d	86d5e90cc7a70f8d	eb1b6224d95330d0	44cc2ca6b1bb6687	(((((((((v2 | v2) + (v2 & v2)) + v3) + 0x1) + ((-0x1) * ((v2 | v2) + (v2 & v2)) + (-0x1) * 0x1 | (-0x1) * v3 + (-0x1) * 0x1)) + (-0x1) * ~ ((v3 & ~ v3) + v3)) + (-0x1) * 0x1) + ((-0x1) * ((v2 & ~ (((v2 + v3) + 0x1) + ((-0x1) * v2 + (-0x1) * 0x1 | (-0x1) * v3 + (-0x1) * 0x1))) + (((v2 + v3) + 0x1) + ((-0x1) * v2 + (-0x1) * 0x1 | (-0x1) * v3 + (-0x1) * 0x1))) + (-0x1) * 0x1)) + 0x1) + ((-0x1) * (((((((v2 | v2) + (v2 & v2)) + v3) + 0x1) + ((-0x1) * ((v2 | v2) + (v2 & v2)) + (-0x1) * 0x1 | (-0x1) * v3 + (-0x1) * 0x1)) + (-0x1) * ~ ((v3 & ~ v3) + v3)) + (-0x1) * 0x1) + (-0x1) * 0x1 | (-0x1) * ((-0x1) * ((v2 & ~ (((v2 + v3) + 0x1) + ((-0x1) * v2 + (-0x1) * 0x1 | (-0x1) * v3 + (-0x1) * 0x1))) + (((v2 + v3) + 0x1) + ((-0x1) * v2 + (-0x1) * 0x1 | (-0x1) * v3 + (-0x1) * 0x1))) + (-0x1) * 0x1) + (-0x1) * 0x1)	(-0x1) + (-0x1) * (v2 & (-0x1) + (-0x2) * v2 + (-0x1) * v3 + (-0x1) * (v3 & (-0x1) + (-0x2) * v2)) + (-0x1) * (v3 & (-0x1) + (-0x2) * v2 + (-0x1) * v3 + (-0x1) * (v3 & (-0x1) + (-0x2) * v2)) + (v2 & v3 & (-0x1) + (-0x2) * v2 + (-0x1) * v3 + (-0x1) * (v3 & (-0x1) + (-0x2) * v2))	(-0x1) + (-0x1) * (v2 & (-0x1) + (-0x2) * v2 + (-0x1) * v3 + (-0x1) * (v3 & (-0x1) + (-0x2) * v2)) + (-0x1) * (v3 & (-0x1) + (-0x2) * v2 + (-0x1) * v3 + (-0x1) * (v3 & (-0x1) + (-0x2) * v2)) + (v2 & v3 & (-0x1) + (-0x2) * v2 + (-0x1) * v3 + (-0x1) * (v3 & (-0x1) + (-0x2) * v2))	~ v2 & ~ v3 | v3 + (v3 | 0x2 * v2)	~ v2 & ~ v3 | v3 + (v3 | 0x2 * v2)
qsynth_ea.csv	53	p11a	p11a	required_p11a_qsynth_ea_csv_53	diagnostic_p11a_qsynth_ea_csv_53	505	110	110	41	41	6160a0eed9019162	2e747b179653ed4d	2e747b179653ed4d	fb736aa5ac2f81c4	fb736aa5ac2f81c4	02883af4b9da1567	5db2cb347c772f14	((((v2 & ~ (((v1 + (-0x1) * ~ (((v2 + v1) + 0x1) + ((-0x1) * v2 + (-0x1) * 0x1 | (-0x1) * v1 + (-0x1) * 0x1))) + (-0x1) * 0x1 & v1) * ((v1 + (-0x1) * ~ (((v2 + v1) + 0x1) + ((-0x1) * v2 + (-0x1) * 0x1 | (-0x1) * v1 + (-0x1) * 0x1))) + (-0x1) * 0x1 | v1) + ((v1 + (-0x1) * ~ (((v2 + v1) + 0x1) + ((-0x1) * v2 + (-0x1) * 0x1 | (-0x1) * v1 + (-0x1) * 0x1))) + (-0x1) * 0x1 & ~ v1) * (~ ((v1 + (-0x1) * ~ (((v2 + v1) + 0x1) + ((-0x1) * v2 + (-0x1) * 0x1 | (-0x1) * v1 + (-0x1) * 0x1))) + (-0x1) * 0x1) & v1))) + (((v1 + (-0x1) * ~ (((v2 + v1) + 0x1) + ((-0x1) * v2 + (-0x1) * 0x1 | (-0x1) * v1 + (-0x1) * 0x1))) + (-0x1) * 0x1 & v1) * ((v1 + (-0x1) * ~ (((v2 + v1) + 0x1) + ((-0x1) * v2 + (-0x1) * 0x1 | (-0x1) * v1 + (-0x1) * 0x1))) + (-0x1) * 0x1 | v1) + ((v1 + (-0x1) * ~ (((v2 + v1) + 0x1) + ((-0x1) * v2 + (-0x1) * 0x1 | (-0x1) * v1 + (-0x1) * 0x1))) + (-0x1) * 0x1 & ~ v1) * (~ ((v1 + (-0x1) * ~ (((v2 + v1) + 0x1) + ((-0x1) * v2 + (-0x1) * 0x1 | (-0x1) * v1 + (-0x1) * 0x1))) + (-0x1) * 0x1) & v1))) + (((-0x1) * v0 + (-0x1) * 0x1 | (~ v1 | v1) + (-0x1) * ~ v1) + (-0x1) * ((~ v1 | v1) + (-0x1) * ~ v1))) + 0x1) + ((-0x1) * ((v2 & ~ (((v1 + (-0x1) * ~ (((v2 + v1) + 0x1) + ((-0x1) * v2 + (-0x1) * 0x1 | (-0x1) * v1 + (-0x1) * 0x1))) + (-0x1) * 0x1 & v1) * ((v1 + (-0x1) * ~ (((v2 + v1) + 0x1) + ((-0x1) * v2 + (-0x1) * 0x1 | (-0x1) * v1 + (-0x1) * 0x1))) + (-0x1) * 0x1 | v1) + ((v1 + (-0x1) * ~ (((v2 + v1) + 0x1) + ((-0x1) * v2 + (-0x1) * 0x1 | (-0x1) * v1 + (-0x1) * 0x1))) + (-0x1) * 0x1 & ~ v1) * (~ ((v1 + (-0x1) * ~ (((v2 + v1) + 0x1) + ((-0x1) * v2 + (-0x1) * 0x1 | (-0x1) * v1 + (-0x1) * 0x1))) + (-0x1) * 0x1) & v1))) + (((v1 + (-0x1) * ~ (((v2 + v1) + 0x1) + ((-0x1) * v2 + (-0x1) * 0x1 | (-0x1) * v1 + (-0x1) * 0x1))) + (-0x1) * 0x1 & v1) * ((v1 + (-0x1) * ~ (((v2 + v1) + 0x1) + ((-0x1) * v2 + (-0x1) * 0x1 | (-0x1) * v1 + (-0x1) * 0x1))) + (-0x1) * 0x1 | v1) + ((v1 + (-0x1) * ~ (((v2 + v1) + 0x1) + ((-0x1) * v2 + (-0x1) * 0x1 | (-0x1) * v1 + (-0x1) * 0x1))) + (-0x1) * 0x1 & ~ v1) * (~ ((v1 + (-0x1) * ~ (((v2 + v1) + 0x1) + ((-0x1) * v2 + (-0x1) * 0x1 | (-0x1) * v1 + (-0x1) * 0x1))) + (-0x1) * 0x1) & v1))) + (-0x1) * 0x1 | (-0x1) * (((-0x1) * v0 + (-0x1) * 0x1 | (~ v1 | v1) + (-0x1) * ~ v1) + (-0x1) * ((~ v1 | v1) + (-0x1) * ~ v1)) + (-0x1) * 0x1)	(-0x1) + (-0x1) * (v0 & (-0x1) + (-0x2) * (v1 * v1) + (-0x1) * v2 + (-0x1) * (v1 * v2) + (v2 & 0x2 * (v1 * v1) + (-0x1) * (v1 * (v1 & v2)) + v1 * v2) + v1 * (v1 & v2)) + (-0x1) * (v1 & (-0x1) + (-0x2) * (v1 * v1) + (-0x1) * v2 + (-0x1) * (v1 * v2) + (v2 & 0x2 * (v1 * v1) + (-0x1) * (v1 * (v1 & v2)) + v1 * v2) + v1 * (v1 & v2)) + (v0 & v1 & (-0x1) + (-0x2) * (v1 * v1) + (-0x1) * v2 + (-0x1) * (v1 * v2) + (v2 & 0x2 * (v1 * v1) + (-0x1) * (v1 * (v1 & v2)) + v1 * v2) + v1 * (v1 & v2))	(-0x1) + (-0x1) * (v0 & (-0x1) + (-0x2) * (v1 * v1) + (-0x1) * v2 + (-0x1) * (v1 * v2) + (v2 & 0x2 * (v1 * v1) + (-0x1) * (v1 * (v1 & v2)) + v1 * v2) + v1 * (v1 & v2)) + (-0x1) * (v1 & (-0x1) + (-0x2) * (v1 * v1) + (-0x1) * v2 + (-0x1) * (v1 * v2) + (v2 & 0x2 * (v1 * v1) + (-0x1) * (v1 * (v1 & v2)) + v1 * v2) + v1 * (v1 & v2)) + (v0 & v1 & (-0x1) + (-0x2) * (v1 * v1) + (-0x1) * v2 + (-0x1) * (v1 * v2) + (v2 & 0x2 * (v1 * v1) + (-0x1) * (v1 * (v1 & v2)) + v1 * v2) + v1 * (v1 & v2))	(-0x1) * (~ (v2 | v1 * (v1 + (v1 | v2))) & v0) + (v0 & v1 & (-0x1) * (0x1 + (v2 | v1 * (v1 + (v1 | v2))))) + ((~ v1 | v2) | v1 * (v1 + (v1 | v2)))	(-0x1) * (~ (v2 | v1 * (v1 + (v1 | v2))) & v0) + (v0 & v1 & (-0x1) * (0x1 + (v2 | v1 * (v1 + (v1 | v2))))) + ((~ v1 | v2) | v1 * (v1 + (v1 | v2)))
qsynth_ea.csv	77	p11a	p11a	required_p11a_qsynth_ea_csv_77	diagnostic_p11a_qsynth_ea_csv_77	136	24	24	16	16	f4841739522d6ef9	0c8ca3942cac7b9d	0c8ca3942cac7b9d	0f803cd9f69b461b	0f803cd9f69b461b	505064a1ee835af3	d3e59c4c5b847ccb	(((~ ((v2 | v2) * 0x2 + (-0x1) * (v2 ^ v2)) | ((((v2 ^ v0) + ((v2 & v0) + (v2 & v0))) + ((v2 & v2) * (v2 | v2) + (v2 & ~ v2) * (~ v2 & v2))) + 0x1) + ((-0x1) * ((v2 ^ v0) + ((v2 & v0) + (v2 & v0))) + (-0x1) * 0x1 | (-0x1) * ((v2 & v2) * (v2 | v2) + (v2 & ~ v2) * (~ v2 & v2)) + (-0x1) * 0x1)) + (-0x1) * ~ ((v2 | v2) * 0x2 + (-0x1) * (v2 ^ v2))) + ~ ((((v0 + ((-0x1) * ((-0x1) * v0 + (-0x1) * 0x1) + (-0x1) * 0x1)) + 0x1) + ((-0x1) * v0 + (-0x1) * 0x1 | (-0x1) * ((-0x1) * ((-0x1) * v0 + (-0x1) * 0x1) + (-0x1) * 0x1) + (-0x1) * 0x1) & ~ v2) + v2)) + 0x1	(-0x1) * v0 + (-0x1) * v2 + (v0 & v2) + (0x2 * v2 & v0 + v2 + ((-0x1) + (-0x1) * v0 + (-0x1) * v2 & v2 * v2))	(-0x1) * v0 + (-0x1) * v2 + (v0 & v2) + (0x2 * v2 & v0 + v2 + ((-0x1) + (-0x1) * v0 + (-0x1) * v2 & v2 * v2))	(-0x1) * ((-0x1) * (0x2 * v2 & (v0 + v2 | v2 * v2)) + (v0 | v2))	(-0x1) * ((-0x1) * (0x2 * v2 & (v0 + v2 | v2 * v2)) + (v0 | v2))
qsynth_ea.csv	114	p11b	p11b	required_p11b_qsynth_ea_csv_114	diagnostic_p11b_qsynth_ea_csv_114	147	16	16	11	11	35c8007875da7145	9e35f4a45a750b65	9e35f4a45a750b65	06b3d529fcaaa814	06b3d529fcaaa814	4c548223fb6eeb3c	2c836dbacb84924c	(~ (((v1 & ~ ((v1 & ~ v4) + v4)) + (v1 & ~ ((v1 & ~ v4) + v4))) + (-0x1) * (v1 ^ (v1 & ~ v4) + v4)) | (~ (((~ (v1 + (-0x1) * 0x1) + (-0x1) * v4) + (-0x1) * ((~ (v1 + (-0x1) * 0x1) | ~ v4) * 0x2)) + (-0x1) * 0x2) + 0x1 & ~ (~ ((v4 & ~ v4) + (-0x1) * (~ v4 & v4)) + 0x1)) + (-0x1) * (~ (~ (((~ (v1 + (-0x1) * 0x1) + (-0x1) * v4) + (-0x1) * ((~ (v1 + (-0x1) * 0x1) | ~ v4) * 0x2)) + (-0x1) * 0x2) + 0x1) & ~ ((v4 & ~ v4) + (-0x1) * (~ v4 & v4)) + 0x1)) + (-0x1) * ~ (((v1 & ~ ((v1 & ~ v4) + v4)) + (v1 & ~ ((v1 & ~ v4) + v4))) + (-0x1) * (v1 ^ (v1 & ~ v4) + v4))	v1 + v4 + (-0x2) * (v4 & v1 + (-0x1)) & (-0x1) * v4 + (v1 & v4)	v1 + v4 + (-0x2) * (v4 & v1 + (-0x1)) & (-0x1) * v4 + (v1 & v4)	(-0x1) * (v4 ^ (-0x1) * v1) & (-0x1) * (v4 & ~ v1)	(-0x1) * (v4 ^ (-0x1) * v1) & (-0x1) * (v4 & ~ v1)
qsynth_ea.csv	125	p11a	p11a	required_p11a_qsynth_ea_csv_125	diagnostic_p11a_qsynth_ea_csv_125	211	38	38	37	37	a0d08b9327259d54	f2386eac3f7ecd20	f2386eac3f7ecd20	46ff6f59c67c431b	46ff6f59c67c431b	7a496efb24cbcb2c	8743dec6078f099a	((((~ ((v3 & v3) * (v3 | v3) + (v3 & ~ v3) * (~ v3 & v3)) | (v2 ^ v4) + (-0x1) * ((~ v2 & v4) + (~ v2 & v4))) + (-0x1) * ~ ((v3 & v3) * (v3 | v3) + (v3 & ~ v3) * (~ v3 & v3))) + (((((~ v2 | v3) + v2) + 0x1 & ~ ((~ (~ (v3 + (-0x1) * 0x1)) | v2) + (-0x1) * ~ (~ (v3 + (-0x1) * 0x1)))) + ((~ (~ (v3 + (-0x1) * 0x1)) | v2) + (-0x1) * ~ (~ (v3 + (-0x1) * 0x1)))) + (-0x1) * 0x1)) + 0x1) + ((-0x1) * ((~ ((v3 & v3) * (v3 | v3) + (v3 & ~ v3) * (~ v3 & v3)) | (v2 ^ v4) + (-0x1) * ((~ v2 & v4) + (~ v2 & v4))) + (-0x1) * ~ ((v3 & v3) * (v3 | v3) + (v3 & ~ v3) * (~ v3 & v3))) + (-0x1) * 0x1 | (-0x1) * (((((~ v2 | v3) + v2) + 0x1 & ~ ((~ (~ (v3 + (-0x1) * 0x1)) | v2) + (-0x1) * ~ (~ (v3 + (-0x1) * 0x1)))) + ((~ (~ (v3 + (-0x1) * 0x1)) | v2) + (-0x1) * ~ (~ (v3 + (-0x1) * 0x1)))) + (-0x1) * 0x1) + (-0x1) * 0x1)	v2 + (-0x1) + (-0x1) * (v2 & v3 + (-0x1)) + (v2 & v3 & v3 + (-0x1)) + (v2 + (-0x1) * v4 & (-0x1) * v2 + (-0x1) * (v2 & v3 & v3 + (-0x1)) + (v2 & v3 + (-0x1)) & v3 * v3)	v2 + (-0x1) + (-0x1) * (v2 & v3 + (-0x1)) + (v2 & v3 & v3 + (-0x1)) + (v2 + (-0x1) * v4 & (-0x1) * v2 + (-0x1) * (v2 & v3 & v3 + (-0x1)) + (v2 & v3 + (-0x1)) & v3 * v3)	v2 + (v2 & v3 & v3 + (-0x1)) + (v2 + (-0x1) * v4 & (-0x1) * v2 + (-0x1) * (v2 & v3 & v3 + (-0x1)) + (v2 & v3 + (-0x1)) & v3 * v3) + ~ (v2 & v3 + (-0x1))	v2 + (v2 & v3 & v3 + (-0x1)) + (v2 + (-0x1) * v4 & (-0x1) * v2 + (-0x1) * (v2 & v3 & v3 + (-0x1)) + (v2 & v3 + (-0x1)) & v3 * v3) + ~ (v2 & v3 + (-0x1))
qsynth_ea.csv	134	p11a	p11a	required_p11a_qsynth_ea_csv_134	diagnostic_p11a_qsynth_ea_csv_134	209	32	32	28	28	6cecacc2de377dea	a8de4b30181393b9	a8de4b30181393b9	8e743a8ce8c0fcb4	8e743a8ce8c0fcb4	77f49d9addf63c55	24c1d2cd0f7a588c	((~ ((((((~ v2 | v4) + (-0x1) * ~ v2) + ((v2 | v4) + (v2 & v4))) + 0x1) + ((-0x1) * ((~ v2 | v4) + (-0x1) * ~ v2) + (-0x1) * 0x1 | (-0x1) * ((v2 | v4) + (v2 & v4)) + (-0x1) * 0x1)) + (-0x1) * 0x1) + ((((v4 & v4) * (v4 | v4) + (v4 & ~ v4) * (~ v4 & v4)) + ~ ((((v2 | v4) + (v2 | v4)) + (-0x1) * (v2 ^ v4) | v4) + (-0x1) * (((v2 | v4) + (v2 | v4)) + (-0x1) * (v2 ^ v4) & v4))) + 0x1)) + 0x1) + ((-0x1) * ~ ((((((~ v2 | v4) + (-0x1) * ~ v2) + ((v2 | v4) + (v2 & v4))) + 0x1) + ((-0x1) * ((~ v2 | v4) + (-0x1) * ~ v2) + (-0x1) * 0x1 | (-0x1) * ((v2 | v4) + (v2 & v4)) + (-0x1) * 0x1)) + (-0x1) * 0x1) + (-0x1) * 0x1 | (-0x1) * ((((v4 & v4) * (v4 | v4) + (v4 & ~ v4) * (~ v4 & v4)) + ~ ((((v2 | v4) + (v2 | v4)) + (-0x1) * (v2 ^ v4) | v4) + (-0x1) * (((v2 | v4) + (v2 | v4)) + (-0x1) * (v2 ^ v4) & v4))) + 0x1) + (-0x1) * 0x1)	(-0x1) + (-0x1) * (v2 + v4 + (-0x1) + (v2 & v4 & (-0x1) + (-0x1) * v2 + (-0x1) * v4) & v2 + (-0x1) + 0x2 * v4 + (-0x2) * (v4 & v2 + v4) + (-0x1) * (v4 * v4))	(-0x1) + (-0x1) * (v2 + v4 + (-0x1) + (v2 & v4 & (-0x1) + (-0x1) * v2 + (-0x1) * v4) & v2 + (-0x1) + 0x2 * v4 + (-0x2) * (v4 & v2 + v4) + (-0x1) * (v4 * v4))	~ (v2 + v4 + (-0x1) + (v2 & v4 & ~ (v2 + v4)) & v2 + (-0x1) + 0x2 * v4 + (-0x2) * (v4 & v2 + v4) + (-0x1) * (v4 * v4))	~ (v2 + v4 + (-0x1) + (v2 & v4 & ~ (v2 + v4)) & v2 + (-0x1) + 0x2 * v4 + (-0x2) * (v4 & v2 + v4) + (-0x1) * (v4 * v4))
qsynth_ea.csv	139	p11b	p11b	required_p11b_qsynth_ea_csv_139	diagnostic_p11b_qsynth_ea_csv_139	190	84	84	14	14	20c99e27fd23945e	aa0db5e8aefd456c	aa0db5e8aefd456c	3b1b325e3bb94f94	3b1b325e3bb94f94	cd6c170188d94099	f1deb19863b60a17	(~ (((v0 + (-0x1) * ((-0x1) * ((v1 | v2) + (v1 & v2)) + (-0x1) * 0x1)) + (-0x1) * ((v0 | ~ ((-0x1) * ((v1 | v2) + (v1 & v2)) + (-0x1) * 0x1)) + (v0 | ~ ((-0x1) * ((v1 | v2) + (v1 & v2)) + (-0x1) * 0x1)))) + (-0x1) * 0x2) + 0x1 | ((~ (((v0 + (-0x1) * v1) + (-0x1) * ((v0 | ~ v1) + (v0 | ~ v1))) + (-0x1) * 0x2) | v2) + (((v0 + (-0x1) * v1) + (-0x1) * ((v0 | ~ v1) + (v0 | ~ v1))) + (-0x1) * 0x2)) + 0x1) + (-0x1) * (~ (((v0 + (-0x1) * ((-0x1) * ((v1 | v2) + (v1 & v2)) + (-0x1) * 0x1)) + (-0x1) * ((v0 | ~ ((-0x1) * ((v1 | v2) + (v1 & v2)) + (-0x1) * 0x1)) + (v0 | ~ ((-0x1) * ((v1 | v2) + (v1 & v2)) + (-0x1) * 0x1)))) + (-0x1) * 0x2) + 0x1 & ((~ (((v0 + (-0x1) * v1) + (-0x1) * ((v0 | ~ v1) + (v0 | ~ v1))) + (-0x1) * 0x2) | v2) + (((v0 + (-0x1) * v1) + (-0x1) * ((v0 | ~ v1) + (v0 | ~ v1))) + (-0x1) * 0x2)) + 0x1)	v1 + v2 + 0x1 + 0x2 * (v0 & (-0x1) + (-0x1) * v1 + (-0x1) * v2) + 0x4 * (v0 & v1 & v2 & v1 + v2 + 0x1 + 0x2 * (v0 & (-0x1) + (-0x1) * v1 + (-0x1) * v2) + (-0x1) * v0) + (-0x2) * (v0 & v1 & v2) + (-0x2) * (v0 & v2 & v1 + v2 + 0x1 + 0x2 * (v0 & (-0x1) + (-0x1) * v1 + (-0x1) * v2) + (-0x1) * v0) + (-0x2) * (v1 & v2 & v1 + v2 + 0x1 + 0x2 * (v0 & (-0x1) + (-0x1) * v1 + (-0x1) * v2) + (-0x1) * v0) + (-0x1) * v0 + (v0 & v2) + (v1 & v2)	v1 + v2 + 0x1 + 0x2 * (v0 & (-0x1) + (-0x1) * v1 + (-0x1) * v2) + 0x4 * (v0 & v1 & v2 & v1 + v2 + 0x1 + 0x2 * (v0 & (-0x1) + (-0x1) * v1 + (-0x1) * v2) + (-0x1) * v0) + (-0x2) * (v0 & v1 & v2) + (-0x2) * (v0 & v2 & v1 + v2 + 0x1 + 0x2 * (v0 & (-0x1) + (-0x1) * v1 + (-0x1) * v2) + (-0x1) * v0) + (-0x2) * (v1 & v2 & v1 + v2 + 0x1 + 0x2 * (v0 & (-0x1) + (-0x1) * v1 + (-0x1) * v2) + (-0x1) * v0) + (-0x1) * v0 + (v0 & v2) + (v1 & v2)	v1 & v2 ^ v2 & v0 ^ (-0x1) * (~ (v1 + v2) ^ v0)	v1 & v2 ^ v2 & v0 ^ (-0x1) * (~ (v1 + v2) ^ v0)
qsynth_ea.csv	210	p11a	p11a	required_p11a_qsynth_ea_csv_210	diagnostic_p11a_qsynth_ea_csv_210	273	23	23	15	15	024dc97e3b19a673	5356681ce6b74e93	5356681ce6b74e93	c000e48010eb9fe1	c000e48010eb9fe1	5e6d8a0d24ec43cf	566d31a5b0901817	(~ (((((v3 ^ v2) + (-0x1) * ((~ v3 & v2) * 0x2)) + (-0x1) * ((v3 ^ v3) + ((v3 & v3) + (v3 & v3)))) + (-0x1) * (((v3 ^ v2) + (-0x1) * ((~ v3 & v2) * 0x2) | ~ ((v3 ^ v3) + ((v3 & v3) + (v3 & v3)))) + ((v3 ^ v2) + (-0x1) * ((~ v3 & v2) * 0x2) | ~ ((v3 ^ v3) + ((v3 & v3) + (v3 & v3)))))) + (-0x1) * 0x2) | (~ ((v3 & (v2 & ~ v3) + (-0x1) * (~ v2 & v3)) * (v3 | (v2 & ~ v3) + (-0x1) * (~ v2 & v3)) + (v3 & ~ ((v2 & ~ v3) + (-0x1) * (~ v2 & v3))) * (~ v3 & (v2 & ~ v3) + (-0x1) * (~ v2 & v3))) | v2) + (-0x1) * ~ ((v3 & (v2 & ~ v3) + (-0x1) * (~ v2 & v3)) * (v3 | (v2 & ~ v3) + (-0x1) * (~ v2 & v3)) + (v3 & ~ ((v2 & ~ v3) + (-0x1) * (~ v2 & v3))) * (~ v3 & (v2 & ~ v3) + (-0x1) * (~ v2 & v3)))) + (-0x1) * ~ (((((v3 ^ v2) + (-0x1) * ((~ v3 & v2) * 0x2)) + (-0x1) * ((v3 ^ v3) + ((v3 & v3) + (v3 & v3)))) + (-0x1) * (((v3 ^ v2) + (-0x1) * ((~ v3 & v2) * 0x2) | ~ ((v3 ^ v3) + ((v3 & v3) + (v3 & v3)))) + ((v3 ^ v2) + (-0x1) * ((~ v3 & v2) * 0x2) | ~ ((v3 ^ v3) + ((v3 & v3) + (v3 & v3)))))) + (-0x1) * 0x2)	v2 & 0x3 * v3 + (-0x2) * (0x2 * v3 & v3 + (-0x1) * v2) + (-0x1) * v2 & (-0x1) * (v3 * v3) + v2 * v3	v2 & 0x3 * v3 + (-0x2) * (0x2 * v3 & v3 + (-0x1) * v2) + (-0x1) * v2 & (-0x1) * (v3 * v3) + v2 * v3	v2 & (0x2 * v3 ^ v3 + (-0x1) * v2) & v3 * ((-0x1) * v3 + v2)	v2 & (0x2 * v3 ^ v3 + (-0x1) * v2) & v3 * ((-0x1) * v3 + v2)
qsynth_ea.csv	234	p11a	p11a	required_p11a_qsynth_ea_csv_234	diagnostic_p11a_qsynth_ea_csv_234	423	65	65	16	16	a020a41403f2285c	d10e5bb3ab85a73c	d10e5bb3ab85a73c	1821135fa2ef742b	1821135fa2ef742b	dea3e151b5914bc6	44b209cfc21ed53e	(((((v2 & v3) * (v2 | v3) + (v2 & ~ v3) * (~ v2 & v3) & (~ (v2 + (-0x1) * 0x1) | v3) + (-0x1) * ~ (v2 + (-0x1) * 0x1)) * ((v2 & v3) * (v2 | v3) + (v2 & ~ v3) * (~ v2 & v3) | (~ (v2 + (-0x1) * 0x1) | v3) + (-0x1) * ~ (v2 + (-0x1) * 0x1)) + ((v2 & v3) * (v2 | v3) + (v2 & ~ v3) * (~ v2 & v3) & ~ ((~ (v2 + (-0x1) * 0x1) | v3) + (-0x1) * ~ (v2 + (-0x1) * 0x1))) * (~ ((v2 & v3) * (v2 | v3) + (v2 & ~ v3) * (~ v2 & v3)) & (~ (v2 + (-0x1) * 0x1) | v3) + (-0x1) * ~ (v2 + (-0x1) * 0x1))) + (((v2 & v3) * (v2 | v3) + (v2 & ~ v3) * (~ v2 & v3) | (v3 & v3) * (v3 | v3) + (v3 & ~ v3) * (~ v3 & v3)) + (-0x1) * ((v2 & v3) * (v2 | v3) + (v2 & ~ v3) * (~ v2 & v3) & (v3 & v3) * (v3 | v3) + (v3 & ~ v3) * (~ v3 & v3)))) + 0x1) + ((-0x1) * (((v2 & v3) * (v2 | v3) + (v2 & ~ v3) * (~ v2 & v3) & (~ (v2 + (-0x1) * 0x1) | v3) + (-0x1) * ~ (v2 + (-0x1) * 0x1)) * ((v2 & v3) * (v2 | v3) + (v2 & ~ v3) * (~ v2 & v3) | (~ (v2 + (-0x1) * 0x1) | v3) + (-0x1) * ~ (v2 + (-0x1) * 0x1)) + ((v2 & v3) * (v2 | v3) + (v2 & ~ v3) * (~ v2 & v3) & ~ ((~ (v2 + (-0x1) * 0x1) | v3) + (-0x1) * ~ (v2 + (-0x1) * 0x1))) * (~ ((v2 & v3) * (v2 | v3) + (v2 & ~ v3) * (~ v2 & v3)) & (~ (v2 + (-0x1) * 0x1) | v3) + (-0x1) * ~ (v2 + (-0x1) * 0x1))) + (-0x1) * 0x1 | (-0x1) * (((v2 & v3) * (v2 | v3) + (v2 & ~ v3) * (~ v2 & v3) | (v3 & v3) * (v3 | v3) + (v3 & ~ v3) * (~ v3 & v3)) + (-0x1) * ((v2 & v3) * (v2 | v3) + (v2 & ~ v3) * (~ v2 & v3) & (v3 & v3) * (v3 | v3) + (v3 & ~ v3) * (~ v3 & v3))) + (-0x1) * 0x1)	0x2 * (v2 * v3 & v2 * v3 * (v3 & v2 + (-0x1)) & v3 * v3) + (-0x2) * (v2 * v3 & v3 * v3) + (-0x1) * (v2 * v3 & v2 * v3 * (v3 & v2 + (-0x1))) + (-0x1) * (v2 * v3 * (v3 & v2 + (-0x1)) & v3 * v3) + v2 * v3 + v2 * v3 * (v3 & v2 + (-0x1)) + v3 * v3	0x2 * (v2 * v3 & v2 * v3 * (v3 & v2 + (-0x1)) & v3 * v3) + (-0x2) * (v2 * v3 & v3 * v3) + (-0x1) * (v2 * v3 & v2 * v3 * (v3 & v2 + (-0x1))) + (-0x1) * (v2 * v3 * (v3 & v2 + (-0x1)) & v3 * v3) + v2 * v3 + v2 * v3 * (v3 & v2 + (-0x1)) + v3 * v3	v2 * v3 ^ v3 * v3 | v2 * v3 * (v3 & v2 + (-0x1))	v2 * v3 ^ v3 * v3 | v2 * v3 * (v3 & v2 + (-0x1))
qsynth_ea.csv	249	p7e	p7e	required_p7e_qsynth_ea_csv_249	diagnostic_p7e_qsynth_ea_csv_249	666	83	114	114	114	dfcd8718250494ae	39c0aff5a88d2c0f	b683f48bd39dd294	b683f48bd39dd294	b683f48bd39dd294	c994b3d67e7ae3fd	524e7eaf123de7a6	(((((v1 + (-0x1) * v1) + (-0x1) * ((v1 | ~ v1) * 0x2)) + (-0x1) * 0x2 | ((v1 ^ ~ v0) + (v1 | v0) * 0x2) + 0x1) + (((v1 + (-0x1) * v1) + (-0x1) * ((v1 | ~ v1) * 0x2)) + (-0x1) * 0x2 | ((v1 ^ ~ v0) + (v1 | v0) * 0x2) + 0x1)) + (-0x1) * (((v1 + (-0x1) * v1) + (-0x1) * ((v1 | ~ v1) * 0x2)) + (-0x1) * 0x2 ^ ((v1 ^ ~ v0) + (v1 | v0) * 0x2) + 0x1) | (((((v1 & (-0x1) * v0 + (-0x1) * 0x1) * (v1 | (-0x1) * v0 + (-0x1) * 0x1) + (v1 & ~ ((-0x1) * v0 + (-0x1) * 0x1)) * (~ v1 & (-0x1) * v0 + (-0x1) * 0x1)) + (-0x1) * v1) + (-0x1) * (((v1 & (-0x1) * v0 + (-0x1) * 0x1) * (v1 | (-0x1) * v0 + (-0x1) * 0x1) + (v1 & ~ ((-0x1) * v0 + (-0x1) * 0x1)) * (~ v1 & (-0x1) * v0 + (-0x1) * 0x1) | ~ v1) + ((v1 & (-0x1) * v0 + (-0x1) * 0x1) * (v1 | (-0x1) * v0 + (-0x1) * 0x1) + (v1 & ~ ((-0x1) * v0 + (-0x1) * 0x1)) * (~ v1 & (-0x1) * v0 + (-0x1) * 0x1) | ~ v1))) + (-0x1) * 0x2 | (v0 & ~ v0) + v0) + (-0x1) * (((((v1 & (-0x1) * v0 + (-0x1) * 0x1) * (v1 | (-0x1) * v0 + (-0x1) * 0x1) + (v1 & ~ ((-0x1) * v0 + (-0x1) * 0x1)) * (~ v1 & (-0x1) * v0 + (-0x1) * 0x1)) + (-0x1) * v1) + (-0x1) * (((v1 & (-0x1) * v0 + (-0x1) * 0x1) * (v1 | (-0x1) * v0 + (-0x1) * 0x1) + (v1 & ~ ((-0x1) * v0 + (-0x1) * 0x1)) * (~ v1 & (-0x1) * v0 + (-0x1) * 0x1) | ~ v1) + ((v1 & (-0x1) * v0 + (-0x1) * 0x1) * (v1 | (-0x1) * v0 + (-0x1) * 0x1) + (v1 & ~ ((-0x1) * v0 + (-0x1) * 0x1)) * (~ v1 & (-0x1) * v0 + (-0x1) * 0x1) | ~ v1))) + (-0x1) * 0x2 & (v0 & ~ v0) + v0)) + (-0x1) * (((((v1 + (-0x1) * v1) + (-0x1) * ((v1 | ~ v1) * 0x2)) + (-0x1) * 0x2 | ((v1 ^ ~ v0) + (v1 | v0) * 0x2) + 0x1) + (((v1 + (-0x1) * v1) + (-0x1) * ((v1 | ~ v1) * 0x2)) + (-0x1) * 0x2 | ((v1 ^ ~ v0) + (v1 | v0) * 0x2) + 0x1)) + (-0x1) * (((v1 + (-0x1) * v1) + (-0x1) * ((v1 | ~ v1) * 0x2)) + (-0x1) * 0x2 ^ ((v1 ^ ~ v0) + (v1 | v0) * 0x2) + 0x1) & (((((v1 & (-0x1) * v0 + (-0x1) * 0x1) * (v1 | (-0x1) * v0 + (-0x1) * 0x1) + (v1 & ~ ((-0x1) * v0 + (-0x1) * 0x1)) * (~ v1 & (-0x1) * v0 + (-0x1) * 0x1)) + (-0x1) * v1) + (-0x1) * (((v1 & (-0x1) * v0 + (-0x1) * 0x1) * (v1 | (-0x1) * v0 + (-0x1) * 0x1) + (v1 & ~ ((-0x1) * v0 + (-0x1) * 0x1)) * (~ v1 & (-0x1) * v0 + (-0x1) * 0x1) | ~ v1) + ((v1 & (-0x1) * v0 + (-0x1) * 0x1) * (v1 | (-0x1) * v0 + (-0x1) * 0x1) + (v1 & ~ ((-0x1) * v0 + (-0x1) * 0x1)) * (~ v1 & (-0x1) * v0 + (-0x1) * 0x1) | ~ v1))) + (-0x1) * 0x2 | (v0 & ~ v0) + v0) + (-0x1) * (((((v1 & (-0x1) * v0 + (-0x1) * 0x1) * (v1 | (-0x1) * v0 + (-0x1) * 0x1) + (v1 & ~ ((-0x1) * v0 + (-0x1) * 0x1)) * (~ v1 & (-0x1) * v0 + (-0x1) * 0x1)) + (-0x1) * v1) + (-0x1) * (((v1 & (-0x1) * v0 + (-0x1) * 0x1) * (v1 | (-0x1) * v0 + (-0x1) * 0x1) + (v1 & ~ ((-0x1) * v0 + (-0x1) * 0x1)) * (~ v1 & (-0x1) * v0 + (-0x1) * 0x1) | ~ v1) + ((v1 & (-0x1) * v0 + (-0x1) * 0x1) * (v1 | (-0x1) * v0 + (-0x1) * 0x1) + (v1 & ~ ((-0x1) * v0 + (-0x1) * 0x1)) * (~ v1 & (-0x1) * v0 + (-0x1) * 0x1) | ~ v1))) + (-0x1) * 0x2 & (v0 & ~ v0) + v0))	v1 + 0x2 * v0 + 0x4 * (v0 & v0 + v1 & (-0x2) * (v1 & (-0x1) * v1 + (-0x1) * (v0 * v1)) + (-0x1) * (v0 * v1)) + (-0x2) * (v0 & v0 + v1) + (-0x2) * (v0 & (-0x2) * (v1 & (-0x1) * v1 + (-0x1) * (v0 * v1)) + (-0x1) * (v0 * v1)) + (-0x2) * (v1 & (-0x1) * v1 + (-0x1) * (v0 * v1)) + (-0x2) * (v0 + v1 & (-0x2) * (v1 & (-0x1) * v1 + (-0x1) * (v0 * v1)) + (-0x1) * (v0 * v1)) + (-0x1) * (v0 * v1)	v1 + 0x2 * v0 + 0x4 * (v0 & v1 & v0 + v1) + 0x4 * (v0 & v1 & (-0x1) * v1 + (-0x1) * (v0 * v1)) + 0x4 * (v0 & v0 + v1 & (-0x1) * v1 + (-0x1) * (v0 * v1)) + 0x4 * (v1 & v0 + v1 & (-0x1) * v1 + (-0x1) * (v0 * v1)) + (-0x8) * (v0 & v1 & v0 + v1 & (-0x1) * v1 + (-0x1) * (v0 * v1)) + (-0x2) * (v0 & v1) + (-0x2) * (v0 & v0 + v1) + (-0x2) * (v0 & (-0x1) * v1 + (-0x1) * (v0 * v1)) + (-0x2) * (v1 & v0 + v1) + (-0x2) * (v1 & (-0x1) * v1 + (-0x1) * (v0 * v1)) + (-0x2) * (v0 + v1 & (-0x1) * v1 + (-0x1) * (v0 * v1)) + (-0x1) * (v0 * v1)	v1 + 0x2 * v0 + 0x4 * (v0 & v1 & v0 + v1) + 0x4 * (v0 & v1 & (-0x1) * v1 + (-0x1) * (v0 * v1)) + 0x4 * (v0 & v0 + v1 & (-0x1) * v1 + (-0x1) * (v0 * v1)) + 0x4 * (v1 & v0 + v1 & (-0x1) * v1 + (-0x1) * (v0 * v1)) + (-0x8) * (v0 & v1 & v0 + v1 & (-0x1) * v1 + (-0x1) * (v0 * v1)) + (-0x2) * (v0 & v1) + (-0x2) * (v0 & v0 + v1) + (-0x2) * (v0 & (-0x1) * v1 + (-0x1) * (v0 * v1)) + (-0x2) * (v1 & v0 + v1) + (-0x2) * (v1 & (-0x1) * v1 + (-0x1) * (v0 * v1)) + (-0x2) * (v0 + v1 & (-0x1) * v1 + (-0x1) * (v0 * v1)) + (-0x1) * (v0 * v1)	v1 + 0x2 * v0 + 0x4 * (v0 & v1 & v0 + v1) + 0x4 * (v0 & v1 & (-0x1) * v1 + (-0x1) * (v0 * v1)) + 0x4 * (v0 & v0 + v1 & (-0x1) * v1 + (-0x1) * (v0 * v1)) + 0x4 * (v1 & v0 + v1 & (-0x1) * v1 + (-0x1) * (v0 * v1)) + (-0x8) * (v0 & v1 & v0 + v1 & (-0x1) * v1 + (-0x1) * (v0 * v1)) + (-0x2) * (v0 & v1) + (-0x2) * (v0 & v0 + v1) + (-0x2) * (v0 & (-0x1) * v1 + (-0x1) * (v0 * v1)) + (-0x2) * (v1 & v0 + v1) + (-0x2) * (v1 & (-0x1) * v1 + (-0x1) * (v0 * v1)) + (-0x2) * (v0 + v1 & (-0x1) * v1 + (-0x1) * (v0 * v1)) + (-0x1) * (v0 * v1)
qsynth_ea.csv	260	p11a	p11a	required_p11a_qsynth_ea_csv_260	diagnostic_p11a_qsynth_ea_csv_260	225	31	31	28	28	1c9d0a2490944b46	f3ac7f5d46c6f9a8	f3ac7f5d46c6f9a8	67ad36ac25a46858	67ad36ac25a46858	e8e7b25c08de7c9f	13f1c78d8916bbc9	((((((v4 & v0) * (v4 | v0) + (v4 & ~ v0) * (~ v4 & v0)) + ~ ((~ v4 + 0x1 & v0) * (~ v4 + 0x1 | v0) + (~ v4 + 0x1 & ~ v0) * (~ (~ v4 + 0x1) & v0))) + 0x1) + ((v0 & ~ ((((v4 & ~ (~ (v0 + (-0x1) * 0x1))) + ~ (v0 + (-0x1) * 0x1)) + ~ ((~ v3 | v3) + (-0x1) * ~ v3)) + 0x1)) + ((((v4 & ~ (~ (v0 + (-0x1) * 0x1))) + ~ (v0 + (-0x1) * 0x1)) + ~ ((~ v3 | v3) + (-0x1) * ~ v3)) + 0x1))) + 0x1) + ((-0x1) * ((((v4 & v0) * (v4 | v0) + (v4 & ~ v0) * (~ v4 & v0)) + ~ ((~ v4 + 0x1 & v0) * (~ v4 + 0x1 | v0) + (~ v4 + 0x1 & ~ v0) * (~ (~ v4 + 0x1) & v0))) + 0x1) + (-0x1) * 0x1 | (-0x1) * ((v0 & ~ ((((v4 & ~ (~ (v0 + (-0x1) * 0x1))) + ~ (v0 + (-0x1) * 0x1)) + ~ ((~ v3 | v3) + (-0x1) * ~ v3)) + 0x1)) + ((((v4 & ~ (~ (v0 + (-0x1) * 0x1))) + ~ (v0 + (-0x1) * 0x1)) + ~ ((~ v3 | v3) + (-0x1) * ~ v3)) + 0x1)) + (-0x1) * 0x1)	(-0x1) + (-0x1) * (v3 + (-0x1) + (-0x1) * (v4 & v0 + (-0x1)) + (v0 & (-0x1) * v0 + (-0x1) * v3 + (v4 & v0 + (-0x1))) & (-0x1) + (-0x2) * (v0 * v4))	(-0x1) + (-0x1) * (v3 + (-0x1) + (-0x1) * (v4 & v0 + (-0x1)) + (v0 & (-0x1) * v0 + (-0x1) * v3 + (v4 & v0 + (-0x1))) & (-0x1) + (-0x2) * (v0 * v4))	~ ((-0x1) + (-0x2) * (v0 * v4) & v3 + (v0 & (-0x1) * v0 + (-0x1) * v3 + (v4 & v0 + (-0x1))) + ~ (v4 & v0 + (-0x1)))	~ ((-0x1) + (-0x2) * (v0 * v4) & v3 + (v0 & (-0x1) * v0 + (-0x1) * v3 + (v4 & v0 + (-0x1))) + ~ (v4 & v0 + (-0x1)))
qsynth_ea.csv	294	p11a	p11a	required_p11a_qsynth_ea_csv_294	diagnostic_p11a_qsynth_ea_csv_294	219	33	33	29	29	970e69a9779abf60	6cfedaa251d2ed50	6cfedaa251d2ed50	0f516da5d4b53c07	0f516da5d4b53c07	04dcd6b6408fbade	647dd22c7a76832a	(((~ (v2 + (-0x1) * 0x1) | v2) + (-0x1) * (~ (v2 + (-0x1) * 0x1) & v2) & v1) * ((~ (v2 + (-0x1) * 0x1) | v2) + (-0x1) * (~ (v2 + (-0x1) * 0x1) & v2) | v1) + ((~ (v2 + (-0x1) * 0x1) | v2) + (-0x1) * (~ (v2 + (-0x1) * 0x1) & v2) & ~ v1) * (~ ((~ (v2 + (-0x1) * 0x1) | v2) + (-0x1) * (~ (v2 + (-0x1) * 0x1) & v2)) & v1)) + (-0x1) * (((~ (v2 + (-0x1) * 0x1) | v2) + (-0x1) * (~ (v2 + (-0x1) * 0x1) & v2) & v1) * ((~ (v2 + (-0x1) * 0x1) | v2) + (-0x1) * (~ (v2 + (-0x1) * 0x1) & v2) | v1) + ((~ (v2 + (-0x1) * 0x1) | v2) + (-0x1) * (~ (v2 + (-0x1) * 0x1) & v2) & ~ v1) * (~ ((~ (v2 + (-0x1) * 0x1) | v2) + (-0x1) * (~ (v2 + (-0x1) * 0x1) & v2)) & v1) & ((v1 ^ ~ ((v2 & v2) * (v2 | v2) + (v2 & ~ v2) * (~ v2 & v2))) + ((v1 | (v2 & v2) * (v2 | v2) + (v2 & ~ v2) * (~ v2 & v2)) + (v1 | (v2 & v2) * (v2 | v2) + (v2 & ~ v2) * (~ v2 & v2)))) + 0x1)	0x2 * (v1 * (v2 & v2 + (-0x1))) + (-0x2) * (v1 * v2) + (-0x1) * (v1 + v2 * v2 & 0x2 * (v1 * (v2 & v2 + (-0x1))) + (-0x2) * (v1 * v2))	0x2 * (v1 * (v2 & v2 + (-0x1))) + (-0x2) * (v1 * v2) + (-0x1) * (v1 + v2 * v2 & 0x2 * (v1 * (v2 & v2 + (-0x1))) + (-0x2) * (v1 * v2))	v1 * ((-0x2) * v2 ^ 0x2 * (v2 & v2 + (-0x1))) ^ v1 + v2 * v2 & v1 * ((-0x2) * v2 ^ 0x2 * (v2 & v2 + (-0x1)))	v1 * ((-0x2) * v2 ^ 0x2 * (v2 & v2 + (-0x1))) ^ v1 + v2 * v2 & v1 * ((-0x2) * v2 ^ 0x2 * (v2 & v2 + (-0x1)))
qsynth_ea.csv	309	p7e	p7e	required_p7e_qsynth_ea_csv_309	diagnostic_p7e_qsynth_ea_csv_309	125	29	30	30	30	4a4dce6a10c180f7	6614816ee92d48be	0721fcf949ab6e8b	0721fcf949ab6e8b	0721fcf949ab6e8b	88db69158ddeff95	07fc71695d2fe618	(~ (((v3 & ~ v2) + (-0x1) * (~ v3 & v2) ^ (-0x1) * v3 + (-0x1) * 0x1) + ((v3 & ~ v2) + (-0x1) * (~ v3 & v2) & (-0x1) * v3 + (-0x1) * 0x1) * 0x2) + 0x1 & ~ ((~ (v4 + (-0x1) * 0x1) & ~ (~ (((v4 & ~ v3) + (v4 & ~ v3)) + (-0x1) * (v4 ^ v3)) + 0x1)) + (~ (((v4 & ~ v3) + (v4 & ~ v3)) + (-0x1) * (v4 ^ v3)) + 0x1))) + ((~ (v4 + (-0x1) * 0x1) & ~ (~ (((v4 & ~ v3) + (v4 & ~ v3)) + (-0x1) * (v4 ^ v3)) + 0x1)) + (~ (((v4 & ~ v3) + (v4 & ~ v3)) + (-0x1) * (v4 ^ v3)) + 0x1))	v2 + 0x1 + (-0x1) * v4 + (-0x1) * (v2 + 0x1 & (-0x1) * v4 + (v3 + (-0x1) * v4 & v4 + (-0x1))) + (v3 + (-0x1) * v4 & v4 + (-0x1))	(-0x1) * v4 + (-0x1) * (v2 + 0x1 & v3 + (-0x1) * v4 & v4 + (-0x1)) + (v2 + 0x1 & v4 + (-0x1)) + (v3 + (-0x1) * v4 & v4 + (-0x1))	(-0x1) * v4 + (-0x1) * (v2 + 0x1 & v3 + (-0x1) * v4 & v4 + (-0x1)) + (v2 + 0x1 & v4 + (-0x1)) + (v3 + (-0x1) * v4 & v4 + (-0x1))	(-0x1) * v4 + (-0x1) * (v2 + 0x1 & v3 + (-0x1) * v4 & v4 + (-0x1)) + (v2 + 0x1 & v4 + (-0x1)) + (v3 + (-0x1) * v4 & v4 + (-0x1))
qsynth_ea.csv	369	p11a	p11a	required_p11a_qsynth_ea_csv_369	diagnostic_p11a_qsynth_ea_csv_369	560	26	26	13	13	86c81e9f84b770cb	600296b99678851f	600296b99678851f	5f77fed987cd2899	5f77fed987cd2899	15d47aa66c5f16fb	b93156b48a2cca4b	(((v3 | (~ v2 | v2) + (-0x1) * ~ v2) * 0x2 + (-0x1) * (v3 ^ (~ v2 | v2) + (-0x1) * ~ v2) ^ ~ (((-0x1) * ((((v2 + ((v2 | v3) + (v2 & v3))) + 0x1) + ((-0x1) * v2 + (-0x1) * 0x1 | (-0x1) * ((v2 | v3) + (v2 & v3)) + (-0x1) * 0x1) & v3) * (((v2 + ((v2 | v3) + (v2 & v3))) + 0x1) + ((-0x1) * v2 + (-0x1) * 0x1 | (-0x1) * ((v2 | v3) + (v2 & v3)) + (-0x1) * 0x1) | v3) + (((v2 + ((v2 | v3) + (v2 & v3))) + 0x1) + ((-0x1) * v2 + (-0x1) * 0x1 | (-0x1) * ((v2 | v3) + (v2 & v3)) + (-0x1) * 0x1) & ~ v3) * (~ (((v2 + ((v2 | v3) + (v2 & v3))) + 0x1) + ((-0x1) * v2 + (-0x1) * 0x1 | (-0x1) * ((v2 | v3) + (v2 & v3)) + (-0x1) * 0x1)) & v3)) + (-0x1) * 0x1 & ~ ((-0x1) * ((~ v3 | v3) + (-0x1) * ~ v3) + (-0x1) * 0x1)) + ((-0x1) * ((~ v3 | v3) + (-0x1) * ~ v3) + (-0x1) * 0x1))) + (((v3 | (~ v2 | v2) + (-0x1) * ~ v2) * 0x2 + (-0x1) * (v3 ^ (~ v2 | v2) + (-0x1) * ~ v2) | ((-0x1) * ((((v2 + ((v2 | v3) + (v2 & v3))) + 0x1) + ((-0x1) * v2 + (-0x1) * 0x1 | (-0x1) * ((v2 | v3) + (v2 & v3)) + (-0x1) * 0x1) & v3) * (((v2 + ((v2 | v3) + (v2 & v3))) + 0x1) + ((-0x1) * v2 + (-0x1) * 0x1 | (-0x1) * ((v2 | v3) + (v2 & v3)) + (-0x1) * 0x1) | v3) + (((v2 + ((v2 | v3) + (v2 & v3))) + 0x1) + ((-0x1) * v2 + (-0x1) * 0x1 | (-0x1) * ((v2 | v3) + (v2 & v3)) + (-0x1) * 0x1) & ~ v3) * (~ (((v2 + ((v2 | v3) + (v2 & v3))) + 0x1) + ((-0x1) * v2 + (-0x1) * 0x1 | (-0x1) * ((v2 | v3) + (v2 & v3)) + (-0x1) * 0x1)) & v3)) + (-0x1) * 0x1 & ~ ((-0x1) * ((~ v3 | v3) + (-0x1) * ~ v3) + (-0x1) * 0x1)) + ((-0x1) * ((~ v3 | v3) + (-0x1) * ~ v3) + (-0x1) * 0x1)) + ((v3 | (~ v2 | v2) + (-0x1) * ~ v2) * 0x2 + (-0x1) * (v3 ^ (~ v2 | v2) + (-0x1) * ~ v2) | ((-0x1) * ((((v2 + ((v2 | v3) + (v2 & v3))) + 0x1) + ((-0x1) * v2 + (-0x1) * 0x1 | (-0x1) * ((v2 | v3) + (v2 & v3)) + (-0x1) * 0x1) & v3) * (((v2 + ((v2 | v3) + (v2 & v3))) + 0x1) + ((-0x1) * v2 + (-0x1) * 0x1 | (-0x1) * ((v2 | v3) + (v2 & v3)) + (-0x1) * 0x1) | v3) + (((v2 + ((v2 | v3) + (v2 & v3))) + 0x1) + ((-0x1) * v2 + (-0x1) * 0x1 | (-0x1) * ((v2 | v3) + (v2 & v3)) + (-0x1) * 0x1) & ~ v3) * (~ (((v2 + ((v2 | v3) + (v2 & v3))) + 0x1) + ((-0x1) * v2 + (-0x1) * 0x1 | (-0x1) * ((v2 | v3) + (v2 & v3)) + (-0x1) * 0x1)) & v3)) + (-0x1) * 0x1 & ~ ((-0x1) * ((~ v3 | v3) + (-0x1) * ~ v3) + (-0x1) * 0x1)) + ((-0x1) * ((~ v3 | v3) + (-0x1) * ~ v3) + (-0x1) * 0x1)))) + 0x1	v2 + (-0x1) + (v3 & (-0x1) + (-0x1) * (v2 * v3) + (-0x1) * (v3 * v3) + (-0x1) * (v3 * (v2 & (-0x1) + (-0x1) * v2 + (-0x1) * v3)))	v2 + (-0x1) + (v3 & (-0x1) + (-0x1) * (v2 * v3) + (-0x1) * (v3 * v3) + (-0x1) * (v3 * (v2 & (-0x1) + (-0x1) * v2 + (-0x1) * v3)))	v2 + (-0x1) + (v3 & ~ (v3 * (v2 | v2 + v3)))	v2 + (-0x1) + (v3 & ~ (v3 * (v2 | v2 + v3)))
qsynth_ea.csv	392	p7e	p7e	required_p7e_qsynth_ea_csv_392	diagnostic_p7e_qsynth_ea_csv_392	190	25	30	30	30	42f8197d2aa53c36	d2aee4cb5ba2dc93	185fcf203c4e44b7	185fcf203c4e44b7	185fcf203c4e44b7	834e2c6b90b58ad4	13853d6caba7a77d	(~ (((v4 + (-0x1) * v4) + (-0x1) * ((v4 | ~ v4) * 0x2)) + (-0x1) * 0x2) + 0x1 | (((((v3 | v4) + (v3 & v4) & ~ ((v4 | v4) * 0x2 + (-0x1) * (v4 ^ v4))) + ((v4 | v4) * 0x2 + (-0x1) * (v4 ^ v4))) + v3) + 0x1) + ((-0x1) * (((v3 | v4) + (v3 & v4) & ~ ((v4 | v4) * 0x2 + (-0x1) * (v4 ^ v4))) + ((v4 | v4) * 0x2 + (-0x1) * (v4 ^ v4))) + (-0x1) * 0x1 | (-0x1) * v3 + (-0x1) * 0x1)) + (-0x1) * (~ (((v4 + (-0x1) * v4) + (-0x1) * ((v4 | ~ v4) * 0x2)) + (-0x1) * 0x2) + 0x1 & (((((v3 | v4) + (v3 & v4) & ~ ((v4 | v4) * 0x2 + (-0x1) * (v4 ^ v4))) + ((v4 | v4) * 0x2 + (-0x1) * (v4 ^ v4))) + v3) + 0x1) + ((-0x1) * (((v3 | v4) + (v3 & v4) & ~ ((v4 | v4) * 0x2 + (-0x1) * (v4 ^ v4))) + ((v4 | v4) * 0x2 + (-0x1) * (v4 ^ v4))) + (-0x1) * 0x1 | (-0x1) * v3 + (-0x1) * 0x1))	v3 + 0x3 * v4 + (-0x1) * (0x2 * v4 & v3 + v4) + (v3 & (-0x1) + (-0x3) * v4 + (-0x1) * v3 + (0x2 * v4 & v3 + v4))	0x2 * v3 + 0x3 * v4 + (-0x1) * (v3 & 0x2 * v4) + (-0x1) * (v3 & v3 + v4) + (-0x1) * (0x2 * v4 & v3 + v4) + (v3 & 0x2 * v4 & v3 + v4)	0x2 * v3 + 0x3 * v4 + (-0x1) * (v3 & 0x2 * v4) + (-0x1) * (v3 & v3 + v4) + (-0x1) * (0x2 * v4 & v3 + v4) + (v3 & 0x2 * v4 & v3 + v4)	0x2 * v3 + 0x3 * v4 + (-0x1) * (v3 & 0x2 * v4) + (-0x1) * (v3 & v3 + v4) + (-0x1) * (0x2 * v4 & v3 + v4) + (v3 & 0x2 * v4 & v3 + v4)
qsynth_ea.csv	423	p11b	p11b	required_p11b_qsynth_ea_csv_423	diagnostic_p11b_qsynth_ea_csv_423	113	25	25	9	9	7c1191898caa3364	d40309c07dc1a936	d40309c07dc1a936	1218f23d6ce9b460	1218f23d6ce9b460	c90b6120753b5a53	832a12168a73cd35	((v0 + (((((v2 + ((v0 | v0) * 0x2 + (-0x1) * (v0 ^ v0))) + 0x1) + ((-0x1) * v2 + (-0x1) * 0x1 | (-0x1) * ((v0 | v0) * 0x2 + (-0x1) * (v0 ^ v0)) + (-0x1) * 0x1)) + (-0x1) * ~ ((v2 + (-0x1) * ~ v0) + (-0x1) * 0x1)) + (-0x1) * 0x1)) + 0x1) + ((-0x1) * v0 + (-0x1) * 0x1 | (-0x1) * (((((v2 + ((v0 | v0) * 0x2 + (-0x1) * (v0 ^ v0))) + 0x1) + ((-0x1) * v2 + (-0x1) * 0x1 | (-0x1) * ((v0 | v0) * 0x2 + (-0x1) * (v0 ^ v0)) + (-0x1) * 0x1)) + (-0x1) * ~ ((v2 + (-0x1) * ~ v0) + (-0x1) * 0x1)) + (-0x1) * 0x1) + (-0x1) * 0x1)	v2 + 0x3 * v0 + (v0 & (-0x1) + (-0x3) * v0 + (-0x1) * v2 + (-0x1) * (v2 & (-0x1) + (-0x2) * v0)) + (v2 & (-0x1) + (-0x2) * v0)	v2 + 0x3 * v0 + (v0 & (-0x1) + (-0x3) * v0 + (-0x1) * v2 + (-0x1) * (v2 & (-0x1) + (-0x2) * v0)) + (v2 & (-0x1) + (-0x2) * v0)	v0 | v2 + v0 + (v2 | 0x2 * v0)	v0 | v2 + v0 + (v2 | 0x2 * v0)
qsynth_ea.csv	481	p11a	p11a	required_p11a_qsynth_ea_csv_481	diagnostic_p11a_qsynth_ea_csv_481	348	94	94	41	41	0e2c11e9122cc53e	9393cfd80e20fecf	9393cfd80e20fecf	079f23db709eae50	079f23db709eae50	20cf6b8a809aa285	435a938996e6a8b6	(~ ((((((v0 & v2) * (v0 | v2) + (v0 & ~ v2) * (~ v0 & v2) & ~ v0) + v0) + ((v0 ^ ~ (((~ v1 | v0) + (-0x1) * ~ v1) + (-0x1) * 0x1)) + (-0x1) * ((~ v0 & ~ (((~ v1 | v0) + (-0x1) * ~ v1) + (-0x1) * 0x1)) + (~ v0 & ~ (((~ v1 | v0) + (-0x1) * ~ v1) + (-0x1) * 0x1))))) + 0x1) + ((-0x1) * (((v0 & v2) * (v0 | v2) + (v0 & ~ v2) * (~ v0 & v2) & ~ v0) + v0) + (-0x1) * 0x1 | (-0x1) * ((v0 ^ ~ (((~ v1 | v0) + (-0x1) * ~ v1) + (-0x1) * 0x1)) + (-0x1) * ((~ v0 & ~ (((~ v1 | v0) + (-0x1) * ~ v1) + (-0x1) * 0x1)) + (~ v0 & ~ (((~ v1 | v0) + (-0x1) * ~ v1) + (-0x1) * 0x1)))) + (-0x1) * 0x1)) + 0x1 | (~ (v1 + (-0x1) * 0x1) & ~ v1) + (-0x1) * (~ (~ (v1 + (-0x1) * 0x1)) & v1)) + (-0x1) * (~ ((((((v0 & v2) * (v0 | v2) + (v0 & ~ v2) * (~ v0 & v2) & ~ v0) + v0) + ((v0 ^ ~ (((~ v1 | v0) + (-0x1) * ~ v1) + (-0x1) * 0x1)) + (-0x1) * ((~ v0 & ~ (((~ v1 | v0) + (-0x1) * ~ v1) + (-0x1) * 0x1)) + (~ v0 & ~ (((~ v1 | v0) + (-0x1) * ~ v1) + (-0x1) * 0x1))))) + 0x1) + ((-0x1) * (((v0 & v2) * (v0 | v2) + (v0 & ~ v2) * (~ v0 & v2) & ~ v0) + v0) + (-0x1) * 0x1 | (-0x1) * ((v0 ^ ~ (((~ v1 | v0) + (-0x1) * ~ v1) + (-0x1) * 0x1)) + (-0x1) * ((~ v0 & ~ (((~ v1 | v0) + (-0x1) * ~ v1) + (-0x1) * 0x1)) + (~ v0 & ~ (((~ v1 | v0) + (-0x1) * ~ v1) + (-0x1) * 0x1)))) + (-0x1) * 0x1)) + 0x1 & (~ (v1 + (-0x1) * 0x1) & ~ v1) + (-0x1) * (~ (~ (v1 + (-0x1) * 0x1)) & v1))	(-0x2) * v1 + (-0x2) * ((-0x2) * v1 & (-0x1) * v0 + (-0x1) * (v0 & v1) + (-0x1) * (v0 & (-0x1) + (-0x1) * v0 + (-0x1) * (v0 & v1)) + (-0x1) * ((-0x1) + (-0x1) * v0 + (-0x1) * (v0 & v1) & v0 * v2) + (v0 & (-0x1) + (-0x1) * v0 + (-0x1) * (v0 & v1) & v0 * v2)) + (-0x1) * v0 + (-0x1) * (v0 & v1) + (-0x1) * (v0 & (-0x1) + (-0x1) * v0 + (-0x1) * (v0 & v1)) + (-0x1) * ((-0x1) + (-0x1) * v0 + (-0x1) * (v0 & v1) & v0 * v2) + (v0 & (-0x1) + (-0x1) * v0 + (-0x1) * (v0 & v1) & v0 * v2)	(-0x2) * v1 + (-0x2) * ((-0x2) * v1 & (-0x1) * v0 + (-0x1) * (v0 & v1) + (-0x1) * (v0 & (-0x1) + (-0x1) * v0 + (-0x1) * (v0 & v1)) + (-0x1) * ((-0x1) + (-0x1) * v0 + (-0x1) * (v0 & v1) & v0 * v2) + (v0 & (-0x1) + (-0x1) * v0 + (-0x1) * (v0 & v1) & v0 * v2)) + (-0x1) * v0 + (-0x1) * (v0 & v1) + (-0x1) * (v0 & (-0x1) + (-0x1) * v0 + (-0x1) * (v0 & v1)) + (-0x1) * ((-0x1) + (-0x1) * v0 + (-0x1) * (v0 & v1) & v0 * v2) + (v0 & (-0x1) + (-0x1) * v0 + (-0x1) * (v0 & v1) & v0 * v2)	(-0x2) * v1 ^ (-0x1) * v0 + (-0x1) * (v0 & v1) + (-0x1) * (v0 & ~ (v0 + (v0 & v1))) + (-0x1) * (v0 * v2 & ~ (v0 + (v0 & v1))) + (v0 & ~ (v0 + (v0 & v1)) & v0 * v2)	(-0x2) * v1 ^ (-0x1) * v0 + (-0x1) * (v0 & v1) + (-0x1) * (v0 & ~ (v0 + (v0 & v1))) + (-0x1) * (v0 * v2 & ~ (v0 + (v0 & v1))) + (v0 & ~ (v0 + (v0 & v1)) & v0 * v2)
qsynth_ea.csv	486	p11a	p11a	required_p11a_qsynth_ea_csv_486	diagnostic_p11a_qsynth_ea_csv_486	244	91	91	19	19	397cd5caf10bdef6	ddd40cad1cc018b7	ddd40cad1cc018b7	ab79f0251e3cf510	ab79f0251e3cf510	75848c70c7cd41df	01acf63ea137a2e6	(~ ((~ v0 | ~ (v2 + (-0x1) * 0x1)) + (-0x1) * ~ v0) + 0x1 | (~ ((((~ v2 | (v0 & ~ v1) + v1) + v2) + 0x1) + (-0x1) * 0x1) & (v1 | v2) + (v1 & v2)) * (~ ((((~ v2 | (v0 & ~ v1) + v1) + v2) + 0x1) + (-0x1) * 0x1) | (v1 | v2) + (v1 & v2)) + (~ ((((~ v2 | (v0 & ~ v1) + v1) + v2) + 0x1) + (-0x1) * 0x1) & ~ ((v1 | v2) + (v1 & v2))) * (~ (~ ((((~ v2 | (v0 & ~ v1) + v1) + v2) + 0x1) + (-0x1) * 0x1)) & (v1 | v2) + (v1 & v2))) + (-0x1) * (~ ((~ v0 | ~ (v2 + (-0x1) * 0x1)) + (-0x1) * ~ v0) + 0x1 & (~ ((((~ v2 | (v0 & ~ v1) + v1) + v2) + 0x1) + (-0x1) * 0x1) & (v1 | v2) + (v1 & v2)) * (~ ((((~ v2 | (v0 & ~ v1) + v1) + v2) + 0x1) + (-0x1) * 0x1) | (v1 | v2) + (v1 & v2)) + (~ ((((~ v2 | (v0 & ~ v1) + v1) + v2) + 0x1) + (-0x1) * 0x1) & ~ ((v1 | v2) + (v1 & v2))) * (~ (~ ((((~ v2 | (v0 & ~ v1) + v1) + v2) + 0x1) + (-0x1) * 0x1)) & (v1 | v2) + (v1 & v2)))	(-0x2) * ((-0x1) * v0 + (v0 & v2 + (-0x1)) & (-0x1) * (v1 * (v0 & v2)) + (-0x1) * (v1 * (v1 & v2)) + (-0x1) * (v2 * (v0 & v2)) + (-0x1) * (v2 * (v1 & v2)) + v1 * (v0 & v1 & v2) + v2 * (v0 & v1 & v2)) + (-0x1) * v0 + (-0x1) * (v1 * (v0 & v2)) + (-0x1) * (v1 * (v1 & v2)) + (-0x1) * (v2 * (v0 & v2)) + (-0x1) * (v2 * (v1 & v2)) + (v0 & v2 + (-0x1)) + v1 * (v0 & v1 & v2) + v2 * (v0 & v1 & v2)	(-0x2) * ((-0x1) * v0 + (v0 & v2 + (-0x1)) & (-0x1) * (v1 * (v0 & v2)) + (-0x1) * (v1 * (v1 & v2)) + (-0x1) * (v2 * (v0 & v2)) + (-0x1) * (v2 * (v1 & v2)) + v1 * (v0 & v1 & v2) + v2 * (v0 & v1 & v2)) + (-0x1) * v0 + (-0x1) * (v1 * (v0 & v2)) + (-0x1) * (v1 * (v1 & v2)) + (-0x1) * (v2 * (v0 & v2)) + (-0x1) * (v2 * (v1 & v2)) + (v0 & v2 + (-0x1)) + v1 * (v0 & v1 & v2) + v2 * (v0 & v1 & v2)	(-0x1) * v0 + (v0 & v2 + (-0x1)) ^ (v1 + v2) * ((-0x1) * (v2 & (v1 | v0)))	(-0x1) * v0 + (v0 & v2 + (-0x1)) ^ (v1 + v2) * ((-0x1) * (v2 & (v1 | v0)))
